-1.681743956179506672e-01,1.583187845375786384e-01,-8.932818650650170555e-02,-8.262417973728648779e-02,4.700418230680500353e-01,6.208002887886489018e-01,4.621925180797069599e-01,2.760819503144770759e-01,4.883588440790486707e-01,-8.077364545931813022e-02,6.945485719944035630e-01,-2.878187819562875727e-01,7.927240654177940549e-01,3.792547777156373701e-01,1.083989866136017138e-01,5.999453378297880946e-01,1.727449356650008483e-02,1.293089772004601401e-01,9.438884453710204570e-01,4.293173077485309963e-01,2.034985392704133089e-01,-5.409787997621197109e-01,6.555792511332059203e-02,1.391724424162246732e-01,4.473592389648057069e-03,2.767126667864288070e-01,7.787254876249757318e-01,4.185234373255674600e-01,4.819643633924775017e-01,-3.598917884188334027e-01,6.439883625275453216e-01,-4.953303275511600212e-01,1.770297781605295259e-02,6.749390318051454729e-01,5.527343023878659167e-01,1.327815686547428597e-01,2.408129190473325409e-01,7.334671776284454880e-01,-8.868057792945488460e-02,9.589898363603518994e-02,5.356666980184092708e-01,5.546047192433685435e-02,-7.482474965298141489e-02,-7.006008059798111975e-02,7.252355768560877491e-01,2.308694614517067534e-01,-6.554528204286763637e-01,5.867576516521584296e-01,-6.468401720746880246e-02,-8.534328245368989485e-01,-2.551113814818843917e-01,-5.604087200847975708e-02,-2.099689383559119049e-01,-4.425593626457396401e-01,4.042927589297846125e-01,6.819286095555884275e-01,-6.545139401149863145e-01,7.125966792286564377e-01,5.456206481146784748e-01,3.671233591813990449e-01,-1.830481429403348070e-01,-7.661858338852239880e-01,4.963243726647471044e-01,7.259690001943509552e-01,-5.508321809002633129e-01,-5.918413233661157236e-01,9.905119353900597445e-02,7.961319154026520462e-01,1.932112706267943292e-01,3.072121472171794876e-01,-2.880678078864869485e-01,8.666344488901377430e-01,5.932184967850253621e-01,3.050190931147505058e-01,5.693405680789194179e-01,-2.140561472739493376e-01,1.250513357257763691e-01,-4.110491699991175585e-01,9.003035232149643463e-02,-4.456955210209519458e-01,6.707151783313187732e-01,-8.935614152788078079e-02,2.786172838706111321e-01,5.747294879735852513e-01,5.840946331409296866e-01,-2.613161807114088298e-01,6.306698150602781938e-01,-1.350319762773382615e-01,5.510705944149804081e-01,4.631060318491143218e-02,6.174985667705235048e-01,8.383929160810100756e-01,-3.100155441016551050e-01,1.437814805066106871e-01,1.992673943505318679e-01,-7.555578399735222161e-01,6.011319518714808297e-01,8.320254719552580003e-01,6.775185780672163816e-01,4.043047135837042338e-01,6.015884000202541548e-01,5.138375405385240402e-01,-1.301596320296181421e-02,-3.563827334976937128e-02,4.285789545214383489e-01,2.095167001031288390e-01,-2.414192495765294377e-01,2.438521300094188549e-01,5.047097489930157249e-02,-2.188561716895306153e-01,8.695593317760039742e-01,8.381597362958717046e-01,-9.468031990470356096e-02,2.926629998477337513e-01,8.068950687935363408e-01,2.414616286652453148e-01,5.593675387056451509e-01,5.737372436428220951e-02,7.835928285826285755e-01,6.200557763258600641e-01,4.053658898533810673e-01,5.792336807221549755e-01,2.529724839908488732e-01,7.108872575833750096e-01,6.880692980873633902e-01,8.094517870616197985e-01,6.933660966749687349e-01,1.952713055915128726e-01,-1.393940062305425442e-01,3.168242891031550768e-01,6.749470123226479490e-02
-4.847431613090369407e-01,3.824335363219184547e-01,-5.000683861057107250e-03,-3.888184554247746394e-02,3.902793759338032409e-01,3.518871382642036472e-01,1.719902373899524078e-02,-1.425133522086796389e-01,5.023772243235706814e-01,4.285896340233489449e-02,7.640403521636152107e-01,5.726924974459279838e-01,4.272044724856045861e-02,2.267165270083581763e-01,2.436259108096505976e-01,1.694356858246773845e-01,1.107864594798292808e-02,6.724543354380770888e-01,7.718308548512086142e-01,4.777744617437145180e-01,4.962309329741284025e-01,3.078797700271145854e-01,1.802046593039266509e-01,1.938452581157009691e-01,6.504992973098380760e-02,1.000000000000000000e+00,4.181745271399159303e-01,1.888927032417752061e-01,2.659059538483166119e-01,8.156027533626476478e-01,-4.029792930567155373e-02,-1.429360738650246321e-01,7.675436655109334483e-01,8.388466552162926471e-01,2.480947620806474019e-01,4.205365139406636033e-01,7.458700415350622004e-01,6.691381863438980448e-02,-2.374257766372011580e-01,5.929310399084923855e-01,2.309021063168643639e-01,2.757741710824405112e-01,6.899746859541909805e-01,-4.393799430455733179e-01,5.553490974376489309e-01,6.326098491689874370e-01,-1.641105066241283217e-01,1.510164357080166775e-01,-1.744404980143648698e-01,-7.612654538842962282e-01,6.079648277310772952e-01,3.086624513951162774e-01,-3.543986438946843398e-01,3.614704607452952079e-01,7.026574369152834842e-01,7.475828049180871515e-01,-6.482008991270562515e-01,7.390658156156108827e-02,4.119820474045168268e-01,6.327801267276583763e-01,-2.236119647694902179e-01,4.222213524988642219e-01,6.688442918519410529e-01,4.500777122694374355e-01,-1.624252090909076296e-01,1.413610391769961339e-01,3.100743230150034002e-02,7.315892608188355739e-01,6.875630878087103381e-01,2.081343917350127193e-01,1.577849962158198519e-02,2.667097745333741471e-02,4.890713241236019360e-02,4.502337023313232045e-01,-4.607057960123045644e-03,-3.274315159780383788e-01,7.421296158978359925e-01,-5.508096628948851992e-01,8.985763524917337319e-01,-1.406138756834789671e-01,1.215727110019227120e-01,8.407496712703851349e-01,3.242614610414569776e-01,-4.023361891452684885e-02,6.893179749162696712e-01,-3.427336297260230036e-01,1.892478361259355424e-01,6.184429961408460796e-01,2.929094104988061095e-02,-1.691333358398532105e-02,4.780899461111818294e-01,7.384101890873114860e-01,6.038387871147834485e-01,2.933261095690123388e-01,7.780493605247981170e-01,7.788996015500210257e-01,5.963389348794096989e-01,-2.292830717636402393e-01,-1.279139975006753360e-01,3.605840583943034083e-01,7.398300942530607882e-01,-6.073645275293294565e-01,-1.651139789944963132e-01,5.731828985173047508e-01,4.387768836303946318e-01,7.869203356666067961e-01,-5.816895316782910719e-01,6.095308303803694816e-01,6.595241930200381741e-01,7.490218924813274448e-01,8.774429489168887875e-01,-4.675977136918834098e-01,-2.029957439641702222e-01,1.120979518489754745e-01,8.589995398393840409e-01,1.948378356925282995e-02,2.973085610601682860e-01,7.670450699033958264e-01,3.277187149162115176e-01,-4.025324078538619621e-01,3.271104982802676420e-02,7.772703511062378778e-01,-1.029317212323959535e-02,-1.488358793720080953e-01,6.859084044563922289e-01,8.102016759812149527e-01,7.105119057962481222e-01,9.885232294487120153e-02,2.447008360457077550e-02,8.066406474617240363e-01,9.962474702669483761e-01
-3.066182004314447762e-01,3.468696612681809177e-01,-2.050757970787092654e-01,-2.822862715628453589e-01,6.414446151124759687e-01,3.831755852858019784e-01,-2.512993354799269996e-01,-3.292347724095784356e-01,6.586461572003673437e-01,1.272073576171186826e-01,6.515514564116962060e-01,7.288659947325093480e-01,-7.968424426495136770e-02,2.487139860503191080e-01,5.943342259721737242e-02,-4.634159879310253277e-02,-1.152049561608301798e-01,5.974773077719640613e-01,6.109679843762579887e-01,2.381181326952681865e-01,3.176246641723808883e-01,4.503426567903556221e-01,-7.068231842173785529e-01,3.543416771111417285e-01,-1.178284652325919668e-01,4.802100205449000292e-01,6.058950867157527620e-01,-1.295072954649416352e-01,3.971418040751125700e-01,5.721987165693852573e-01,-1.306333303868508627e-02,-5.123533010204922578e-01,2.066525991663393513e-01,6.640784907981449603e-01,1.328272116906513423e-01,2.510020040958765297e-01,3.256975085114786617e-01,1.939797274945000705e-01,-3.388858862250480886e-02,6.295764932154903626e-01,4.810635256573972396e-01,2.079164166926646129e-01,5.356547835230075494e-01,-1.239672938526152068e-01,7.805135663670600410e-01,6.917238539249344065e-01,-1.416431857786791017e-02,1.434914666054351862e-01,1.266237385898752732e-01,-3.604921429735934435e-01,8.146317177449502456e-01,-2.794063817636202596e-02,4.548673733208329073e-02,2.818641680032208385e-01,7.004229360179867747e-01,5.096574991914201158e-01,-5.484847109002947141e-01,1.274148510699846804e-01,2.926534217082604750e-01,6.776389665330900813e-01,-3.235270360654840527e-01,4.771857204256105267e-01,8.050528866754433910e-01,4.702232843936811624e-01,5.517793710781147831e-02,1.364319636380602885e-01,-4.060278974944465935e-02,6.287624284637308714e-01,6.312551581867088535e-01,2.872622175293814209e-02,4.610442985667398963e-01,-8.253171858890734347e-02,-1.607887504639569365e-01,4.238765466796439729e-01,3.144108186870219618e-02,-1.884897497941071531e-01,8.296454921218269218e-01,-2.025916619819991271e-01,2.481602320812181239e-01,-5.820923813511164058e-02,2.848287474515915352e-01,3.999367272140217922e-01,2.016223127443483032e-01,-6.118013533685147110e-01,7.794141406392258720e-01,-2.761457093822196063e-01,-2.565667850759448254e-01,8.527140813949384279e-01,-2.007429451169727708e-01,-1.992258672639660722e-01,7.212142747572775070e-01,5.734196121175056948e-01,8.876996797291063501e-01,7.550170380063218056e-01,8.271658937698803671e-01,3.206020984520999151e-01,8.281196730152189378e-01,-4.063115434536314075e-01,-3.594859874354823237e-01,-7.637288682231688219e-02,9.132590507358198106e-01,-3.447296736147483220e-01,-8.864940460626753727e-02,8.462115257051937567e-01,9.580985455494543945e-01,8.504532712596211130e-01,-5.018523428717185375e-01,5.759000644956061565e-01,6.653306008351814738e-01,4.577327684548728182e-01,8.144547014604486268e-01,-3.654309962185259275e-02,3.635713793299043262e-02,-2.562963018099124746e-01,6.662147753110801984e-01,-2.056494194515582630e-01,6.056808647624164488e-01,6.452589105878363540e-01,8.922529808131764995e-01,9.019707881949702577e-02,-2.938087614824605454e-01,4.624730299848165416e-01,2.050319968885521218e-02,-3.645761276977794729e-01,6.710374636008160643e-01,7.199373381968575680e-01,7.155221699231527621e-01,3.654496194041818580e-01,-1.797332187885993249e-01,7.456342578001202703e-01,9.037814823535063047e-01
-2.152129218907776198e-01,3.221360973357512147e-01,9.749739023194925469e-01,6.972472231921628127e-01,1.184454638463718068e-01,7.171707536210146783e-01,-1.599114516645647466e-01,1.994356506399095064e-01,3.949236743739030220e-01,5.765856935684741114e-01,1.092864660566765234e-01,-1.876622158848716138e-01,-1.275986852052830682e-02,3.624093384068365897e-01,8.495448773843534696e-01,7.264218412171756789e-01,8.346145089464624967e-01,-9.268901223678617518e-02,6.202863887696187239e-01,4.015095975964062536e-01,2.514940853727341552e-01,5.731111382608483629e-02,4.794986978556691759e-01,1.419758031596812520e-01,3.490485807365421578e-01,3.142572311758365933e-01,7.541071070016527322e-01,1.910367375190872852e-01,5.076104697050972669e-01,5.960849628492378427e-01,3.426167444283869656e-01,-6.890274100171231986e-01,5.167368342388505287e-01,6.972162668759347426e-01,1.426150252108994709e-01,7.594465148426997325e-02,6.441551200005697364e-01,1.883873849743286366e-01,-1.789399543579583696e-01,8.200072441249513233e-02,1.636630277044235915e-01,1.672823472940302980e-01,-2.557238739104708003e-01,-3.342895767088913811e-02,7.899833148660867499e-01,2.090524705220371260e-01,-3.956355967486447911e-01,5.859882463790588858e-01,6.751319393074366459e-01,5.014162888636860549e-01,1.258689117357616322e-02,3.780492103054919895e-01,-2.516895513915946153e-02,2.309494071597705256e-01,8.561322302189540157e-01,6.257835370948286458e-02,-3.036523971757927320e-01,7.009799805058786193e-02,6.605150591582171771e-01,9.969600749963447583e-02,-1.336609485976138489e-01,2.103045365401543243e-01,7.063660837867734299e-02,7.209654029547902798e-01,-5.447664401207769069e-01,-2.544872243533037870e-01,8.072906787053725219e-01,3.458375560777905977e-01,-5.653477137009838699e-02,5.041637726317370616e-01,5.157373090031912577e-01,5.643008263655600182e-02,5.117192150629384928e-01,6.027282705744808622e-01,7.229149964732345390e-01,5.958884340160523069e-02,2.790735748395581362e-01,5.354301795856754032e-01,-2.697032256096372205e-01,-6.715927495135696201e-01,8.420526690318129726e-01,-3.811819444794972145e-01,1.449744307357377360e-01,3.596375369416489609e-01,3.713399290095431016e-01,4.893086919663191571e-03,8.191618587533352480e-01,1.324078538468981825e-01,-3.010414886073106144e-01,-3.072919000209127782e-01,6.927436128272486116e-01,6.746842357052994510e-01,9.476569697860726116e-01,1.489703386691950127e-01,7.000714571118598073e-01,-5.441055386461757237e-01,1.658804468230648532e-01,6.522358032619872681e-01,4.571632465792137001e-01,8.393544976266221758e-01,2.081134790794608169e-01,3.009724187558532882e-01,-2.775611548823485597e-01,8.842071374430983122e-01,7.566697513873292813e-01,4.103126951925902266e-01,-2.772001466446605833e-01,7.192149681500508152e-01,5.871733876010762909e-01,7.609746941599476733e-01,3.956204228037942250e-01,1.371022795607047817e-01,-1.265422575853496490e-01,4.570315246902553197e-01,7.716213355025336451e-01,2.921954365596711733e-01,4.868550801775381465e-01,6.783314328839047391e-01,6.445062819463904802e-01,7.535549011991803381e-01,-8.424597906361801225e-02,7.121606396496863445e-01,6.530162861646285899e-01,-1.912816298572222323e-02,5.725165738083017875e-01,4.529668233521464554e-02,6.059848991133544027e-01,2.090737303235745137e-01,1.181371772447835922e-01,-4.982561976594314032e-03,3.065597533490943549e-01
-4.388728817293259254e-01,9.827780628107367633e-01,-2.923631310460351740e-01,7.269516295602446165e-01,3.697217439011166173e-01,5.566793150686367708e-01,-8.360542505776565048e-02,5.324650946182004629e-01,3.540498440961306614e-01,2.001017986369969526e-01,1.573044721870010820e-01,-2.128333981436145717e-01,-1.004943934205133199e-01,4.903446713106168198e-01,3.000681922297038784e-01,7.151630804825978016e-01,5.681398092698045632e-01,7.138885999157893458e-01,7.679137405763158952e-01,-1.080018429702661875e-01,3.043760800031529157e-01,-7.382507530364829096e-02,-2.277913241919501397e-01,8.876969376037534554e-01,6.957062234198291284e-01,-5.527071444582331433e-02,5.771589687037749217e-01,3.575590415682715628e-01,8.553788534411042033e-01,9.777753195363275696e-01,2.682369823858959390e-01,-4.085580269272834353e-01,-1.624488922086482767e-01,5.436461272359567332e-01,-6.253263598733423134e-02,4.558896018249795901e-02,8.054203545767271155e-01,1.260435242161838387e-01,-3.137838838671606068e-01,-1.058658917887935064e-01,1.000000000000000000e+00,3.867139507853606384e-01,-5.488756231278530545e-02,-2.407312232348297609e-01,5.729733367938536492e-01,4.259239574509585124e-01,-2.585686049049254823e-02,3.112266247069394587e-01,-9.020561879050956189e-02,3.690744435030586801e-01,2.395841185866731948e-01,-4.673588404691975118e-01,-1.726775793068099918e-01,-5.968185971332564677e-01,9.067612717434759828e-01,-2.197121106623677878e-01,-8.405351619822479803e-01,8.690561905311768864e-01,5.366512416364760396e-01,2.008614816374296730e-01,6.546876348375499366e-02,-7.246034192197653434e-01,2.361363082096591681e-01,5.251043813919824554e-01,7.400046819578204316e-01,-1.488653872052864702e-01,5.093995590259374484e-02,3.877487941211887890e-01,2.497984992495226250e-02,1.077579789600625337e-01,-2.752417178348633975e-01,4.321169896500955121e-02,-1.935002936548951558e-01,5.359003586030393063e-01,4.997747359080756957e-01,4.490971608613117394e-01,3.355909257469172347e-01,5.113769426433198984e-01,2.433148281402929269e-01,8.269539045914704734e-02,1.810749394248936384e-01,4.073578332114469180e-01,3.571744662241868040e-01,-3.382648725611692719e-01,3.732528381677848728e-01,1.114127070758943322e-01,1.806341295078406628e-01,4.711983274478078743e-01,6.060320816124175475e-02,-4.899106810329892370e-01,3.346781222772917674e-01,9.246659232377806292e-01,4.889002305697952022e-01,1.053327984561480413e-01,9.575266018437343651e-02,-3.533166780631680215e-01,5.126191268173049126e-02,4.922193874877226483e-01,-2.700135447406130651e-01,2.340615011551123448e-01,-1.851895740744931573e-01,4.225346983440366744e-01,-3.690728900565237725e-01,-1.042554042616324478e-01,-1.464831323616937464e-01,3.364702389667286186e-01,2.258211710632972158e-01,4.056046282536335812e-01,-5.440805326337529169e-02,-1.099374743526144588e-01,6.761151017363014049e-01,-5.891850892628377467e-01,5.739796544409616619e-01,6.236745208873903934e-01,9.019691189967101730e-01,-4.610596972705586216e-01,5.049085927791344686e-01,1.757055474286697283e-01,5.836798066579405031e-01,3.384673508376794815e-01,5.352683970985304684e-01,3.353286708799580601e-02,1.739894669219427259e-01,3.364724324883515139e-01,-1.526993618505286671e-02,2.094700211411144042e-01,7.638971037996229452e-01,-5.298075010424417586e-02,7.141698998839300927e-01,4.593697984578605231e-01,1.000000000000000000e+00
-2.941377375773750469e-01,2.931432281442204468e-01,-2.870127519985032349e-01,6.477896973442899275e-01,1.278260427707247071e-01,9.834372808000992894e-01,5.178325898596110033e-01,-1.063725143439744614e-01,7.843648134918959069e-01,1.894315608518045702e-01,2.135530703961392440e-01,8.149970827784321914e-01,8.589540367286939704e-01,7.140314729238173008e-01,9.095250127015092056e-01,-1.189913668921191159e-01,8.229396396624851784e-01,3.552853929232211438e-01,6.880703753163186498e-01,-3.936227763913148769e-01,7.814845223339068545e-03,1.544859745950884211e-01,-3.350495347760894249e-02,5.210362795761955823e-01,-2.845354416540988099e-02,-4.355061976225891862e-01,6.155192889210128193e-01,1.742058465697267633e-01,6.982497418438564640e-01,7.188322558432576059e-01,-1.868026561356198739e-02,1.892941371673385054e-01,-1.233493329400641575e-01,7.444450492685497078e-01,5.659158010129989869e-01,2.054775202950767654e-01,7.723443834626746440e-01,8.316489396937133405e-01,6.762048861278893153e-01,-1.972927587313186987e-03,4.518058319553792113e-01,6.359027751297178233e-01,1.175166214518952312e-01,4.046869415831487113e-03,7.385140548600249710e-01,5.951089761740867567e-01,-4.261719969404277331e-01,4.474194062721915111e-01,5.000061644700392050e-01,2.217212956960462056e-01,-4.756256686444965687e-01,1.449486408283071071e-01,6.361189028471483375e-01,-4.181957923466855798e-01,4.960394416900550940e-01,-2.847590287167481304e-01,-3.164740072930857240e-01,7.496648552100024787e-01,2.541272197556018186e-01,5.689863708136858600e-01,6.024527051330598459e-02,-3.236102010404242613e-01,2.922701882877881685e-01,6.946992107624494484e-01,2.203783255978409850e-01,-1.060752708131987854e-01,6.029442852696565991e-01,5.558726566661764679e-01,3.102089836964978461e-02,2.303201096401669701e-01,7.970541279802897394e-01,9.565166585422429923e-01,6.398286350087798446e-01,7.628969935781088063e-01,5.760157050366861986e-01,-1.321883543410652950e-01,6.522507811046535098e-01,-4.020189697596716072e-01,-1.388284354588218139e-01,-3.842721324807229499e-01,5.933337056078164667e-02,-1.665040459825525010e-01,3.206506565592238123e-01,3.049233246762638183e-01,7.581724826665847683e-01,1.050725645839828415e-01,1.775634268306401364e-01,-4.843863226118736570e-02,4.697602567048176914e-01,-5.538972459627720113e-01,2.654403578778993800e-01,9.687257214136085759e-01,-1.291890902093777160e-01,2.060353513698863770e-01,2.173550376788361826e-01,2.809936911092942857e-01,6.954545037048831535e-01,7.318067366469891422e-01,-1.742800439566487836e-01,2.140985937012441220e-01,7.357811371303594195e-01,-4.981126696452064379e-02,-5.223448692481283406e-02,6.245151340781881499e-01,6.269279562256691030e-01,2.925366294040789295e-01,-4.475560922123482666e-01,2.356367499234811591e-01,6.900129024558346869e-01,4.503099958390586188e-01,8.564359966368688404e-02,-8.905673738437897002e-02,-4.254505771760860519e-03,-2.060974546190034173e-01,6.781941246383967892e-01,4.930298712613207512e-01,2.008532952087506707e-01,7.200407124900755074e-01,6.676017396446325414e-01,1.466486156648656169e-01,3.353495241788481684e-01,4.156156455646818904e-01,5.600980157675083948e-01,2.208246175286565083e-01,7.324626624769968730e-01,3.233315023352230089e-01,8.358607953670007529e-01,2.327851957252846382e-01,3.160249901245664739e-01,2.792005627172740034e-01,6.851548454799692989e-01
4.723695307696656465e-01,3.577592264535047750e-01,1.075348693568576736e-01,6.550075524140337446e-01,-3.477094089488879103e-01,7.916756899695347460e-01,5.832824569959436101e-01,-6.171872314088181488e-01,8.069390329656345173e-01,8.222829080751735686e-01,2.263655736817764275e-02,-2.714424047194738954e-01,8.557521552859636005e-01,4.392643881076355172e-01,1.732623717206271119e-01,6.950132334709627768e-01,1.000000000000000000e+00,3.942485353133465265e-02,6.567687096928946644e-02,-1.158418486638660289e-01,5.551348848789325885e-01,3.247691479701834694e-01,-3.772078596692613472e-01,3.544021590276458245e-01,6.990180166810378015e-01,-6.740627342259597476e-01,5.585561198739052990e-01,9.731328179660789779e-01,8.827337207492276239e-01,5.412843026426260584e-01,9.446447951937506082e-02,-1.622648519420941682e-01,1.496694006428963275e-01,4.172590535778482601e-01,-6.604084964041764816e-02,8.895302961229416550e-01,7.126627648536604243e-01,6.250663116755005300e-01,7.732992296275543742e-01,1.018065173194121625e-01,-1.067495260431717274e-01,2.738428967770032973e-01,7.555272021308190311e-01,4.753792875542977581e-01,6.701010110677224629e-01,-3.241316006870766930e-01,-6.676371834918298775e-01,5.736185873993244755e-01,5.893424512994202003e-01,4.614491225751589376e-02,1.367923573262307124e-01,5.720355210829143333e-01,7.912757502002869536e-01,2.584767550263819547e-01,2.491770451282987464e-01,6.562549328484185152e-01,-8.046158974340681391e-01,7.209072043775017757e-01,5.146146619221751983e-01,2.810102884357684183e-01,7.461689522967225319e-01,-7.069906867344234458e-01,1.418510463546799327e-01,3.202753865545724388e-01,-1.670259366565967629e-01,1.409953239510055786e-02,-9.030424785015095379e-02,-2.054518078295662631e-01,-7.540008914602197576e-02,2.844916492832525595e-02,-6.134713677141006016e-01,8.865558224225343897e-01,5.925510207479894875e-01,3.407134553454904125e-01,3.939810747326526474e-01,5.638037665806224646e-03,2.760765783126546413e-01,1.655629588439902211e-01,8.224676994181174816e-01,-2.811893348401201531e-01,-5.506454959822137951e-02,4.726620609918217308e-01,3.490037267770051410e-01,5.647604068707757774e-01,6.459323123167539649e-01,2.781980820413285649e-01,6.739279952258293571e-01,5.144645081748069337e-01,-1.468099442348788641e-01,-5.537932659080809783e-01,-9.677081779959732788e-02,4.579308653370707249e-01,6.051229575047204490e-01,9.402900315878573792e-03,-2.709279212913603616e-02,-2.073596308427003987e-01,3.753444337930143815e-02,8.226356120765486724e-01,-2.662885240940253695e-01,9.885914968572955264e-01,-1.767940874466418788e-01,-4.793939192193961696e-01,-9.832318647677425194e-02,8.846430153640830740e-01,-3.958167591916288974e-01,6.858655437092209262e-01,-2.862561852115667049e-01,2.709744197681226430e-01,5.382136761408611303e-01,2.634309334013793524e-01,3.066865625826845632e-01,-3.382275198772115212e-03,-9.925930378647443431e-02,1.854528363735595195e-02,5.102065471232862803e-01,-2.864108958985553954e-01,1.225197050762613510e-01,8.036116776449881982e-01,-3.949231726731831094e-01,5.398258241252887890e-01,5.118175480263604804e-01,6.248495649031866606e-01,1.987209858042154331e-01,-2.900307451877478723e-02,7.066523687962789069e-01,9.351393145121129624e-01,8.340109259434431710e-01,5.030872424467452281e-02,-4.560421392037890959e-02,4.034473114050654563e-01,1.752407364974248039e-01
-9.096595813695339261e-02,3.905902789736911407e-01,8.565051164591481747e-01,7.368302477213487522e-01,5.762417238723415575e-02,2.833785419532496297e-01,-2.995032371707076480e-01,3.497104261322551699e-01,5.841194147596660002e-01,8.679031131458403436e-01,2.327173564836992337e-01,-2.732826480209608055e-01,1.417042438493169298e-01,3.301850901879662681e-01,7.424141304850772061e-01,3.915112945302923197e-01,7.410988709361506777e-01,4.553465093162403082e-02,7.968965875939328924e-01,4.677970261384741257e-01,6.119601485125407414e-02,-1.111536047781636893e-01,1.703988384463325234e-01,4.674195800873929829e-01,-5.458522843849596823e-02,7.497823931262718178e-01,6.031729692872310755e-01,3.820773156193237319e-01,3.263274391621180381e-01,5.499891057390247084e-01,-2.235921175427644722e-03,-1.849595765473823206e-01,6.932073670282323796e-01,5.049691139720106081e-01,2.264871167524124540e-01,8.198010807925121268e-02,5.688615928922479137e-01,1.085391835186619441e-01,-6.649570137518318047e-02,3.485314748992866807e-02,2.836055943199641133e-02,-5.082345294653006773e-02,-1.874268975731493425e-01,2.577316962397184844e-02,6.983523252662676706e-01,1.575821533230595817e-01,1.039050390824615699e-01,3.423798825806632085e-01,6.633762718902765920e-01,6.551792462422677543e-01,-3.970152155216786216e-01,2.948080360154164414e-01,-2.828841240940338161e-02,4.716769715905930194e-01,6.667989334240561616e-01,-2.067690792330801886e-01,-2.993895236802548987e-01,3.293377422328944704e-01,7.162148036380699967e-01,9.592416535193865057e-02,5.593205628041548333e-02,2.883521784153770806e-01,2.753446779626578800e-01,7.706223147563151521e-01,-6.034752221005349471e-01,-6.174232761093454425e-01,7.248108659277047172e-01,4.952049780750498731e-01,-2.461584811789065130e-02,5.511601641365823090e-01,4.326391774345819119e-01,1.616066459265810273e-01,3.502474300175551503e-01,6.708244544352762739e-01,5.522968781344758105e-01,9.601638655480125573e-02,1.745211655773974413e-01,7.050427241511260101e-01,1.308513075140778359e-01,-5.857227101706672379e-01,6.667621400776418961e-01,-4.500505887173482378e-02,1.910510715708822194e-01,2.305916465001887072e-01,3.065436278870320996e-01,-1.554171371280200498e-01,5.497058538804235894e-01,-2.053703360585427407e-01,9.655226026650898241e-02,-5.340352486628643369e-01,7.513534354013150507e-01,7.383421446686805334e-01,6.235925744899922796e-01,3.317315690991832211e-01,7.192850133219331754e-01,-4.668114570033096711e-02,1.268700824749086631e-01,2.674413464797094075e-01,5.147255913910883107e-01,7.208857181736367803e-01,-1.711484244486322082e-01,5.772997628012624949e-01,-5.547379704986307170e-01,6.899156759785798343e-01,7.666569677667003369e-01,1.092464893468069603e-01,-3.833660740170543590e-01,5.915872321675871293e-01,4.834287715618204584e-01,9.262684217411351062e-01,-7.980042264958871201e-02,-5.477449873367514765e-01,-8.437964258054631017e-02,4.366902279072130688e-01,8.563964180208362142e-01,1.106755751671616023e-01,7.000405762955185240e-01,8.015678297800642449e-01,6.849884771423754293e-01,9.617981473040562168e-01,-2.274201259475351622e-01,7.388992860728037515e-01,4.129272643584655511e-01,-1.150948114911251041e-01,9.612740776800905440e-01,1.905763513701015099e-01,8.471628549875446224e-01,-7.092770241362383876e-02,1.887088241490730012e-01,2.510463959391512900e-01,1.970367574517851716e-01
-7.278822082183453168e-02,3.551082385835432897e-01,3.286920619820510314e-01,6.786694681554990005e-01,3.235471664247999146e-01,7.923059529066169837e-01,6.592137373455031479e-02,-5.557234861474298349e-01,8.737479366165140648e-01,1.570211968495394128e-01,6.941677686624326826e-01,7.246642943193291053e-01,-1.776373485366499264e-02,3.741461944619433599e-01,8.504093650316235653e-01,-1.698124785206107379e-01,4.847390706499119656e-02,-1.088473757363250249e-01,7.767853112868283727e-01,-2.925778287328166249e-01,1.851265119071163479e-01,-1.522709674101735966e-01,-1.989897631082727658e-01,6.890352707985814007e-01,-1.150885489742062145e-01,-3.758241137971708445e-01,3.518226104231805818e-01,2.162787164659491501e-01,4.466857296031301328e-01,9.463265367574175135e-01,4.746507448782855687e-01,-8.628256006290693225e-01,3.932356327694118137e-01,8.042607935415556630e-01,-1.731523948564483162e-01,4.843620258107949050e-01,7.610471810565463402e-01,9.389776138146990192e-01,1.000000000000000000e+00,2.182104749828035761e-01,1.021810061762237903e-01,4.411928431467911360e-01,-5.414194391984105126e-01,1.585233973165494914e-01,8.703876469289066886e-01,9.205166151705298505e-01,-3.947417186040180215e-01,7.364715083961868025e-01,4.961137668032339354e-01,5.471017902993560167e-01,-4.985077752494834202e-01,1.839793549598114086e-01,2.272480230897068465e-01,-4.958774634521875835e-01,9.785610421123848157e-01,5.341762060502338594e-01,-7.912922269988854618e-01,6.122738031291721228e-01,5.906020881367213260e-01,3.745713403381506490e-01,1.037014671631908760e-02,9.273258174922155428e-01,7.508174140553750542e-01,6.640189180071793817e-01,2.668825354724326249e-01,-1.088296746346513189e-01,8.820089907329141388e-02,-2.887782774357194882e-01,2.913018336854549667e-02,-3.932243585142650155e-01,-4.216365657445778070e-01,4.956967357880448857e-03,-1.036890263115456262e-01,7.588405462363985166e-01,-1.094395808607153686e-01,7.473321207862078097e-01,9.389349022701115599e-01,-3.116648511492935425e-01,-8.730560377843136211e-01,-6.027065424810766903e-01,-3.159663621731085420e-02,3.482439122531069860e-03,1.945574457917499112e-01,-7.707620370794437958e-01,2.844406149666000028e-01,3.466888030404735033e-01,4.263664561855934343e-01,5.788628489350020612e-01,5.049500181511444863e-01,4.518306571982839692e-01,2.813205653517432125e-01,7.926136712935278883e-01,9.788174831107384621e-01,4.420810781756454033e-01,5.094916033247373077e-01,-7.712670788674373945e-01,8.811720466339834079e-01,3.438513574813150675e-01,-5.399972250979709898e-01,1.398301636339276122e-01,6.280589511861949248e-01,8.317360686904665679e-01,-9.896591731339171583e-01,-2.649643356812356187e-01,-8.653122000851058704e-02,5.448632318613432224e-01,3.280892407429857882e-01,8.325653750704962996e-02,7.276894340226511826e-01,8.059484799479671446e-02,4.571442349834903829e-01,3.718688988903168929e-02,6.850814836232528293e-01,7.320390330302423143e-02,6.943944512377401290e-01,5.739753946103047788e-01,3.228937002615913099e-01,6.626821552228935319e-01,-9.504190812329778304e-02,1.125369980287437843e-01,3.166508335234690108e-01,4.791190685960244888e-01,1.023382700576157545e-01,8.931259015257909939e-02,7.118876427631154469e-01,6.912251494617452918e-01,2.688786254797929098e-01,6.000837714994322614e-01,7.695897004875513758e-01,1.207263779326683273e-01,1.602171132352807892e-01
-5.883196397554985024e-02,1.751417259707573337e-01,-1.679177342269179418e-01,3.995191222251606722e-01,4.124934251052800316e-01,6.599013812788184774e-01,-3.134971644525983425e-01,-5.977598243786260701e-01,4.331212821964033344e-01,8.458246384592232880e-01,4.264187012683159222e-02,-2.082663249572422048e-01,3.789836073645242442e-01,5.977531707029496433e-01,1.043491636122154814e-01,-2.615499367482290987e-03,6.327335182074689257e-01,2.955481657104270243e-01,7.979555914949042483e-01,-4.361008712064599058e-01,8.213849900556263739e-01,8.746687865506122539e-02,-6.471553170408135269e-01,4.216272465980007711e-01,7.490965680752108280e-02,8.085359695916774503e-02,6.335250335002613475e-01,6.205287969279514870e-01,1.090756374326162376e-01,5.073775338876658214e-01,6.797295921136570218e-01,-6.689850992025329068e-01,5.390249027212253852e-01,4.204705623810426340e-01,8.479999395430935782e-02,7.410566063010192162e-01,9.206792904080243201e-01,9.136515168523862140e-02,3.693247530880784391e-01,7.493486019235500173e-01,3.323014389794063383e-01,1.350166796264650471e-01,-1.631810455949264660e-01,-2.798033521584443739e-01,7.467540765894418175e-01,6.627893227474903615e-01,1.910709239670148329e-01,5.552395892545969325e-01,-1.092371187799861393e-01,-6.305362722213928572e-01,-8.390319235992139690e-01,4.236620276957450693e-02,-4.325665340192089703e-01,-5.476047587530636918e-01,1.406898222472410809e-01,-3.822815092712987251e-01,-6.373295948406036970e-01,4.233862477503508998e-02,2.820657533796275818e-01,1.009662844660843550e-01,-2.125251625133062761e-01,7.738438700741374909e-02,6.715007566838521180e-01,1.074079361109906566e-01,7.133736011715834380e-01,-1.000000000000000000e+00,1.195681388732960093e-01,5.279003152055303794e-01,-1.517625015980814673e-01,3.636812802124701482e-01,2.738828516035912153e-01,7.239174190218744531e-01,-1.241110133311308650e-01,6.184368810730529464e-01,6.520291675217978478e-01,7.040792785371217111e-01,2.269646774487888985e-01,-3.486273857608817583e-01,-2.887468892708954238e-01,-4.004165882936621124e-01,7.727376936911026784e-01,2.706985920747226326e-01,7.899038217296665554e-01,-6.449720191915806478e-01,2.480447751864178207e-01,1.859415588332326841e-01,-3.782253837377786559e-02,6.870189620170272238e-02,4.539844771657626787e-01,5.082676852734187012e-01,7.877139311084826456e-01,4.897322604767076482e-01,6.640544566528508441e-02,1.331762429664359350e-02,7.117510153696520181e-01,-7.324679295427216630e-01,1.152631545099526977e-01,4.532841532821591524e-01,-4.073436259295918349e-01,8.616817082612465706e-01,5.476505647254856779e-01,-6.982563085632291777e-01,-1.093347369003635355e-01,-1.528703003091062829e-01,3.779958438651392916e-01,7.871448689733432369e-01,3.806078224409716326e-01,5.521390994031326327e-02,1.986784458432011222e-02,9.299699301624898828e-02,2.429479260788776438e-03,5.309512764785050409e-01,5.283829412807408143e-01,4.129856308178935786e-01,8.008541122139519741e-01,-2.693870834113277768e-01,-3.986831308117340655e-01,5.916001275175195029e-02,-1.782333334692528803e-01,8.688010360149260591e-02,5.053518649934887197e-01,7.966893922333657674e-01,7.216485236686760452e-01,-1.331261280527744895e-01,8.056441257637290132e-01,5.676363182099819493e-01,1.610839316604303906e-01,6.196379809056214161e-02,6.616854149575648325e-01,-3.605459416575243492e-02,1.453534827142384245e-01
-3.099179124496282967e-01,1.825983930747291373e-01,7.650087402432614869e-02,-2.701917689884857365e-01,4.788282043130246413e-01,8.681178389780812577e-01,2.076388436806168580e-01,7.902863973280511711e-01,5.577287839883460219e-01,1.094054108971039274e-01,1.000000000000000000e+00,-1.398917422041212333e-01,7.269718622956519161e-01,7.319891420636903678e-01,3.139003656403160925e-02,7.920498793129276960e-01,1.683654301490791483e-01,-1.274529548533809807e-02,9.881347615892795977e-01,5.253885668192144198e-01,1.878323205050808076e-01,-7.964609035374929924e-01,1.955439025040255907e-01,3.715106550019344755e-01,1.043000660494546317e-01,1.173298778646723883e-01,9.453403012168725139e-01,4.225771672514463395e-01,6.036347722461401499e-01,-6.905558672660135899e-01,4.928490332739601243e-01,-5.680076567370603291e-01,1.673975880933597504e-01,8.726644450965124200e-01,2.831060457603506997e-01,2.279889479421861320e-01,7.843351902780257845e-01,7.209733205339917683e-01,-2.738610079825353205e-01,3.552404184409584387e-01,3.000085663164760996e-01,7.136593258126851247e-02,-1.886897844592886064e-01,2.057978629358535871e-01,8.974862126134766083e-01,4.741194237601772388e-01,-9.706813755055796467e-01,1.000000000000000000e+00,4.020408204759363252e-02,-6.064853888091914502e-01,-9.895538374896319933e-01,4.788593385385293555e-01,1.254779275520451209e-01,-4.492254130519745536e-01,1.000000000000000000e+00,7.157098884103386682e-01,-6.535557259489939153e-01,7.004960210746784544e-01,9.477554940769176151e-01,3.382428950090286546e-01,-5.656216999933232348e-01,-9.831000324783513156e-01,4.844451680367564128e-01,6.803691885085982882e-01,4.738459218010417431e-03,-6.495481325276674101e-01,2.330071037825977021e-01,5.816806516303966168e-01,9.158913935936792428e-02,-7.454034491369143645e-02,-5.363336032989582947e-01,9.484542093819794406e-01,3.984731539030649805e-01,4.580222454901162754e-01,5.386103699505440101e-01,-8.240069983282438670e-02,1.873170859328024684e-01,-7.602752346952187379e-01,1.003521567722477636e-01,-6.574955721231691141e-01,8.313723474776766320e-01,-3.697397532012552945e-01,4.436724371435243897e-01,2.934932194684626849e-01,9.592909023514848421e-01,4.311324090106017359e-01,8.437112088703783153e-01,1.910122271166238006e-01,6.851500500876072097e-01,-6.235637222909302668e-01,1.000000000000000000e+00,7.371809537420406233e-01,-1.923687928188184126e-01,-4.425561513187232371e-02,4.357709662709763343e-02,4.837372669969947081e-02,6.418992657376327848e-01,3.798351621337234807e-01,6.018193125035161684e-01,1.063704335666020157e-01,3.454903566530636017e-01,2.125660130052126340e-01,-5.231515820020192775e-01,-3.895202798406880440e-01,7.293578278082578636e-01,3.005121779307954322e-01,-9.398486080802251341e-02,7.411740670720926016e-02,2.228314885515591259e-01,1.720917425513688592e-01,9.693036197997964010e-01,9.093080041758613286e-01,6.506198069606400347e-02,3.050846057560024915e-01,7.283041827530538637e-01,-4.015507643711164198e-01,6.959882042220607579e-01,2.978705274451286522e-01,4.761558064493388587e-01,6.382276175550712916e-01,3.313094659041744827e-01,7.503260002893324954e-01,1.405392641519274677e-01,6.391984958930785332e-01,5.548871960239216694e-01,7.461414978251441621e-01,8.570407753084532398e-01,2.796811370619398107e-01,1.918833524164463566e-01,1.850486522940186229e-01,3.721689967687497047e-01
-5.832096679034830949e-02,1.764789712612253036e-01,-8.603615835731717731e-02,7.072400270275602807e-01,-2.692786591243219799e-02,7.064830324274605777e-01,-2.810569037590914254e-01,8.787253989776405705e-02,7.880344423032179524e-01,4.779269831216623743e-01,1.199455508675009441e-01,1.324633790710303405e-01,1.771309380882668538e-02,4.967618235263346338e-01,8.526793399411364272e-02,-1.645828827625976931e-01,8.316881429427448458e-01,5.989150055939086448e-01,4.967490354701075694e-01,-4.563899279006701226e-01,-1.012613434851885631e-02,1.315098648287671979e-01,-7.965631973636148055e-01,2.985055155050665432e-01,1.553484521864946788e-01,2.901301016709910696e-01,6.571077992008700352e-01,6.320220466574513196e-01,1.160431559236444476e-01,-1.586635163324505438e-01,5.813683670257652203e-02,-5.415004920417081369e-01,7.064477615737543292e-01,6.848205487914102996e-01,3.530714796490498908e-01,7.859439642858822017e-01,1.698684574251084489e-01,7.520510983590027454e-01,3.140262198366009505e-01,7.285529984076713483e-02,-4.471327565817021510e-01,8.455101051129870759e-01,1.000000000000000000e+00,8.601507897532575386e-01,8.270613390016380295e-01,6.405455802177879854e-02,-3.482529479376075821e-01,7.351512832650763940e-01,-2.207908978957995316e-01,4.317348269527724325e-01,-4.649245942359281347e-01,-5.558913946075956236e-01,2.307822083008622197e-02,2.179335798851104178e-01,3.147236625944216382e-01,5.475463563067196615e-01,-7.439822207903088458e-01,6.241447972051326065e-01,6.275238778491083469e-01,6.245756991872722375e-02,8.217591903383100749e-02,2.522747595102982632e-01,2.354858202531855960e-01,1.758131004072165382e-01,-9.988587160611221982e-01,-1.082408267713373673e-01,8.423348488795795452e-01,5.299217878495511291e-01,-1.700475550702799377e-01,-4.003229353363855769e-01,9.360734586510193189e-01,-4.453131414729972516e-03,2.572553785935712267e-01,4.510007456669458681e-01,-8.772499014332951761e-02,7.349362049561120047e-01,7.235271515921671837e-01,3.014557797041018117e-01,-4.457688908572606246e-01,3.980486888648600563e-01,6.116824003102337981e-01,7.252597674441605413e-01,9.485226734879462773e-01,2.703749095139058589e-01,7.902336950724028197e-01,6.046746124274766238e-03,5.777024609467266147e-01,-1.106214521716130383e-01,-2.973206864368878599e-01,-6.850709891709100274e-01,3.357032343034046518e-01,7.698552689919344605e-01,1.832702233855976193e-01,3.658544453387698597e-02,8.244362842244450373e-01,7.242564845512959870e-01,8.506202458359992669e-01,4.721386686243060349e-01,5.872931953170850150e-01,4.057220255043542112e-01,-3.339697734894098158e-02,2.568224568927118256e-01,-5.926891142369303950e-02,1.580405145267460842e-01,-1.140952094667216782e-01,7.545161793692385377e-01,8.484598881276905757e-01,5.618223427392374791e-01,4.130825238557482848e-01,-5.405221065731934116e-02,7.904549246217453806e-01,1.515841369486704282e-01,-1.350727055474811866e-01,5.886085350906250513e-01,6.742876769160255357e-01,4.358399771465711336e-01,4.328222613082891579e-01,7.482210612684525586e-01,8.860324705886934993e-01,1.353492583017076173e-02,5.255091396419717675e-01,-1.708912841050382048e-01,5.600836904150968687e-01,2.525362887085205177e-01,6.933461287957575214e-01,9.201792762751772603e-01,8.071456674008024024e-01,7.902251584952572072e-01,-1.150856460031362931e-02,5.851118174134337657e-01,7.406378395703208661e-02
-1.047421658992441634e-01,5.141438605419063057e-01,-5.469542749398503823e-01,8.618884238443994539e-01,-3.502602038613793212e-02,5.860101394178459655e-01,-5.315853950598418143e-01,-5.289540777777030911e-01,7.677277595066192006e-01,1.895253177394045918e-01,-7.929964664060106666e-03,-4.949949577892384656e-01,8.693761085973966685e-01,3.557630607131117007e-01,3.414440908015093923e-01,-2.534428015557941283e-01,9.360460407448054077e-02,-2.863347006180566243e-02,9.463877020021305153e-01,7.034607431225018415e-01,1.548535591450718729e-01,4.184508259928749752e-01,5.727795249302942704e-01,5.884007287521794138e-01,6.333244515378004813e-01,6.309219567057348932e-02,4.548667486415568506e-01,4.203134372536622143e-01,6.331081191785360440e-01,1.842320645074472796e-01,2.329247890166093182e-02,4.101634219826776340e-01,7.170571027902945538e-01,3.945745163937728339e-01,2.740378755297721014e-01,4.964186068020534082e-01,7.922235797616772324e-01,1.444960222066660471e-01,3.319740336289834226e-01,7.798601110216127341e-02,-1.945746335587620335e-01,1.318253813664755913e-01,6.681546290665359988e-01,-3.854113019372555349e-01,8.944405898463628768e-01,-6.680430424220765162e-02,1.473388651298936924e-01,9.651507017918657672e-02,1.851527176252138265e-02,-5.016530314679042146e-02,-3.387226224438428385e-02,-6.290053627911422751e-01,1.843513281242053492e-01,1.657272677766259972e-01,3.217116763469476948e-01,4.512753230575115571e-01,-5.895766578658477863e-01,8.696110827383862762e-01,3.183235959597193604e-02,4.164216057726153886e-01,3.882804773002585530e-01,-7.919820743574715882e-01,9.966352475556095047e-02,4.119266768505442378e-01,3.673744403905232492e-01,-2.657751815341820034e-01,9.856258220068730980e-02,-3.081115355315904303e-01,1.990360985513577874e-01,-1.836686550549290475e-01,-9.362859281296614933e-01,1.834311207085572715e-01,6.144735010506808814e-01,8.517054466724861550e-01,-2.247816563050451522e-01,-6.065030354349342651e-02,2.932504031038415393e-01,1.678356068500643228e-01,3.506059023948021047e-01,-3.264230643588282854e-01,9.180341561679125073e-01,-2.711467937511516380e-01,5.166269552880795590e-01,3.880266844137412185e-01,7.701651056987222077e-01,2.785634934884880787e-01,2.823856939610857597e-01,-1.728278100577499976e-01,-1.868828941837247792e-01,-1.211336071031147467e-02,7.636525458136281252e-02,9.359140133116153892e-01,-2.531212913955486754e-01,-1.335683872845143741e-02,6.069915010346429995e-02,6.272807382152836286e-01,-1.298112991583338371e-01,7.183827016820535372e-01,-3.121700316838316724e-01,9.187649164577635919e-01,3.493198641915524205e-01,3.139956253996007973e-01,-2.982614225906898842e-01,5.712987251695991198e-01,-1.583067598595873648e-01,2.250413424635984705e-01,-1.110451163793359369e-01,1.393965781818654603e-01,-7.190805137772972311e-02,3.910802174754381966e-01,9.009102017541490426e-01,-1.513088774188702523e-01,-2.496893289312143160e-01,3.548073640079446034e-01,6.226693650794835611e-01,9.983181358714483533e-01,1.061688727377802927e-01,2.146096944705325194e-01,6.924564112728216481e-01,-1.136764452966985833e-01,3.805000881700935644e-01,9.225229593849114673e-01,1.012161764512749113e-01,5.207902123218210999e-01,1.525839183763359475e-01,3.135096817381446410e-01,9.199571876449349483e-01,4.549209509841339871e-01,8.716247166599916385e-02,9.934200550927601014e-01,3.229053306779963162e-01
7.665585590365466828e-01,1.327162788486065392e-01,-1.533583313652430447e-01,-2.671595458807719536e-01,-9.039660033425102326e-02,5.090446958954054635e-01,9.775236020633704115e-01,3.187737080817287239e-01,7.277679948445014979e-01,2.457926324410621699e-01,1.847577458686658347e-01,6.216304850905097351e-02,1.000000000000000000e+00,6.397626933785164338e-01,7.808241483411121342e-01,-2.402829114571509647e-02,1.253349450406500420e-01,-8.300044542788480306e-02,5.460479955276618114e-01,-4.860021227092989893e-01,5.063179042581509616e-03,-6.595000302634379530e-02,3.177086916459098132e-01,4.476846027550193119e-01,2.981145204726693421e-01,-4.146107310454015815e-01,3.596372005286730955e-01,-9.208330545520032606e-02,6.540868326074603667e-01,5.656329201583718547e-01,3.216078198273353839e-01,-4.124160424726676655e-01,7.497920845921749455e-01,3.305316470699107834e-01,-9.171377171939980311e-02,3.339482271883754683e-01,7.244046699220961782e-01,1.761753919320830364e-01,5.023581251659330338e-01,4.069738395115912039e-02,-7.015717358417052907e-01,1.800740337058549523e-01,-2.385723605441784634e-01,8.229714052316172701e-01,6.113545585412180072e-01,9.027167706295116667e-02,2.162425483524545861e-02,4.935447082511524308e-01,-1.411049963653973616e-01,4.895168478379777754e-01,-5.722477325881787369e-01,-6.050271502160742276e-01,6.994185440188070979e-01,-3.991897467958091528e-01,-1.197421974807398037e-01,6.686952684782352385e-01,-5.006146740791560523e-01,8.033957498125436913e-01,-3.451692494875898132e-01,1.496848813261068556e-01,-2.233621992987261384e-02,2.599251112343822223e-01,6.994947295153834954e-01,6.389908089605610408e-01,-1.993989142654631896e-01,-1.165506473237385709e-01,-2.750678733270534373e-02,5.541191272502286047e-01,-1.096194541816130075e-01,-1.578817812841689372e-01,6.059221045226217406e-01,-6.604220880418065764e-02,-2.004503215606644462e-01,5.007983893784057061e-01,5.501373642546983911e-01,7.710180363791603597e-02,-1.740933623375431200e-02,4.082844793419329599e-01,7.082150911610527455e-01,-4.172566233008191405e-01,7.449966649329421708e-02,-6.177924393012863835e-02,1.243275420063261333e-01,-3.480723734191969454e-01,2.983647479967876937e-01,-2.317706021728569155e-01,8.326667874669891889e-01,-1.848146473072340423e-01,-1.679052734590532336e-01,-4.833055799355704396e-01,5.907640989772444673e-01,7.590031878040676139e-01,1.339679021452510332e-01,1.162473717550284447e-01,4.861199304055878745e-01,-4.835289385405854290e-01,1.000000000000000000e+00,4.853215719967527431e-01,-2.336425428639891597e-02,2.435856633246663572e-03,3.614908313796879116e-03,4.996441508078979243e-01,2.812115477329608232e-02,-1.091289253178346907e-01,6.651316161888521927e-01,3.577474766889930380e-01,-3.310674536153539876e-02,7.070542376104678173e-01,6.900019018391078118e-01,1.673920701600820904e-01,2.550012458025441298e-01,4.643367182671200855e-01,7.339589489168926173e-01,5.643783606827153937e-02,7.605941345705685697e-01,1.799217564879386777e-01,-5.319149023262690484e-02,1.930018208236830013e-01,-1.505982577448321813e-01,7.401334538566337606e-01,4.622168400021576390e-02,-4.761425610279829829e-02,-9.320802707196015890e-02,1.139066842846556682e-01,8.180406462473566176e-01,1.596308961900744783e-01,2.320825499844198225e-01,1.083865698327960148e-01,8.699622774246378309e-01,8.256336591087334309e-01,1.846636358645679654e-01
-2.868621478032348793e-01,2.129285051886966040e-01,-2.270616603316188142e-01,5.374148277497571291e-01,4.198984692281921283e-01,3.548101272194987832e-01,-3.332395528081418257e-01,-3.638782998444610173e-01,8.218117974723238017e-01,1.994836390359245037e-01,8.492264888566679604e-01,4.594136370816204740e-01,5.946253193835462220e-02,1.738827523816730558e-01,6.812699789237350867e-01,-2.585096901148052281e-02,7.020906180227125259e-02,2.772801860558788967e-01,6.641062652617628626e-01,-5.377386248521293100e-01,4.815598492840219014e-01,1.491537713584774882e-01,2.832328276734065176e-01,2.243921975852568307e-01,2.151937833910907427e-01,-1.395647501985376182e-01,2.215771726468508951e-01,-6.224753168503935896e-01,3.850155852379131827e-01,4.723035896408975254e-01,6.934937029932887187e-01,-7.096856731495724269e-01,6.797183104056309100e-01,7.337792035229341314e-01,1.221021883592047497e-01,3.891565560790394285e-01,4.348376932789053129e-01,6.305031310939641642e-01,5.206725321716970667e-01,-1.370721845354776723e-02,3.938885889674509921e-01,7.355327404873147623e-01,1.071947293624438136e-02,-2.529493726190280012e-01,7.541926078557814606e-01,1.000000000000000000e+00,-8.496162484457378539e-02,5.151942240286263575e-01,1.000000000000000000e+00,3.263330867062980839e-02,4.724740896653814581e-01,1.881789705000695700e-02,-2.128443702354070322e-01,-3.736947261946451659e-01,5.907944244008737078e-01,4.464399498361137919e-01,-4.598137843159414428e-01,4.392653788080194133e-01,5.163400923491169303e-01,5.373581366842723472e-01,-1.248866671805463624e-01,4.706931537496362172e-01,5.744325557257178305e-01,6.522979687457670650e-01,2.499473314172359628e-01,2.874720768943749838e-01,2.310130307887692594e-02,-3.668786949343238457e-01,1.431270780101943918e-02,-2.199182902355277247e-01,1.742436398315857279e-03,-1.065479539112636070e-01,-2.320932343867231629e-01,3.851512252717083085e-01,5.172572767953830253e-01,7.594894959010033419e-01,9.106490322389255709e-01,-3.062421577913040927e-01,4.808474865694895711e-02,-5.127149929247168947e-01,9.604949173490624423e-03,1.465141937176174525e-01,7.240834850172815640e-02,3.239401845598018775e-02,3.756593348915502895e-01,-5.452468963172855121e-01,7.047580503627766113e-01,6.038247601211285120e-01,7.093069844682398095e-01,8.908389246629587754e-01,2.570145446090738028e-01,7.876180135606465349e-01,9.541604907547334147e-01,6.919920175941607354e-01,-1.111546067246906161e-01,-3.946320056080564465e-01,6.055235621904005994e-01,9.253493062461813912e-01,-2.486518813999613053e-01,4.382673178262690983e-01,1.000000000000000000e+00,7.435751385787535417e-02,-2.755511864134027045e-01,-3.916759393510184095e-01,5.252821211400213880e-02,1.804201115953490420e-01,-3.219931834678519955e-01,7.643791316701260830e-02,1.000000000000000000e+00,1.125945976991808151e-01,3.630443005170163606e-01,1.974684094466711559e-01,7.751056656438779502e-01,1.656208091490330159e-01,6.430867629157844823e-01,9.375260181759922373e-01,1.978065794626383267e-01,7.637508070649523528e-01,-1.881831201861611236e-01,-1.708571252374027349e-01,2.417038593709513739e-01,6.464573782667741852e-01,-3.091452031527950478e-02,1.232207327434514527e-01,2.479616067833032012e-01,7.165952481613395708e-01,1.086170900918465576e-01,5.849138143446059868e-01,5.904842710252408144e-01,6.173802680636935464e-02,1.784581900922063147e-01
6.322186044103780267e-01,9.179706790251487281e-01,6.475319205811557177e-01,4.674724903880002058e-01,5.627642849242057155e-01,8.436535381653947896e-01,5.260839775703688437e-01,4.792797078340453876e-01,2.201937267885459015e-01,5.681203432339970716e-01,1.108604495509006582e-01,8.325163281920734404e-01,6.755932679242581118e-01,6.874245197861510448e-01,1.902654519077031370e-01,8.397407893933200862e-01,-2.489019676328889374e-01,4.085990800168939341e-01,1.586691093899671168e-01,-5.339344283155546961e-02,2.287504763892626858e-02,3.789441750253371571e-02,-3.705647698433192638e-01,2.719251458766044904e-01,-5.323715488463753170e-02,-5.784065235042064046e-01,6.998021696912203327e-01,-1.394175259132127143e-01,3.551739634673173329e-02,-5.143877528750312456e-01,4.915120030853569189e-01,8.279088090181523085e-02,5.299735006987642549e-01,7.267532945965468061e-01,-2.803290825014806975e-01,2.227921232876001190e-01,6.928095054502717565e-01,4.976586423526274672e-01,3.682446284278081405e-01,-4.456923588404147242e-03,7.674199180036496148e-01,8.043343161783751416e-01,-6.255585200909338228e-01,-4.352130228182514715e-01,7.316299136727958397e-01,5.268821373628175542e-02,2.414810211868418099e-01,5.493967908326226057e-01,-2.000557272297617539e-01,-9.445877028347303694e-01,-1.009478947659072923e-01,-5.892894178575232983e-02,-8.545238337630138570e-02,-7.067287416975459591e-01,4.655416220514833614e-01,6.315252937356338192e-01,-9.254288381189439416e-01,-1.609941586192221996e-01,3.532645945756915373e-01,1.605526336752331751e-01,9.823952113472336212e-01,-4.252837726037593247e-01,5.696717365366542607e-01,4.731301971443431231e-01,-4.072557487391353231e-02,-7.725986834134557224e-03,6.078605061519085639e-01,4.296630908109652647e-01,-1.906501933655824488e-01,-1.549284636077315758e-01,3.828858297704796909e-01,1.652110230142945502e-01,6.033613739087331229e-01,9.636057395498014433e-01,6.245072721699965364e-03,1.784978190506566337e-02,3.712532342993505319e-01,-1.214524708884192478e-02,5.923860496254810398e-02,-6.442835897017735736e-01,8.311489690062976443e-01,-4.229714758838560851e-01,8.743947454876066505e-01,-2.705021548820388255e-01,5.560124771706471680e-01,3.360841227625848693e-01,7.875723040896553950e-01,5.348869328768677267e-01,3.118815739060323278e-01,-3.652553370945683109e-01,6.021311481474959093e-01,7.618003939653864576e-01,-4.553757222368090551e-01,-2.663180305064996589e-02,3.805769085770894233e-01,-4.152235629316105570e-01,8.115033656773898429e-02,4.722028843611343341e-01,-6.352656495800195202e-01,5.202982603921388893e-01,5.613281980080542244e-01,5.939797242238266106e-01,-3.986151929935990990e-01,-6.794379991169284538e-02,4.691927311997632910e-01,4.122423955010185437e-01,-3.494442963916520317e-01,7.489724106031186990e-01,6.063156874320428935e-01,4.869730059246019649e-01,8.639775865647946196e-01,4.963025652996270187e-01,-2.971599093178877160e-01,5.584265236011947131e-01,7.784259935862397617e-01,-4.555321071150427170e-01,3.505538040508313080e-01,1.018933463690160635e-01,-5.663165151088153104e-01,6.295050139624849272e-01,-2.437836257009456387e-01,8.293604388267796779e-01,1.029455015847335203e-01,4.622609618736553960e-01,-1.368799299496103739e-01,3.340324655892788486e-01,4.150184699369364183e-01,-1.312503342919612292e-01,6.895065596061483726e-01,7.815183026073966310e-01,7.119532591596159365e-01
-7.585080804469052085e-02,4.363436024612064590e-01,-1.978312060616143342e-01,6.188526950841586327e-01,-2.589266716011222047e-01,2.891133185419578200e-01,7.479880621673989927e-01,2.083228227224643847e-01,-5.633982137285135083e-01,3.475320786307155019e-01,8.512355071812103269e-01,-1.788778670471508903e-01,9.365946957280300023e-01,2.997106742708455229e-01,1.136739836716317426e-01,2.117637187180870517e-01,-7.237062725208341651e-02,2.767872165885362779e-01,3.493755354066376273e-01,8.274118421002547574e-01,5.138222087994579468e-01,-5.808503524966455167e-01,4.362322001734423860e-01,5.546709490097124773e-01,2.637907619369697088e-01,7.574224069586030783e-01,4.794337522303289134e-01,1.080828163027345266e-02,1.063418335926226699e-01,-2.607055984053553988e-01,8.021185715183204445e-01,4.727534493380362579e-01,1.000000000000000000e+00,8.100257985170383757e-01,5.424065612482572435e-02,1.093669244929039164e-01,5.874581164528732691e-01,1.478603687303167158e-01,-5.293159845776804762e-01,-2.463757440372532984e-02,2.137547040184307329e-03,7.323187036383911608e-02,9.819511009309261906e-01,-9.776221222683038892e-02,6.166217214427998083e-01,1.399263879632492158e-01,-2.226279280789324883e-02,8.591066673746121374e-02,7.235270486180714888e-01,1.412278934854893919e-01,-4.367764877542960611e-01,-1.511122860990553318e-01,3.472747568859206324e-01,-4.496547487379046748e-01,2.149833083448528942e-02,5.830318982721186538e-01,-5.438076700457833423e-01,2.706538422434520696e-01,8.229369611431895937e-01,6.422409097565965341e-01,-5.007458387262623267e-01,-1.100047715268414744e-01,4.803270697696481739e-01,4.022495159683763255e-01,1.366878114574046066e-01,9.956664546683896555e-02,2.302761729582100403e-01,5.788451143301698298e-01,1.000000000000000000e+00,1.726042377291379937e-01,2.652267928402649577e-01,1.342696327378222199e-01,2.897078305931865549e-01,3.960782581300386629e-01,2.041567260790362603e-01,9.069395937514701522e-02,2.581756882129881414e-01,1.772230709910274371e-01,6.976903806052838775e-01,-9.109398820306838784e-01,9.776223501595324716e-01,-1.486559528193103497e-01,8.166163905702988890e-01,1.000000000000000000e+00,7.018537377668573329e-01,-1.319309153267871904e-01,8.987213146703748601e-01,5.949151522623763455e-01,7.961747382206019186e-01,5.705089502086935910e-02,1.105044931997957725e-01,7.987843869498805205e-01,-4.319480231823570882e-01,2.234641221982103798e-01,6.845209197465997875e-01,8.800494228261562801e-01,6.176614992267992488e-01,9.691468675960590584e-01,-4.509534585643173443e-01,1.096762839467668033e-01,2.240813051336044970e-01,3.179592815120935723e-01,-7.292306389570969716e-02,-3.620257398273504790e-01,6.229000570471414644e-01,1.916619512164715600e-01,-4.171610250213117488e-02,8.145071120942432019e-01,-6.454495367717461018e-02,9.543617570878780709e-01,8.317753541877210832e-01,-7.152672097548262720e-02,-1.399926239342992873e-01,2.735148915948211745e-01,3.913204704378382970e-01,-3.425197246045827426e-02,3.033355715791389851e-01,1.400007923586470138e-01,-6.833408868938379843e-01,-3.395043711037266654e-01,6.367005195201760337e-01,7.971664321617653037e-01,7.576103527005203508e-01,2.213839111624510692e-01,1.704911544683797020e-01,3.013378327912689114e-01,9.069845904497650935e-01,1.114604999271481128e-01,2.231232657592795432e-01,7.885042710584576620e-01,8.837130230119891738e-01
-9.582130779384781527e-02,3.130685241107872274e-01,-5.785342818625452965e-01,2.765169401942583205e-01,8.095626848220418559e-01,5.859151718686226307e-01,5.761498395638523506e-01,-4.446902231879555356e-01,6.100335044942638563e-01,7.021795921313652711e-01,7.040008661094845910e-02,5.099579608241191497e-01,-2.068239519532193149e-01,3.742070045615257246e-01,6.479474584173453566e-01,5.730315621121567782e-01,-4.331581996908217408e-02,3.590997061338432883e-02,8.938659689874751679e-01,5.814495564978303666e-01,2.579365512143548811e-01,5.031741356078534011e-01,4.645027418117463336e-01,1.819701930757041397e-01,-4.968607502623339361e-02,1.934603093918609365e-02,2.967006793649408780e-01,6.848337624830995451e-02,2.312597765974096498e-01,4.651167746920633062e-01,8.764349990882782659e-01,-1.742863184825753087e-01,1.932179385946104083e-02,7.022816468923376299e-01,6.410670694435213202e-01,7.715404939045589217e-01,7.852824753771184829e-01,6.051452933440296666e-01,4.149731067037698007e-01,3.472285123209611912e-02,9.297588928643045481e-02,2.631610778562869513e-01,7.724287886462568586e-01,-1.990567692159784519e-01,5.723016048863346361e-01,6.445617034326846240e-02,6.151181836845700385e-02,5.311866288387337987e-01,-1.284214693701965157e-02,3.141659862084868471e-01,1.881620544558032238e-01,-5.311076881106916447e-01,-8.672697077059543513e-02,-8.332445904556606830e-02,7.473347269575963958e-01,-2.845308572501886180e-01,-9.593971298913480661e-01,6.916297231072812135e-01,4.747364320922612402e-01,5.048606599931024785e-01,7.890266825268001105e-02,1.740439194068137130e-02,-3.974644441237682076e-03,1.000000000000000000e+00,-1.014451748188878732e-01,-9.003948056787342002e-01,1.000000000000000000e+00,-2.037164772422902712e-02,1.593719033710180033e-01,3.508793124974348143e-01,8.890547978123847228e-01,-3.484500062182515484e-02,-4.385962420628716774e-02,7.655491860444999519e-01,6.033379466755258713e-01,-2.423792252247860546e-01,8.602132723424196215e-01,-2.876273327662371981e-01,8.779744859268872048e-01,6.455755889511609613e-01,1.000000000000000000e+00,5.693185643366583948e-01,3.850992369739384968e-01,-4.233478521179045995e-01,8.386139980091785739e-01,9.073260134419670608e-01,8.714074875447349600e-01,-2.871201335450763725e-01,4.917875607806598270e-01,1.000000000000000000e+00,4.636409990537592174e-01,9.254282680422183383e-01,-3.458065503031342858e-01,2.870221117612260509e-01,2.358009398623344133e-01,-1.762714768045449687e-01,7.149222234641847695e-01,4.831166215276619380e-01,-7.299428446177330665e-02,8.274589473430016273e-01,6.034133625361781661e-01,6.161680668393957339e-01,-1.351725307992311387e-01,6.951622509910792003e-01,5.525249991228522450e-01,8.045977298302882108e-01,-7.349864203407595331e-02,4.194157602779919891e-01,1.538295854359420234e-01,7.097707210345914897e-01,2.582087174229721893e-01,3.644914368956103656e-01,-2.853711694251724884e-01,6.744045659914611468e-01,8.369752158129244446e-01,-1.650674882595358495e-02,5.527105487179472254e-01,9.231651523290371544e-03,1.884197081884175784e-02,5.890325469491749510e-01,-3.247835497655193748e-01,5.855834010160476666e-01,4.862610485675869509e-01,6.785628840410035112e-01,-1.465231023407484179e-01,2.319333500886278099e-01,7.629615630476641597e-01,-3.255965005627088904e-01,6.855371108655867740e-01,5.115461015953312041e-01,3.963487658934589652e-01
-1.360484412621464356e-01,3.344068288726815275e-01,-1.099901322354396721e-01,3.057165036317171514e-01,3.200903719872448538e-02,6.303708332963302574e-01,5.429438264328593222e-01,-4.208707503683915552e-01,5.836390191146324513e-01,1.915704101618927180e-02,9.064087998241419919e-02,1.808412514198889098e-01,3.977915434723395816e-01,1.604726026441573306e-01,7.358363414027252469e-01,1.142326599856613369e-04,8.186354162043241178e-01,5.998009069496607060e-02,8.116026425324874838e-01,-4.358745016350644153e-01,5.913952190541613696e-01,1.955904763557002601e-01,1.516406583885729353e-01,1.002361927646418793e-01,-1.440081027795439561e-01,-3.013296458228119645e-01,7.168374317474379698e-01,-4.459648737592483148e-01,7.949474476530766776e-01,7.524393200697276907e-01,-1.135273371439479984e-01,2.766815086506693028e-02,1.653912597054229827e-01,7.142484550669051524e-01,7.438467584906366392e-01,2.964243203487524903e-01,4.413560980676618506e-01,5.743179452504344473e-01,3.419393196638248478e-01,8.329244661758793133e-02,5.758869023914304774e-01,8.482171058876430969e-01,-3.958967569543616061e-01,-4.804915129387495321e-01,9.223330253662707090e-01,7.808112865435129502e-01,5.248919072750375392e-01,5.705084396255246659e-01,8.022549623584103173e-01,3.126574737857860248e-02,-1.171663380788915687e-01,9.320287907200144883e-02,5.222047787507640981e-01,-6.702968258275684432e-01,5.230556372198754689e-01,-3.388185265190711837e-01,-2.682679790799182284e-01,5.815278874322051816e-01,5.020186117711851193e-01,5.125185398547724702e-01,-1.205488465452329155e-01,-3.829537872818588040e-01,1.143770577212529505e-01,6.940945540842117234e-01,-5.028306730404780850e-02,-5.411410739807370057e-02,8.435501019298329295e-01,3.334504613308658660e-01,-8.196810394521122922e-02,-8.571306620007762556e-02,3.433363658543934771e-01,9.948916799391228638e-01,4.929012549807181287e-01,8.974061711432029798e-01,8.785009501530147702e-01,1.469447520924943573e-01,9.385953435007718948e-01,-4.482521145823469833e-01,2.397580220574458409e-01,-4.016849687563920912e-01,-1.420646609571931951e-01,-6.165829331120534773e-01,3.325354981212188532e-01,3.260360227350468931e-01,8.099739195978821193e-01,1.964110821715039368e-01,2.665345431675447338e-02,-2.708731316721430527e-01,3.541644317752257187e-01,-1.555953262892837696e-01,2.992591103634688610e-01,9.527806007712134040e-01,1.181756822903131943e-01,2.590845018327763150e-01,-1.726361873293060650e-02,2.789002324763010243e-01,5.691916321204218976e-01,5.207962678048198013e-01,-1.942833540497482595e-02,3.211087808366270835e-01,3.115167465102693378e-01,5.408018970427813654e-01,1.279273974552269377e-01,7.828388756175775898e-01,7.639576517949080436e-01,1.558853693747410951e-01,2.384864296476921497e-01,2.066058729972453933e-01,6.341721838284276602e-01,1.693997343462258776e-01,1.914070498967406497e-01,-1.907988175001407161e-01,-3.069285993304370908e-01,-4.348316968110488845e-01,6.480567437072993764e-01,5.068433610985011439e-01,3.496998471437248734e-02,6.887651610130826052e-01,6.465088786750110561e-01,-1.500128190249052362e-01,3.981190981834640263e-01,5.252185891163440035e-01,5.957241158402361014e-01,7.641244602215013781e-01,5.435326505952559062e-01,1.168660064687796901e-01,7.865837597157503414e-01,-1.002673390099784873e-01,9.651589612587263556e-02,4.867429568279355717e-02,9.069788518509739328e-01
-2.540165036133061327e-01,3.170770880042213524e-01,-5.066845970728272031e-01,6.238562618943240823e-01,-2.285687188223003985e-01,6.652607073495757639e-01,-1.431571552185949558e-01,-3.305845310388647040e-01,7.477775856482736794e-01,8.515578906916960733e-01,1.649135616160868345e-01,-2.471004435022254309e-01,9.524327639120320210e-01,3.520257142917811444e-01,1.818801624595681454e-01,-1.490257763965593396e-01,7.778789967177298648e-01,2.205767674771002274e-01,6.305231187726269004e-01,-3.097164880726683833e-01,5.852188885528606388e-01,4.735985086717774822e-02,-9.920453911087196985e-01,4.082158802695072253e-01,-2.320438483489803694e-01,1.837224515232863953e-01,4.457378389085063786e-01,7.967019801186230321e-01,3.378153416541836429e-01,1.607121033356319895e-01,6.116160886704767874e-01,-7.519354153804459484e-01,7.688261652615123731e-01,4.433519297897293154e-01,3.276920754670584884e-02,6.668694843312308329e-01,4.076429454832689592e-01,2.472752317255760487e-02,4.842977340839129119e-01,6.200993602394647697e-01,1.304336446630359192e-01,1.342642773321947591e-01,2.628773281346897805e-01,-5.028492606895840211e-01,9.161750248921884943e-01,1.211371394319448042e-01,-3.900420782206016623e-01,4.689237210734449879e-01,-2.556084448040711887e-01,-7.154355433277613807e-01,-9.080656135874517901e-04,1.099497453650966766e-01,-2.956142309169571339e-02,-4.363709000354312750e-01,2.522670708189834188e-01,-1.817721141980915001e-01,-6.131357913570533169e-01,2.102753565960011339e-01,9.738907891331104183e-02,-4.519011811223808475e-03,-1.163794688881488598e-01,3.441774219596368534e-01,6.290877855659766649e-01,2.261457566982933987e-01,-6.490339297438224575e-01,-7.053220340135456512e-01,1.381594239968180458e-04,3.398373418658199308e-01,-1.310166697007146552e-01,4.354569289563408052e-01,3.648998058923514365e-01,8.471006840485728606e-01,-2.231073356308824751e-01,8.755602540609582762e-01,5.320996710662384555e-01,4.008328345182102237e-01,1.548918212795399041e-01,-8.578765326933519564e-01,-7.092433239209480766e-02,-4.393968712487759665e-01,8.047406974503426014e-01,1.206788253234221953e-01,7.266626478355063812e-01,-3.223785330479227440e-01,3.411179320006421101e-01,-3.774324049655948254e-01,-6.249009017517298537e-02,-2.729058684224868192e-01,1.577232737379659910e-01,2.255339015696267435e-01,6.253921290179943471e-01,8.353637293928443119e-01,-9.298284604195657110e-02,-4.393160075074490495e-02,6.366051558579925995e-01,-6.095816591908569393e-01,-7.327499541629858837e-02,6.205030305007909197e-01,-2.205897279599847993e-01,9.621184649400297273e-01,7.090815291983478819e-01,-9.095315535369505877e-01,1.185914948433907934e-01,-3.178918371504473872e-01,8.270508916090512086e-01,8.612586163913661386e-01,-4.055471548365902068e-01,9.326555928562788034e-02,-9.523786443856645245e-02,2.322151759701555351e-01,2.314295629951950706e-01,1.000000000000000000e+00,8.752571093624188503e-01,3.245883123501879797e-01,7.109944704035496832e-01,3.271500282959706463e-02,-5.900650890853205432e-02,1.838784822088345428e-01,-1.703329048727161010e-01,1.253717266021858907e-02,2.398542724045064078e-01,2.875391857232769688e-01,3.405222103610615614e-01,-2.362450241416770569e-01,9.228894503353708423e-01,1.000000000000000000e+00,1.505795361132514498e-01,-1.932415793619854383e-01,4.374255055402722081e-01,1.379557174872536041e-01,1.308397053360628448e-01
4.576759759464264499e-01,1.433047668470485425e-01,-2.992767369805980626e-02,6.587470095859138119e-01,1.287944959172152293e-01,5.166594903936314598e-01,4.924918980898292942e-01,-6.188544139347373907e-01,2.956263517787077189e-01,7.088315318207607518e-01,1.961533394305901012e-01,-3.860837372717374483e-01,7.260169142430988876e-01,3.346630922285924736e-01,1.133342624444253766e-01,6.677803396219185172e-01,6.540489938348458265e-01,-1.300820304682155926e-01,1.452074418961035729e-01,3.519400696888964203e-02,6.464937798433676441e-01,1.347750854240806727e-02,-2.211527058277127089e-01,-1.115856910152031138e-02,7.439088706750756064e-01,-4.739677699343297079e-01,6.880845879519598141e-01,5.431613089704431241e-01,3.117244134380700027e-01,5.119390053826236020e-01,1.956782474184992279e-02,-3.963580126049363606e-01,3.344879542297071653e-03,6.400917742910970931e-01,-1.865444363991674848e-01,5.859033461097759021e-01,5.910635811328185385e-01,6.837468851463481823e-01,3.717400887943275167e-01,-1.642869099079167106e-03,-1.153947307338418354e-01,1.653341532042425510e-01,3.850910996830724242e-01,5.707186318697617944e-01,6.814461102221842648e-01,2.995541877971384936e-01,-2.751571576022669441e-01,5.558880344378083205e-01,6.408664596715629713e-01,1.381959492795423183e-01,1.746762568602739929e-01,3.087834508279836410e-01,8.048636388527969920e-01,7.534211865512022155e-02,1.600192685238661372e-01,4.953984309715079859e-01,-6.618333935677129798e-01,7.779446121972545258e-01,7.300050764040830753e-01,9.391421140941839940e-02,3.441535645108909636e-01,-2.911153090388237663e-01,2.581620646309166767e-01,3.565959243858621286e-01,-3.447188094161925398e-01,2.206048412127862013e-01,2.534580073745796441e-02,-3.675386128435740862e-01,-9.934272730438774637e-03,-1.463339414873543465e-01,-3.787933544273247577e-01,9.960527777182546227e-01,4.833931109912658064e-01,4.826799462741471758e-01,5.181158388490474387e-01,-1.967557734694596050e-01,4.360722210053903369e-01,5.982146773305784260e-01,4.943174730371442949e-01,-2.040575851783910377e-01,3.176158825396773605e-02,3.105403491170173891e-01,2.151370019811097434e-01,-3.155212791212742840e-02,6.152963560040878299e-01,2.742620807587155540e-01,7.491863136450452876e-01,5.360272758132202942e-01,-1.656553111890841368e-01,-4.357212219087666094e-01,1.363252009905654982e-01,5.794749595884021720e-02,8.197486086644103498e-01,7.056827774833834832e-01,4.375630745371643024e-03,-1.050151263368177407e-01,-1.924908011367053029e-01,6.122640179617944156e-01,-1.024050240266858175e-01,9.339834612707894612e-01,-5.868051402049419274e-02,-5.800136104310323892e-01,2.474879358746650410e-02,8.593869041008616039e-01,-2.123311173501490623e-01,9.330270366331437915e-01,-8.420575399251287174e-02,1.731052588665119019e-01,6.995157739201943725e-01,-2.596129365952385901e-02,1.380895760748868384e-01,-2.758213825148660980e-01,-2.022733321623572111e-01,-2.740240588793004251e-01,5.799933623043326270e-01,-2.272041542020994676e-01,-2.493232346687060674e-01,7.960404777649262575e-01,2.811883636206193859e-01,8.431270182999115459e-01,3.707883659906478502e-01,4.252078429641715229e-01,-1.347830236685853833e-01,5.742404042790979525e-03,9.130023409445156002e-01,8.592147587520924112e-01,6.735102130001654475e-01,-7.520498590057995980e-02,8.149769524271008314e-02,-1.482962899584141236e-01,2.855311265072143501e-01
-2.857111745937410824e-02,3.918060800140780175e-01,-3.814619865538367849e-01,3.645728054671764640e-01,2.625553999030531549e-01,5.899729926176461303e-01,-6.343627046294870730e-01,-6.006715853536036542e-01,6.120133895256334444e-01,-1.381991815104714749e-02,3.230383583529555236e-01,-6.339568860190959443e-01,4.494730420314273500e-01,4.399755551031991896e-01,2.083834899946556407e-01,2.814812721718017996e-01,-1.264605666449675758e-01,-1.272594921808544409e-02,8.109968793342771098e-01,4.728011378801071363e-01,3.176742518231446821e-01,-2.660474005035889378e-01,5.874176491827097779e-01,-3.616107919214888583e-02,8.087465725647789982e-01,6.798466046622951842e-01,5.662906990885567815e-01,6.278326314867699320e-02,4.819641294725916514e-01,4.303235682865541589e-01,1.667876319352863956e-01,5.521141527029077567e-01,7.525882091360850401e-01,5.628801745568345893e-01,2.480278539228559023e-02,5.347908310400741744e-02,7.332355606329431508e-01,2.246765003779691017e-01,4.740931418842868061e-01,2.458854106952477192e-01,-1.794823566652250513e-01,-1.033178021496843589e-02,9.161199659270908846e-01,1.203776360499605180e-01,8.014195798308613172e-01,1.482592803746019816e-01,1.995503338620545353e-02,3.223574222333968065e-01,9.940211348780472744e-02,2.040985788498157483e-01,-3.360435279676880077e-02,-4.909809658829177859e-01,1.262219682822963152e-01,1.068867520595230269e-01,3.415003040828177849e-01,8.570135233390568930e-01,-3.861871575130539913e-01,7.001842789987311466e-01,3.742219591958496072e-01,1.118691366784121399e-01,-2.208461876028976756e-01,-4.819026817952235531e-01,2.595452678934593305e-01,3.858812499400122165e-01,2.056618720827556313e-01,3.538352864236854467e-01,-1.192736302499785607e-02,1.813051161179884130e-01,-1.061722436388289198e-01,-3.627510373957138490e-01,-4.927315824930120214e-01,4.327615998832246014e-02,1.801095703896906375e-01,7.940052811392408483e-01,1.289609713603481200e-01,1.496752322538296986e-01,3.097172223161820392e-01,2.515021596793215464e-01,1.504302674078210333e-01,-1.000000000000000000e+00,9.653014248710929390e-01,-2.201328861350087263e-01,2.441723651197220679e-01,5.406160645102590090e-01,8.191066967457713011e-01,-1.371626530081738460e-01,1.066899009742129090e-01,-5.714171363238479406e-02,1.702417500429956043e-01,3.283800373385784011e-02,2.682674245146470238e-01,6.809234155503121055e-01,3.326087540347608118e-01,8.985773151620905785e-02,1.049363745298093620e-01,5.082102103486245692e-01,5.314314093062069005e-02,2.949702127568013532e-01,6.570132009205992968e-03,4.406829145176693330e-01,8.382166784906222023e-01,3.813417734815751636e-01,-3.713501495057994761e-01,5.665255837867652078e-01,-2.841699009962030398e-01,4.729635310289381778e-01,-1.428928912596641176e-01,1.225864406302055176e-01,3.433882231936962182e-01,7.280506144398549151e-02,8.644254504973222231e-01,-1.047408388616930114e-01,-1.979188444970943483e-01,7.072713727411631401e-01,6.838069010326832675e-01,3.188218602642676203e-01,-2.460916983970130867e-01,2.108469307714094521e-01,6.260132909494737774e-01,1.382664738642047919e-01,8.801536122433080145e-01,7.270508521269964941e-01,3.236859534732342003e-01,5.374879754053795144e-01,6.596163658794360063e-02,1.213013530171718063e-01,8.517127689923010836e-01,8.783581030669338485e-01,2.182837687928669557e-01,2.377930580062889432e-01,1.642597536806931491e-01
-4.342450041714124853e-01,3.887789971454417293e-01,-3.284710723351919603e-01,6.730187973194005080e-01,-9.058848323168341987e-02,3.757184416492012624e-01,1.365679076642560552e-01,-4.230849441028622371e-01,4.087639661545981462e-01,8.588541035941865687e-01,1.052808961670507887e-01,-5.028719244310515535e-01,1.740551254017805027e-01,2.881824043093897392e-01,1.447491271879132180e-01,-1.970098277082194538e-01,8.895279168202281372e-01,4.439787028902675292e-01,8.136845037626946331e-01,-3.801927178766758009e-01,1.774061998714014654e-01,3.980251244251262893e-02,-4.356005569051413784e-01,2.386421806083093011e-01,2.567850218984171207e-01,2.708876585819400273e-01,8.164646693216400797e-01,1.898439283550693857e-01,1.464478705518420243e-01,2.853750938569374340e-01,1.007904238789334994e-01,-4.942784045543387461e-01,5.980379374802772263e-01,9.291282873767223727e-01,5.177188961783695254e-01,5.106613532532873201e-01,5.933012774102793818e-01,6.348381240612726018e-01,-2.439402402336952047e-01,-1.271111488958845126e-01,-2.742759539407015335e-01,8.131365944103654542e-01,5.009393312564015543e-01,6.175790654531566615e-01,9.368889363502690415e-01,1.663626685042558229e-01,-7.744035885708280276e-01,6.592330410395969009e-01,-9.644243099599318636e-02,-1.040856002275228204e-01,-3.717953586794406906e-01,-9.765758812931026878e-01,-4.864299073650060756e-02,2.129744294900737800e-01,2.170819079332763080e-01,3.667138813045555668e-01,-6.264512219181030961e-01,7.029232576490832551e-01,5.425343598390132138e-01,6.241127838320478793e-02,-4.949001327996227495e-01,1.420055638235767914e-01,1.422190284636329627e-01,2.528561288137904928e-01,-7.287365533396616968e-02,8.101357540260387124e-02,6.727234489817013330e-01,3.161022703053134597e-01,-5.572581514444060330e-02,1.492938729081673410e-01,7.242845432948379347e-01,1.417421107608801967e-01,-3.336704024100947685e-01,7.146410095771010829e-01,1.791055128435478649e-01,6.227158718009667693e-01,7.320452475768319811e-01,2.024281458080255669e-01,-2.750035721965630314e-02,3.991066883427392409e-02,6.917806908047445802e-01,2.728597515279311270e-01,6.471701097040757356e-01,3.013979173746189066e-01,8.359795173519054545e-01,-3.635063329624688699e-01,7.081495359356472230e-01,-1.222124579066940636e-01,-1.927018532030218556e-01,-2.781171020009319261e-01,1.978588775044758385e-01,7.675140154829023231e-01,-1.992997151963003810e-01,5.034772913437806086e-01,6.768883376390719686e-01,3.477156669164271352e-01,6.219453869505099375e-01,6.841837834767134918e-01,4.031464490539408141e-01,3.907826307944780586e-01,2.049564305874513603e-01,5.382330031829335448e-01,-1.777148879868160058e-01,-2.796025853500508362e-01,-3.291405869156253661e-01,7.553755546028267931e-01,5.191025338071380002e-01,6.722078834972269323e-01,8.032865377345542734e-01,1.873445372611216020e-01,9.235301847715448043e-01,-4.159618544828220382e-02,-1.455147353238608610e-01,3.008860892439179646e-01,8.522452130872179010e-01,8.112639263692121849e-01,3.579856775768600063e-01,6.878001873353588591e-01,6.604743432625880262e-01,1.070989002897211329e-01,4.076429769653345248e-01,-4.711397066869500369e-03,4.763371388250712823e-01,5.305200089079803449e-01,7.727963566233162496e-01,7.866938704955367401e-01,7.344683572330199528e-01,3.819384895952020464e-01,1.213145835329716565e-01,8.950976162361551358e-01,3.352255310920099207e-01
-4.303360849881306127e-02,1.369856340326824906e-01,4.556841532391916472e-01,-5.059442010562852365e-01,1.000000000000000000e+00,7.648200535828787450e-01,-4.578865931818553170e-01,2.622302192206137084e-02,8.981957610854076623e-01,5.099840634444382514e-01,5.767955789450960324e-01,-4.062237257772804977e-01,-1.640447143780630612e-01,5.124936886513080658e-01,-1.073002997763352756e-01,-1.598431561063598863e-02,8.997409652846123373e-01,-4.988226824012004235e-02,7.231870724807192286e-01,-1.952940648204124219e-01,3.710993289847593912e-01,2.029222923534693412e-01,-6.572518778855716004e-01,3.903580537566742059e-01,-4.077452799577895720e-02,2.747839426086485792e-01,1.000000000000000000e+00,2.998372753890076181e-01,4.362004035024159565e-01,-2.982329906403346706e-02,-2.011892484918592072e-01,-5.059873976053235189e-01,-2.940402933911293037e-01,7.217004681405693178e-01,-1.822808544528031205e-01,1.687590564178680086e-01,5.489609073357096802e-01,5.599294729241102025e-02,1.489703079616586101e-01,9.767366679282669939e-02,-1.985428453875285881e-01,1.519060105289609386e-01,-3.959862344363841435e-01,-1.249619308820377472e-01,7.137264629159620899e-01,9.290819215658926433e-01,-2.595945690279032325e-01,6.884271151557656010e-01,8.706063769746776870e-01,-2.686091565776215218e-01,-6.371074397259788302e-01,4.559749224958093983e-01,2.588875340372873701e-01,5.535528418758398767e-02,6.058160946390718227e-01,-7.844859722963484772e-02,-1.597269540940245425e-01,6.924501915007870434e-02,6.560683117925844021e-01,8.579010200819527088e-02,6.497412257048306161e-01,6.520207777916455782e-01,8.417360331276086960e-01,2.331472988218864228e-01,-5.002336346482343377e-01,-2.647530138748018236e-01,7.953709460669947662e-01,-2.037870504058173493e-01,-4.201807512622493523e-02,4.289088415525670744e-02,7.941058813006366401e-01,1.525347006762165780e-01,-2.773751610005436782e-02,3.847340971366842721e-01,7.736063575035334594e-02,-4.636001421846801945e-02,8.821660376123235947e-01,-1.221399358853226397e-01,-4.281952709184042027e-01,7.177591025418326165e-01,1.643414791712374812e-02,-7.380376903146935730e-01,1.780664905672760812e-01,-1.338871631827276421e-01,6.984343165488612337e-01,3.935290975861183843e-02,7.274948423449558721e-01,-2.552126769574390996e-01,-2.364965357375549970e-01,-4.329136507953268986e-01,7.798748023048840405e-01,4.212341204530810623e-01,7.860477130328351603e-01,5.402945607102772607e-01,2.768789930313663231e-02,2.658197790488276979e-01,1.027076235224550493e-01,6.393935304903751726e-01,-1.921886405915377433e-02,2.222774448743678188e-01,4.582953694124830557e-02,4.121445072009872757e-01,-5.221045935306458663e-01,1.000000000000000000e+00,9.423295463943635042e-01,9.630399320439447797e-01,6.775596440634970574e-02,4.984595310116811673e-01,9.314835198207682687e-01,6.039161719729313482e-01,8.732223148439018923e-01,-2.150216977748538594e-01,-1.344641463547792959e-01,3.228216334719227493e-03,7.716548702565340090e-01,2.092629303772548799e-01,-1.829647415037682912e-01,8.380042923233869123e-01,2.059645530805321867e-01,6.702246927841452040e-01,3.115401284211067323e-01,1.111534572901819590e-01,7.031958224532087742e-01,5.266806593350443766e-01,6.640371362103874020e-01,2.176536274172395646e-01,2.858903597244882855e-01,2.268691737312038825e-01,5.580430081869475201e-01,-8.629474891993461905e-02,2.440542844187152671e-01
-1.014839443325568219e-01,3.577996620093250035e-01,-2.489196675742525455e-01,8.961934078857207719e-01,-2.584591923208807707e-01,6.194805502429459043e-01,7.906710279246889073e-01,1.287474933320555681e-01,-4.022221919899175990e-01,2.149154311413151719e-01,7.499671216869915336e-01,-2.186667307127573845e-01,8.107022161678602012e-01,3.052118992704490053e-01,3.488366310107221535e-01,1.261266719962624294e-01,1.699306127339031414e-01,4.592448943332942402e-01,1.489036234045683360e-01,3.004625777168600242e-01,2.416816878408056812e-01,-5.936109922997846455e-01,-1.606487769149837486e-01,3.777661731079999252e-01,3.480957309083534956e-01,6.555667155690291237e-01,7.652869364291027265e-01,1.242533116518064473e-01,2.140800492941419553e-01,-6.197110702703082508e-01,8.861980080058995402e-01,9.037100616705884271e-01,8.205999477183935076e-01,6.734445770014159116e-01,-3.395556246232822595e-01,1.200872481647258100e-01,4.843512981425979746e-01,1.083780052451178560e-01,-2.459861020479465338e-02,-6.497137052025039883e-02,-8.629453869524457421e-02,1.060274614577969288e-01,7.916208370378926551e-01,-6.351026048965063842e-02,7.812911014868852977e-01,1.884038843096516869e-01,-6.413980990404863913e-01,1.699180781442095611e-01,7.471698048793665725e-01,3.307815636821231919e-01,-4.766076663385495626e-01,-2.672958300269981380e-01,6.638048829729561451e-01,-3.260933345265106253e-01,2.195738716121297118e-01,7.106342633930459174e-01,-4.182930591049101032e-01,4.727479689956436137e-02,3.932991303555565255e-01,7.183481148765759050e-01,-7.850561718406352529e-01,-2.535446776696827914e-02,4.386582750836988676e-01,2.372136218182889777e-01,-1.450529478829470365e-01,-1.039770568508916956e-02,1.437518250046649071e-01,6.885649868704877274e-01,8.782273403966182057e-01,-1.084788427008035600e-01,5.038931332408108643e-01,2.178069039734835399e-01,5.446711951661911133e-01,3.254086772854801746e-01,4.813605791048914534e-02,-7.866052852401450579e-02,1.737385157236958633e-01,5.116877968398669818e-01,1.923159078785565135e-01,-6.957362991019135912e-01,5.207212680082273781e-01,4.578294925383540048e-02,8.431735936685036403e-01,4.648595957263921830e-01,7.476375357114739550e-01,-2.161961586872717389e-01,6.968310839309773685e-01,6.664066701539691495e-01,5.746427330902723618e-01,-1.808716281228178457e-01,2.720253912708335831e-01,9.864466746177829037e-01,-2.223845702587259054e-01,-9.392281009692425575e-02,8.878692562055633397e-01,9.539079438749722417e-01,7.303261752472349766e-01,8.043357717078183367e-01,-2.672473060144409107e-01,2.559250283763650491e-01,-2.792224355754087742e-02,2.106760346102223569e-01,1.788995842992532059e-01,-2.458946328830135530e-01,4.210491920534778498e-01,5.128898288363384350e-02,-3.776436588874379496e-01,5.962868645141976565e-01,-1.174512776354285221e-01,9.847522859231396808e-01,8.987972979213262326e-01,-1.605668940874270187e-02,-1.237786859720476085e-01,-2.156563720702337483e-01,4.407960240511481498e-01,2.185515571992289185e-01,5.395112914019171146e-01,1.543843574043160527e-02,-3.340531202558751356e-01,-1.285678662428648977e-01,5.308935208934243422e-01,6.658379629663726540e-01,6.220882371987591641e-01,2.859109883676275166e-01,2.780229716417972202e-02,5.130372322733096208e-02,7.120507950674557218e-01,-1.856903859370284335e-02,3.209117351222847692e-01,6.791697021465049611e-01,8.625042826749891312e-01
