-1.792186055869257888e-01,9.090084886477873827e-01,-3.344949887563097857e-01,5.778472541207294588e-01,3.881392562658596002e-01,4.102309996867302133e-01,7.862387216372739296e-01,-7.162511023911677377e-02,5.209328029596607124e-01,5.891570163680824868e-01,7.352422374920799530e-01,5.543204523453592047e-01,1.370983463309203843e-01,2.359690504988364856e-01,7.994618281610447186e-01,7.040672709456256007e-01,8.264155764474817589e-02,2.238111667159493334e-01,8.862177151208578962e-01,-2.840024813660616543e-01,4.195577739824551400e-01,4.903089653177480217e-02,-1.798365271095886397e-01,1.480840686595009115e-01,4.953719987527181456e-01,-1.654287572241180115e-01,5.899884327091212688e-01,4.961685808151570787e-01,3.833319010657421644e-01,-3.777402880423512688e-01,-6.555477981191051851e-02,-5.792046381799327293e-01,6.805541185721412090e-01,5.856735359553260079e-01,-4.544267056104853847e-02,1.000000000000000000e+00,3.386553700059168337e-01,7.632434443191355999e-01,6.085519627565325607e-01,3.616413230084843389e-01,4.431627271526282219e-01,1.000000000000000000e+00,-3.035102990670419110e-01,7.893313800335779451e-01,6.245516225368480390e-01,2.405840570682555024e-01,-3.011207226849815788e-01,6.460973909379941205e-01,8.591691960901594038e-01,-5.774461658776907091e-01,-2.591844967161560098e-01,-9.259765185428571188e-01,5.846720840026216059e-01,1.171777785324360222e-01,8.615385644884784866e-02,6.393180206462873993e-01,-7.137238487437709278e-01,7.217411295516703573e-01,8.653600907171778989e-01,7.242535179558744485e-01,-2.213935906556265265e-01,-3.146543834436644760e-01,3.298543609317456382e-01,2.807995342060158883e-01,-5.078761363906535431e-01,-2.684222817343665524e-01,-1.568449016120531531e-02,1.000000000000000000e+00,9.272196968771371228e-01,1.548009329091703246e-01,4.324807740416152790e-01,8.829877400190286885e-01,8.029715490093956021e-01,9.877509925328131768e-02,9.004524750421551982e-01,9.012226892831083636e-02,7.266864320484527351e-01,1.995744436736550109e-01,2.447724391876502648e-01,1.869463672421063094e-01,4.458690523002564049e-02,-3.991456597370767745e-01,7.730133216147360153e-01,4.985799555720181742e-01,4.571999815491959995e-01,-2.616535902839614014e-01,9.451675942397061991e-01,-1.112410290884030539e-02,5.064626020078100144e-01,1.790757616146984588e-02,7.467696579075882024e-01,7.195086736416305140e-01,8.841375313606002484e-01,3.579779272879451413e-01,3.000163582166124887e-01,-3.498607047783381940e-01,7.049424974293750923e-01,1.000000000000000000e+00,-4.532786375932464917e-01,6.658260020627867481e-01,3.685868278248073948e-01,2.432441205532116235e-01,-3.064483011365948806e-01,-2.810651933291361537e-01,5.898206051061926081e-01,4.193596901446338121e-01,-4.281156832923393440e-01,7.353012967750796602e-02,8.034877728992746437e-01,5.540494242666860192e-01,9.451263602300365996e-01,6.817150429656342048e-02,5.033633508519107513e-01,4.452166723491051137e-01,5.814213579979882196e-01,8.315521937820526954e-01,9.181014003295170922e-02,9.460084532654239320e-01,-9.974654074690594840e-02,4.432509077881224835e-01,9.023900453313780101e-01,6.850368576321143044e-01,3.403708965633593930e-01,1.000000000000000000e+00,-1.952362853015223165e-01,1.000000000000000000e+00,2.396753025609642818e-01,1.852697597164980059e-01,1.572519947455115752e-01,-6.474368647444879443e-02,5.138019465563269383e-01
9.933501601345858800e-01,2.124350137634675728e-01,7.139246940171425360e-01,-2.109102691808318608e-01,4.727852697911141822e-01,2.269338396816663883e-01,5.738739134885858517e-01,-4.917258567230383126e-01,-6.398531448623902274e-02,8.170195966367805873e-01,1.000000000000000000e+00,-4.930081461271450943e-03,7.814194415728130672e-01,4.064141949252875752e-01,3.429493804851015959e-01,3.512376830894643059e-02,7.706452193694669495e-01,6.832559847083855553e-01,7.295101489711718346e-01,-3.702007277861572576e-01,2.278310767226226219e-01,1.098680879950774125e-01,1.577268096259372143e-01,2.068141731212313761e-01,-6.631287989626939716e-02,-5.230528632015823964e-01,8.290867481804439221e-01,6.544223798015331717e-01,8.257466883013203640e-01,1.000000000000000000e+00,1.190808864322710076e-01,-6.399726487709040956e-01,3.451065705317205579e-01,1.000000000000000000e+00,4.010173191601168474e-01,9.952880301317479361e-02,6.043138490895901827e-01,2.129293476230061100e-01,8.715921635334371587e-01,-5.468595626428974371e-02,6.721963253145462058e-01,9.440394475477936753e-02,3.028720764883167660e-01,3.277019538955490419e-02,6.875031275658654017e-01,8.918590765038466595e-01,2.067872103562589936e-01,6.151233667538930083e-01,-6.121207653757670258e-02,3.662737933910312216e-01,-5.054264679718702136e-02,1.339704009142329011e-01,6.089104874457346162e-02,-4.688333008947249136e-01,8.356421388689790897e-01,-2.750163082335045361e-01,-6.671719529373756341e-01,6.648961242752833567e-02,4.310688796969653902e-01,3.048313990434745602e-01,-3.949333018680298291e-01,2.818772754982504236e-01,6.323748766611145822e-01,3.977268677189537138e-01,-2.560858341170631491e-01,-5.405652592350417285e-01,8.317139675128662479e-02,4.721848834590655630e-01,-1.038081816245485650e-01,2.852251482251314529e-01,4.390385095903135970e-01,5.895351732429280345e-01,4.592573210763365443e-01,5.978366536472993209e-01,6.487028639483448655e-01,-6.977199656027918695e-02,7.282766898894466046e-01,3.513387785932881591e-01,3.433628245689701597e-01,5.497933714871082733e-01,5.291415786692714729e-01,5.207518565959857737e-01,5.977966256435256476e-01,1.578325972967309365e-01,2.359975979345189379e-01,-2.389191323715792181e-01,2.030813594411337662e-03,6.475118071777633544e-01,-1.786023222613058181e-01,-8.485208109041252750e-03,9.232538609241466299e-01,5.957550932072659400e-01,7.949251520145783623e-01,3.636867966518004813e-01,1.744059702745214546e-01,-8.673696241782818950e-01,6.855592537535751783e-03,5.171136391725729142e-01,-2.898863504750368025e-01,6.046574740422295813e-01,-5.038692511369087523e-02,5.886174798935719377e-01,-4.322093305300123700e-01,-1.917833507644924607e-01,5.509912314978918646e-01,4.365070238595266661e-01,-1.131795895046454059e-01,2.070247888156165061e-01,7.361052501115813440e-01,6.267083589496007523e-01,3.495719285043459301e-01,6.585980196300100786e-01,6.214822609204661008e-01,1.833877540106799153e-01,7.216733917987204761e-01,7.267841667381990112e-01,-8.640384668524929423e-02,1.203754928830852167e-01,-2.151669403743859243e-03,9.611822627011515352e-02,-5.330393355256628496e-01,2.399943774929756343e-02,2.570059291125759843e-02,6.996699545932204556e-01,5.753564792568524044e-01,9.995216258403409257e-03,5.738662818992890102e-01,-6.586427458903107435e-02,7.073394589092750762e-01,7.564122519233392739e-01,8.366242163916294272e-01
-3.105021940108811385e-01,6.767946980127764744e-01,1.186112780587355309e-01,7.649399143758210950e-01,-1.567091721273765892e-01,3.786537541493255610e-01,7.287096960859621442e-01,-2.482502913643203635e-01,1.190641306552482626e-01,8.301319161263042146e-01,8.141270381237739606e-01,6.814777646882986817e-01,-3.649917672088028725e-02,3.105099190838767065e-01,7.781794412866258615e-01,7.131778137215941671e-01,-1.965205499953888435e-01,-2.706409237178118987e-01,7.432762586497339008e-01,5.890642611164068065e-02,1.185889864611382183e-02,1.691080986802357897e-02,-3.570859519285645711e-01,-2.823438194276741212e-02,4.236173184347087894e-01,-5.623228374998097134e-01,6.060519417306471368e-01,5.419806592434949222e-01,2.236520063760827626e-01,-6.851175136429991097e-01,1.602680645176820518e-01,-4.928696140762199307e-01,5.848501408491698639e-01,2.496599478646636672e-01,-2.015175462725836419e-01,7.670709601148480994e-01,5.050016438398050589e-01,9.141939196782625787e-01,3.279780448726559161e-01,2.484367395198990580e-01,3.903023041919031488e-01,6.887126208155690543e-01,1.926063695332134451e-01,8.939557936168381902e-01,9.025897434264645858e-01,6.356577352561518235e-02,-3.101703863961364216e-01,6.710769783587127169e-01,5.935629188637688847e-01,-4.928842681035796591e-01,-4.935059845668689216e-02,-5.679916807412900281e-01,6.221305826576011277e-01,3.436100637838889749e-01,1.495096782351589271e-01,7.142458793209490731e-01,-9.395373590928154384e-01,7.894780711545266172e-01,1.128460226109396225e-01,5.637598229787124104e-01,-9.953685613495170947e-02,-4.702236252909780534e-01,3.583118276218799081e-01,3.600940319602222162e-01,-7.099820958120510728e-01,-7.190377143564303797e-01,-4.977185623140250453e-02,4.580884327718202642e-01,6.535236824231011044e-01,-3.889065168339674861e-01,3.088566002890291151e-01,7.750891840360419893e-01,6.227938923442850605e-01,3.606116822630817120e-01,7.218240814689742546e-01,-3.544099106156959333e-01,7.523895080337357211e-01,4.476832431797852715e-03,1.997908808697240312e-03,3.921084023936889373e-01,2.242056286302264445e-01,-6.686786899042370669e-01,5.154730082861714857e-01,4.017414515215848025e-01,5.911376506153040999e-01,-9.424755282554804492e-02,5.309359347512921934e-01,-3.591745677111540247e-01,1.796455803955321062e-01,-1.967266403018253507e-01,7.932177017643635697e-01,5.530577334316689742e-01,5.870276573837939216e-01,3.298171295656546903e-02,1.354732671835808255e-01,-1.084627707017646187e-01,7.866405982202866465e-01,6.802716480717568848e-01,-1.518640819779347451e-01,6.243479354429931627e-01,5.426403465341183424e-02,4.089553600700062685e-01,-5.162339619741405095e-01,-2.806690706833382398e-01,7.344841107399402436e-01,2.556469159503325650e-01,-4.047357033573982799e-01,3.057837887200305360e-01,8.323740781116322207e-01,5.213594845457460991e-01,7.347457765846426847e-01,-3.222418027068219559e-01,8.186600377801016570e-01,5.069541369801143782e-01,7.137571993393848624e-01,3.639856166599018672e-01,-2.068641077219499913e-01,7.610130143251129242e-01,-2.336072793979522833e-01,9.577847053918088216e-01,7.717122129863889235e-01,6.162552168963043586e-01,1.519161455359472612e-01,3.338383129493039947e-01,1.152114901597812990e-01,7.886919862075731924e-01,1.530282954120197048e-01,-4.978980209069778368e-02,-6.250125430146215300e-02,1.109549835460614253e-01,1.248341846586497605e-01
8.709136464281026502e-01,3.484914439254999108e-01,6.660633650416662999e-01,-1.762793228487216091e-01,-5.574525947715831126e-02,5.073019126486679742e-01,5.970375386745290225e-01,-2.907027992546840078e-01,-3.075676216727825651e-01,8.071989512895872965e-01,8.291367146408774591e-01,-1.681207052482926734e-01,5.925019878202344437e-01,8.412046533836335938e-01,1.048754412143894088e-01,2.184424508528535758e-01,1.000000000000000000e+00,5.805293890463051332e-01,7.656781634182868723e-01,-2.835226873587337604e-01,9.781290740183251620e-02,9.761810383094919608e-02,-2.898913946301446415e-02,2.748585556482823766e-01,5.924984589672008806e-01,-7.024625862573874446e-01,5.862065592902315769e-01,1.827026915484322722e-01,5.808862485844311641e-01,6.222809855408170110e-01,1.836806318060231202e-01,-4.953100258162794756e-01,4.741255805984325722e-01,7.241106700121794360e-01,3.410303321776890217e-01,2.459533365737838206e-01,5.477099583517994752e-01,2.195082661704649274e-01,7.038710729709577452e-01,1.750472893927756957e-01,6.602952603108448448e-01,1.274377848830729465e-01,3.222405406183143639e-01,-5.002301469137045153e-02,7.087201701504884932e-01,6.181013533864253562e-01,3.323369406038277352e-01,8.285997637898404600e-01,-7.548915881674746198e-02,1.381182202810763149e-01,8.934072422235192490e-02,2.464922844877641128e-01,4.376159934930348022e-02,-6.482064877357676114e-01,4.478587471630204875e-01,-2.214872569594909524e-01,-4.933899944817949912e-01,1.299553658069850515e-01,5.661364830007921123e-01,4.531586854715839718e-02,-4.149138933192413753e-02,2.244872971765079772e-01,9.462724955317889375e-01,4.259437324336428077e-01,-2.663647693692807947e-02,-7.085932108691475051e-01,1.278055602676392011e-01,7.120456935064228832e-01,7.999175042038048078e-02,6.902509525117777045e-01,2.978637781107774107e-01,6.486390782198324656e-01,7.311205837528320650e-01,7.250486313352637602e-01,4.142329566449198808e-01,-4.123174233955863299e-02,7.325405094137280582e-01,3.339180332042456234e-01,6.052187115720698563e-01,-3.513124418230877399e-01,6.293232407733233558e-01,5.325404978997224648e-01,5.355134491218591641e-01,-4.055324169498463610e-02,3.413157021757410314e-01,-6.723825963251180982e-01,3.191603471974929773e-01,7.728105101489685103e-01,1.190438013608147577e-01,-3.565286009878315121e-01,6.869857823919621742e-01,5.979362907500777036e-01,7.012332728190163733e-01,-5.442690679884544525e-02,1.938343409368111503e-01,-6.303358325647619997e-01,2.170670027981417838e-01,9.071005812425678716e-01,-2.512831817104198562e-01,6.074386089242190812e-01,3.447973732680750802e-01,7.742771919945929948e-01,-2.348718738170994524e-01,9.370099193324524234e-02,5.795040124255673719e-01,4.203831109643372810e-01,-1.842377802566066702e-01,2.168347864807532444e-01,7.461914179247074452e-01,6.727248366624797304e-01,2.682678915629804761e-01,8.043913121462265003e-01,7.852642729677918876e-01,6.469048783366443400e-01,7.917350103701679132e-01,2.537898547373600988e-01,-4.262365140259089524e-01,1.271991097948987348e-01,-8.327666936639897821e-02,1.682617766513386792e-01,-3.221436964570136841e-01,-4.658972404822288305e-02,3.017821605328780410e-01,5.024258590724781648e-01,5.156015263087686540e-01,1.743392387846286751e-01,8.024579845266981426e-01,9.085346415469822134e-02,8.244636666236614397e-01,5.855249632017270889e-01,6.747788983599123380e-01
-1.857713500777262994e-01,8.578930317485990997e-01,-8.020640325277995919e-02,4.638005667031943058e-01,3.431235660876192362e-01,4.755992746608360688e-01,-2.568503578127042664e-01,-5.375260362555217553e-01,-2.362777488103153523e-01,7.466431753173359553e-02,8.954882473169405444e-01,-5.350103809830341062e-01,-2.247398424999475647e-02,1.171595639683626067e-01,2.847758213811710792e-01,2.895253104303836533e-01,-5.732576480214764819e-02,3.270355059151348609e-01,7.435948639250151704e-01,3.757356438152011924e-01,1.625351514855969404e-01,5.202530131532577817e-01,-3.395566650788311436e-01,3.784317954780478943e-01,-6.893160619043504911e-02,2.980129670747463932e-01,8.913364958628923196e-01,4.647746259750283326e-01,4.322400623884620208e-01,8.528090069397608053e-01,9.838925282396683292e-01,-5.048351432222942803e-01,4.628810371304569737e-01,6.635747734539797493e-01,9.644263366361139900e-01,1.280504840500861219e-01,8.684217287797852958e-01,5.283920761169353941e-01,-5.012637206687824420e-01,-6.340169681842323934e-02,-3.587031688464639712e-01,9.733213612680216009e-01,-2.297692604908747604e-01,-3.031223439283688426e-01,6.632962550764726073e-01,1.766685396757905480e-01,6.857478618073354903e-01,5.640769951298199025e-01,5.022892622422202996e-02,1.588153974101153831e-01,6.930695496014163126e-01,4.840400898271725594e-01,5.440164223468636484e-01,-7.972017132065077893e-01,7.126591258433377929e-01,4.338053179340740639e-01,-8.487695664261202255e-01,7.324272458273888287e-01,2.566573985902667054e-01,4.128116820390744235e-01,5.377633166282565214e-02,6.035302985403849796e-01,2.411251117657765008e-01,7.638086869768386800e-01,-1.953149795780072528e-01,1.527762305065531456e-01,6.845058505634677992e-01,-3.501133915584124234e-01,6.447388004265809380e-01,-8.225630658485001689e-02,6.685176794764349228e-01,7.885715807874269512e-01,3.963386086733072244e-01,8.605074313707701261e-01,8.411310058259728606e-02,-3.259566073053407620e-01,8.092036987993996844e-01,-5.116396692478774044e-01,1.181501519382399251e-01,-1.970915976571768063e-02,-3.699144831396070782e-02,1.064257772697054655e-01,1.275698804244744522e-01,8.135583697636566969e-01,7.375574156694806316e-01,-3.904802507289356073e-01,2.792677414100070421e-01,6.066542191994974687e-01,-1.297753194980963698e-01,-2.519485786679097616e-01,9.646388627372963487e-02,7.698945610314871235e-01,6.523144300100659765e-02,1.306265330480538278e-02,4.149808034638223231e-01,-5.675604390416152389e-01,-7.889728237457244164e-02,7.341219815961910200e-01,5.140913013880866744e-01,6.624654747717990677e-01,6.985780338234696130e-01,5.332766525205039354e-01,3.692617478848064794e-01,-1.587248711642632593e-01,-2.656318086039249349e-01,3.562146047725125997e-01,-7.948544325276266087e-02,2.673610855057682034e-01,-1.263304669240853106e-01,5.658839230173188378e-02,6.236115993736209007e-02,-4.058903571482316841e-01,-1.142805464903083879e-01,4.807714099047883383e-01,9.212182542467212132e-01,4.481958237055452821e-01,5.292937637019234920e-01,6.890329486821696880e-01,-1.729347189205442392e-01,4.426659366589594802e-01,-1.137106529939782701e-01,8.415497679160514055e-01,1.088907895077284166e-01,-6.802686937954545432e-02,-2.200311711831847220e-02,1.219967018109841955e-01,3.163858721718074141e-01,7.261924960372757587e-01,-1.491000552718305672e-01,8.600362635473429718e-01,1.000000000000000000e+00
-7.840984702817242746e-02,8.226803714485765306e-01,-2.869427480861197477e-01,6.453206897569045974e-01,-1.279346461036551807e-01,4.353003362356938077e-01,-2.824520746291958040e-01,4.881147500873788680e-01,6.153627643851780071e-01,3.683552972213473553e-01,2.589078228711780838e-01,-2.285127614158830034e-01,5.869157692500809147e-03,3.749305781614997168e-01,8.823672499568895322e-01,6.518313857356421437e-01,-1.657885033673559272e-01,6.234836181634220154e-01,3.862403677197557283e-01,9.636010600067341780e-01,5.156351159254546346e-01,1.320238472603371405e-01,3.270103975370901028e-01,3.153180040695480191e-01,1.075285496860829415e-01,4.071958744763767291e-01,8.348171590672583964e-01,1.543699731289880361e-01,3.840780511519112927e-01,9.034179125788257547e-01,-1.191391824651718001e-01,2.457215058132870555e-01,5.551424911093146841e-01,3.173135168817091678e-01,5.390048860119930341e-01,1.555055050239166625e-01,3.526341342881963437e-01,2.389566221998775386e-01,-4.942716905209121880e-01,-1.750092257006288440e-02,-4.016594550619095871e-01,3.076793831859310144e-02,1.883399577636870603e-01,-8.732857234170811334e-02,8.232011238584250323e-01,-2.408188726804300628e-01,-7.011487822363117184e-01,5.082139444632856051e-01,-2.217991434892052915e-01,-2.279605347229137491e-01,2.094068188041400824e-01,-2.022281840481899573e-01,5.560839906315572234e-01,-1.573401892217069289e-02,2.620134125858031293e-01,7.947065312456345065e-01,-9.168589816623448074e-01,8.501263918298965772e-01,5.209783563400300910e-01,9.077401423905342437e-01,-3.655915994497618837e-01,3.321279752589870182e-01,1.823061630837954084e-01,1.898480330469441146e-01,-4.442647529308838689e-02,-2.726679385992721305e-01,-1.216127369593181656e-01,-2.200449943450068224e-01,7.250193135449336523e-01,-3.151878910807530687e-01,6.389250099675296557e-01,-2.138112846291995509e-02,-4.939448772501848217e-01,5.793283388482559637e-01,4.416609823958080883e-01,3.225382538900218449e-02,8.041944218218194385e-01,4.193657060757689514e-01,-9.502553696854513718e-03,-1.389648146082813340e-01,3.743978097552760204e-02,2.963603471026251546e-01,7.935263821217558577e-02,-1.992343387953517675e-01,5.474762261800040219e-01,3.401986820036166370e-01,4.160196014769731304e-02,7.596001566571332075e-01,5.750155500411751053e-01,-3.085621390866410962e-01,3.985397916467910417e-01,6.423414990517694045e-01,-1.292326456487669639e-01,-6.528423007305121650e-02,6.417269212386012001e-01,-3.883589848758318142e-01,7.283721029184416773e-01,5.611817451763200237e-01,-1.815790035943644076e-01,4.957615519584959163e-01,-4.935427000469375797e-02,6.491889134347468282e-01,-6.030456418342632352e-01,-2.749898941754867765e-02,6.973179909265668774e-01,1.446372782095715348e-01,-3.607742875741041244e-01,5.172701836761109950e-01,-5.491162452047230330e-02,-3.850534497256033473e-02,1.033615601309558901e-01,-4.335843405248855364e-01,1.068677299127613056e-01,3.104998104591081831e-01,9.761635614062886823e-01,7.949583708707468055e-02,1.980847109292631636e-01,2.347179881551895997e-01,7.731608479132087153e-01,-4.637648016281478019e-02,7.537554588424465463e-01,5.941106485326868025e-01,-1.453222871041251474e-01,5.225104978452073112e-01,1.065195240953948352e-01,8.079733036944198865e-01,1.674639829051251250e-01,-8.749949452531299854e-02,6.131736349746006454e-01,7.946483098239720544e-01,1.091440504034682790e-01
-1.892984097468742299e-01,1.179558746496305738e-01,-2.886682864223307776e-01,-3.822952678902359347e-01,3.693676776748172630e-02,6.543596710633872160e-01,-2.746959537102421356e-01,-5.437365121485242536e-01,5.887826636988056084e-01,6.527111714694050493e-01,2.258817194997805311e-01,2.931853995832932047e-01,-2.579452026745842064e-01,7.303667042235503226e-01,4.885075863141792318e-01,-3.679328305418225892e-02,5.640762407321073812e-01,-9.065386298176660029e-02,4.916482993667711243e-01,5.202069801323613296e-01,8.780040788761357684e-02,3.142862067885051625e-01,-3.549421846731964925e-01,2.255112905293273073e-01,-2.298731370293413123e-01,-1.884963988548706004e-01,6.591341210788046467e-01,-2.386381306151822215e-02,7.883242320120213975e-01,3.029538080859071614e-01,6.819030631478740778e-01,4.862817436863831055e-01,6.083031328714577635e-01,8.192731109127745492e-01,-3.393129989348970255e-01,9.536491035181746123e-02,4.012550730596322612e-01,2.543384993727612065e-01,-3.726362595041848857e-01,-1.907486715310779957e-02,5.351440855860155610e-01,1.346508888430581197e-01,3.921604915963582960e-01,6.276839270534811943e-01,5.237952179096611038e-01,3.867209370753846853e-01,3.320596407718712784e-01,2.337664362020506759e-01,7.902098854291789154e-01,-5.472944849449439264e-01,-4.554883079296844772e-01,3.415713791124648790e-01,6.941826832208500275e-02,2.715662628617873664e-01,6.114076311894158788e-01,3.791911959351941808e-01,-8.752127587924273255e-01,1.164470421055388422e-01,6.433091976782466803e-01,1.805572267317492874e-01,2.625789206959811550e-01,-6.340250283513841900e-01,1.000000000000000000e+00,2.674120323681151157e-01,-1.578131744767902467e-01,-5.714910054820564467e-01,-5.005521095387096414e-02,-3.593372869370080047e-01,-3.313928118565245828e-02,2.603580871261537699e-01,-3.191560471713580927e-01,1.184917082983901332e-01,-1.013800458867323284e-01,4.415967576546371287e-01,-1.642453487486380259e-01,4.369343870072078112e-02,6.750573327219526742e-01,3.659049886989604872e-01,3.704800370568775980e-01,9.823136044608674067e-02,1.000000000000000000e+00,6.439353100911411332e-01,8.011845554054504159e-01,7.883431874480292256e-01,2.298907805836178653e-01,4.064250401248352129e-01,-1.674094002857235142e-01,-6.142121338134989145e-02,1.894092857749487754e-02,-4.978435727480581274e-01,1.190035207397946437e-01,5.880763762281209228e-01,-2.236853829809606203e-02,-1.164367049541685517e-02,-2.356700955954488946e-02,-2.013388336510583687e-01,9.147286910279687211e-01,4.233473011779874673e-01,6.032173461974843498e-01,1.211937768581789476e-01,8.633026194818159693e-01,-6.337109668350542346e-01,-4.684302079600068391e-01,8.234400979083024152e-01,-2.321995175107104681e-01,7.587474317899196574e-01,1.706830429688979411e-01,2.061351513324478080e-01,-1.319124484365772620e-01,-1.093312789096517607e-01,-1.802260834693635797e-03,6.543738978123522232e-01,-3.355755632424652357e-01,8.704838807207619933e-01,4.569885327641761141e-01,2.276017399908767114e-01,5.340603231012187591e-01,6.136772754217827419e-01,-2.098951779846050178e-02,6.165301619222696150e-01,9.978060408115169144e-02,7.548509051629659350e-01,6.087376255273187903e-02,-3.335365665903789467e-01,1.238953935085445324e-01,1.612190392124647209e-01,8.048938292261038630e-01,2.417202346414280001e-01,6.387883063024004000e-03,9.459229927777276781e-02,7.108431729327081561e-01
-7.386489222583972891e-01,5.731261740958234485e-01,-3.750580304326622816e-01,2.174244598366990577e-01,2.683906175810448214e-01,6.934040356838025998e-01,3.502272387814751031e-01,-5.242049082897596302e-01,2.551304773457488406e-01,8.166849399989002389e-01,6.364283566404558279e-01,5.342805813632104384e-01,-6.867418433845285351e-03,7.097158720974704460e-01,7.114040250229204387e-01,6.035785568125829892e-01,-2.151548363817449572e-01,-7.046295399088793598e-02,6.352982570782959026e-01,-2.493822116688499957e-01,2.911777688790035956e-01,-1.600223386834598860e-01,-2.989674000420585176e-01,8.069284082249192358e-02,-5.398350010959270806e-01,-3.274705843745835954e-01,7.299457558231855492e-01,8.272944260045123066e-01,4.311071478756507425e-01,-4.734315714837575850e-01,9.415402800439810760e-02,-5.139705894781999573e-01,6.077531976371579603e-01,6.086724646300245567e-01,-1.925826703871429124e-01,7.530101244693760965e-01,7.706512787385492169e-01,6.400359834599345099e-01,3.115972208357429274e-01,-3.550342939735485343e-02,2.349499005004389018e-01,8.216301051122751886e-01,-3.609842600663814571e-01,2.353903719173210118e-01,7.552596191293478034e-01,1.750969292451456105e-01,-4.846145761898708604e-01,8.089181421203460731e-01,3.118033846730691172e-01,-9.863199535287876518e-01,-9.463591053340968395e-01,-7.846915007378973961e-01,2.970167471149328664e-01,1.798875215645291958e-01,-6.486760318245361756e-02,1.381153561173382172e-01,-8.993985861835080975e-01,6.652386170622435202e-01,5.798381573796174138e-01,4.559564527117869748e-01,2.729855685064200843e-01,-4.607989659110885983e-01,4.191645629401062334e-01,1.946439527785372159e-01,-2.907776328909196795e-01,-1.000000000000000000e+00,-1.033992968890484337e-01,1.945470319569100881e-01,6.210236110457525438e-01,-1.805664191704439425e-01,4.958838296243839872e-01,7.487210035082448867e-01,4.356940835105764243e-01,4.690389573814282009e-01,8.324452172116693360e-02,-4.179581711331765148e-01,6.324526277760932347e-01,1.550710716633201813e-01,1.250099627257794943e-01,5.564670963969051698e-01,5.072380913104484329e-02,-2.704911133510997101e-01,9.306057245470266137e-01,4.704692513094902995e-01,4.137124298908193554e-01,4.780699581218508798e-01,5.761765282307980129e-01,-3.539989871274422661e-01,4.181534222491066488e-02,-3.506316955879819619e-01,7.160402317577543307e-01,9.750675660099371589e-01,6.117818670214342225e-01,8.156418065036111220e-02,-4.285385574220738902e-02,-3.361671311284369357e-01,6.834791099787137503e-01,3.929604765806224975e-01,-3.431946640363354728e-01,1.000000000000000000e+00,-1.953779287155392452e-01,4.143842946537024674e-01,-9.639152976544216322e-01,-1.470951829914552977e-01,4.878015988133763692e-01,2.460901428958650883e-01,-1.134225914655472428e-01,1.152425513482303876e-01,3.689976539763617502e-01,7.231889385451181207e-01,5.380577900815575187e-01,-4.878179889696270810e-01,4.991788213069062174e-01,5.986185340765868279e-01,9.236074529553670587e-01,-4.744178652382062371e-03,1.335114412604384848e-01,6.982831373174657186e-01,-2.306858329364643578e-01,4.330872746527011374e-01,7.828075591170307046e-01,4.802772865107390321e-01,-1.445784784884301677e-01,3.688764501954929775e-01,8.616747240217392800e-02,9.392559105705334810e-01,1.060999420341330879e-01,-3.937661106681166201e-01,-4.533971017582730245e-02,6.411933438346521796e-02,1.625992940451553570e-01
-4.598515199779434903e-02,2.518539386253800250e-01,-4.542601308595281551e-01,2.640884288525402468e-01,1.418151950526200800e-01,5.017357835707525471e-01,-1.611082894106295182e-01,-5.944569420613667887e-01,7.367943263699349155e-01,2.594122467594429104e-01,2.521090919087589158e-02,-2.288133746016481063e-01,5.871344207136938165e-01,7.494790826524696525e-01,8.141257315607114409e-01,6.450187965979266025e-01,1.825592795740456908e-01,-7.318267202689884669e-03,7.092939969853121474e-01,-3.139869806094964799e-01,5.903801297531154069e-02,-2.505775771010138597e-01,2.376806235200307899e-02,4.042203237999144050e-01,4.692390623392333690e-03,3.440596884704511527e-01,8.421745022362003841e-01,1.520671533007841858e-01,3.520231984881343479e-01,7.384005457156156416e-01,6.323467485966068891e-01,-1.660765351691338015e-02,4.657595976903955437e-01,6.866210553401699279e-01,-3.474587739000044029e-01,4.445854427877828086e-02,5.057243979731353978e-01,4.229702722061329939e-02,6.045871507882497609e-01,7.937202933600459032e-01,-4.321999233061047385e-01,7.219017789963758647e-01,-3.294949554950843962e-01,-3.175268564457366383e-01,8.677517627606021744e-01,1.912488786488261983e-01,-6.715955521889389879e-02,7.768275631789842706e-01,1.574748129470835700e-01,-4.894130858653610860e-01,-6.813858257585593270e-01,-1.412546133426827166e-01,-6.226645582846560001e-02,-8.655448157067385795e-01,7.786236699611414069e-01,-4.700113074144082193e-01,-9.252728381083195064e-01,6.278709952874308442e-01,-1.458581070686257308e-01,-1.186511341243991352e-01,-2.516431989407330594e-01,-2.491780118433851443e-01,3.126690275048669143e-01,3.391876335842625712e-01,1.984188785405178179e-01,-3.008571327500295101e-01,5.908169058837476131e-03,-2.329199019063525611e-01,5.682896970785664692e-01,-1.471509998514390627e-01,2.958115489238529738e-01,8.227968655076834947e-01,-1.426579552145822993e-01,8.795137734859395096e-01,5.859111648434047748e-01,4.943269917514031553e-02,7.438396993258138412e-01,-4.540701884534528721e-01,-2.449002438631301681e-01,-3.512478555918961964e-01,1.785153426394452819e-02,-3.733743864507896304e-01,2.292923291964178989e-01,-1.000000000000000000e+00,3.694297896164031036e-01,-4.445412668271244566e-02,8.239255670606222548e-01,-4.478229353020355963e-01,4.937111375390295653e-01,-4.314172168572718014e-01,4.619252380822077564e-01,6.619509660871630841e-01,-9.640448950648519699e-02,4.027211816444886683e-01,2.951112118866064393e-01,6.061804648663930706e-02,5.116971520797950618e-02,3.803365776354421524e-01,-7.838634124841950546e-02,6.280033060384175858e-01,7.702391809483752350e-02,5.154802900216111095e-01,-6.397155449578548758e-01,-1.001737151550745192e-01,-5.419843816368712375e-01,5.413167259303971468e-01,-2.039047708834954564e-01,2.718292522138135436e-01,5.476375143279448299e-01,4.825995773733663952e-01,3.617529212887041767e-01,6.771654553511591290e-01,5.922928764803666590e-01,-2.950942968795030041e-01,5.434329886495782302e-01,-3.062076299626646514e-01,4.553600638946975754e-01,1.273840111393388652e-01,8.009034744356376967e-01,7.919594802822670365e-01,-7.401598114525403949e-01,5.269102985495838221e-01,-1.261672453435958852e-01,-4.953342952658404755e-03,7.575343946866973655e-01,7.165120259230787214e-01,7.312970214215190889e-01,-2.758433648179375863e-01,3.285606029858454541e-02,-2.820549598630278099e-01,2.908066768086415843e-01
-2.454366206344557322e-01,1.275811840067041514e-01,5.929841303059057989e-01,-2.273422111342183471e-01,1.096004481541777986e-01,5.008185734827367286e-01,-3.895607741609138919e-02,1.181464009002588106e-01,2.804405987048070314e-01,6.884523732325329437e-01,1.078668844398743276e-01,9.158629576351805524e-01,-8.092659475316812262e-03,7.712317673986983646e-01,1.773268053068106365e-01,8.580411773962834943e-01,1.790418217575226456e-02,1.461866910774647643e-01,7.614761918153283293e-01,5.229917565417978587e-01,2.163867833599347201e-01,3.113480136025512657e-01,6.472847759339629414e-01,3.559776979008064113e-01,3.801693589447864285e-01,-3.658769927935185406e-01,9.110482982108132344e-01,1.000000000000000000e+00,2.879025809948756454e-01,-4.294078496393293198e-01,8.613876522500326649e-01,-2.712785625231839415e-02,6.759985945681622477e-01,5.940536345536797658e-01,-4.281387920561198213e-01,9.814712621267672743e-01,3.979078995323325207e-01,7.341169422558068147e-01,2.682980208003613726e-02,1.437058072046966117e-01,2.770843699062926491e-01,8.468793846869745456e-01,4.335386548310741217e-01,8.623659114586934571e-02,8.197658554427799116e-01,7.029111525031622731e-01,4.797972053819868354e-01,5.761681130270127627e-01,-8.629868018346155412e-02,-6.506080235016316049e-01,-2.251678634982407778e-01,3.378752871237581945e-01,4.976352988395916777e-01,1.083384021755691567e-01,2.380651962839915592e-01,8.833779288399742358e-01,-8.435873232517742126e-01,2.692942002390225076e-01,7.347600478686272529e-01,6.878399012480794772e-01,-1.966641284844657112e-01,-6.294038005374518185e-01,-5.651517017500672091e-02,6.449286066562781583e-01,-2.508423064654936030e-01,1.808292283999121675e-02,7.829328563601729574e-01,1.305464040688937011e-01,-5.759555557914902008e-02,4.759238583451820270e-01,5.533432675806004841e-01,7.549074314515237250e-01,-2.649726850140200485e-01,2.322474199656374971e-01,6.519640673178285217e-01,9.583519659222058396e-01,2.906128161190242865e-01,1.386156759157685381e-01,-1.214718856048180168e-01,3.627140261195744841e-01,7.116345711328618817e-01,5.178643337519370782e-01,4.566516990744173277e-01,-1.824116907736689219e-01,7.863142562605889285e-01,-5.797544919082696369e-02,7.705645498562250229e-01,7.795439831155933641e-01,4.555742997917653359e-01,-2.860220054511325091e-02,4.974567939618541046e-01,6.715904231065698005e-01,6.016166809602943033e-01,4.390263293543904544e-01,9.903216342424063789e-01,8.664046938241861673e-01,1.217836020239668193e-01,6.429700414663495067e-01,-1.572203268899797779e-01,3.986652696900405690e-01,1.093246023967388162e-03,-5.728676079053490744e-01,3.760097168432807030e-02,-3.533821828603915007e-03,5.547450747985362973e-01,3.056842464620722621e-01,-1.540662801900911927e-01,7.368034201599553690e-01,-5.864796285159931677e-02,-1.936615583037129551e-02,2.056845142049347486e-01,-2.058847255123595621e-02,6.019809786577918764e-01,5.574757574374493707e-01,6.868758979358607908e-01,-1.200824710997791117e-01,7.271531155187447304e-01,9.592687956316169329e-01,4.963019713620850926e-01,5.942611698686672828e-01,7.701794296236786908e-01,9.005025753642760256e-01,4.940353010158170521e-01,8.165639524709367159e-01,2.109714809545278069e-01,1.253867727864197701e-01,2.156512887128295974e-01,6.437751125072298242e-02,9.245430032848704627e-02,1.974265299903325919e-03,3.096951940762411870e-01
5.521179685575224871e-01,8.288004028192246242e-01,-1.903303709111024977e-01,5.725153992210874065e-01,3.845176450573434962e-02,3.148083111293309977e-01,-3.149351172145307132e-01,-5.785799634410799808e-01,3.778182369641539529e-01,9.716779450627187620e-01,1.847512155199859396e-01,-3.843614576530623439e-01,1.106133547508276610e-01,-1.726727260684105814e-01,2.264642098663298408e-01,6.604138673780833926e-03,-2.386724912607443294e-01,2.054990221778413839e-01,5.028857082108455501e-01,-2.126972154432717199e-01,3.685118669926882445e-02,5.018842789236005464e-02,2.232804195103003653e-01,4.991203418454451812e-01,-2.393403698586406003e-01,-5.812494439326897355e-01,5.763896491343034612e-01,7.523681185137774952e-01,2.600085532842113523e-01,5.953703011497716302e-01,-6.520994531246133985e-02,-4.405389181451107583e-01,-1.484482846579747162e-01,4.896304891153672734e-01,7.074341457808540623e-01,6.692940073970740089e-01,7.434541818255576695e-01,1.579924112234271927e-01,-1.663885241302105189e-01,-2.592915457055201128e-02,3.760007120382093393e-01,7.993055574406924269e-01,-1.014984024949279889e-01,-1.981056416682060173e-01,7.403015411766439291e-01,-4.504132095920190815e-02,1.731565982019682426e-01,4.844570540267923442e-01,4.830011703234958764e-01,2.563445065651475674e-01,-6.155572365873255430e-02,-1.532177777721795697e-01,-8.577746608223094094e-02,4.824908313089921186e-01,6.135154416049889425e-01,7.331876556040092252e-01,-1.929747897689864655e-01,5.925423472740373176e-01,3.634326484332761065e-01,7.618160837108003403e-01,-3.944555253957007790e-01,3.899420211002468384e-01,4.100847215269124435e-01,7.230022560079347738e-01,-5.404197884867047857e-02,-3.560213891007293907e-01,-1.309824177083458441e-01,2.736593753996538481e-01,-1.499373838058353503e-01,-4.462131309090228148e-01,-4.362181852448716174e-02,8.937617857267740606e-02,1.899631653786317820e-01,8.631079023342337342e-01,-1.431380442294814537e-01,-3.453440969621158763e-01,7.262978106937652001e-01,2.007199872240839345e-01,1.649748285037706264e-01,1.911014974996626953e-02,8.407394288127184589e-01,4.570095452016385562e-01,6.367908416114956838e-01,1.237040990344984159e-01,7.909011063120705565e-01,2.359746484506222708e-02,4.731566772685844580e-01,-7.741078584660653072e-02,5.206115176209610285e-01,-3.651026530671032111e-01,-8.097300647828151177e-02,4.078395582066731140e-01,-2.238882431102204029e-01,5.410212671315131061e-01,1.182062204924248378e-01,-4.281887644174325325e-01,6.514825116391835813e-01,9.478971648946126205e-01,6.021776844138385654e-01,1.162791701258246296e-01,5.682701796064505706e-02,-7.346541707765806839e-01,-1.080212799231788090e-01,4.771959635949053480e-01,5.239058038127469841e-01,5.727302303216912360e-01,5.115145116618393661e-01,8.195459072749612384e-01,5.257317985487339751e-01,7.558847241473892753e-01,2.932793758316059804e-02,2.807108454080818327e-01,1.239543895997978571e-03,6.088744234454626092e-01,7.957837218226840870e-01,-4.691777210320117325e-02,3.940397461792438660e-01,8.985013204721303826e-02,4.455712600962642989e-01,6.789117860583674391e-01,-1.022222534827007395e-01,5.418196328233075842e-01,5.211907426770938656e-01,-3.409348722683044342e-01,-1.475885272314197416e-01,2.908781017222211718e-01,2.382068274200314362e-01,-4.173293315030218720e-02,-1.264792073487555624e-01,4.582349543212473342e-01,7.893416976768018456e-01
-3.856175403730516815e-01,2.847879170610124189e-01,6.195799110042142788e-01,-2.122649884636665929e-01,9.340494282591814065e-03,9.337611125782856181e-02,-3.186961694756046404e-01,-3.868088193534834907e-01,7.777356004571907011e-01,7.466026821070009811e-01,2.598485810841613119e-01,2.955567142511824064e-01,1.727463566032819142e-01,1.347264239714909828e-01,2.855206119648334706e-01,5.364475544877134183e-01,1.220309468193016972e-01,1.171305187491198802e-01,9.039588933534944415e-01,4.056574565839123347e-01,8.439249664231161796e-02,-6.923405218936705408e-02,6.760984587697218551e-01,1.054931669446131925e-01,6.118676374568482457e-01,-2.145308694077084910e-01,8.264870093348720692e-01,4.448567001410347888e-01,-1.126846128437239275e-01,-2.834585773847672074e-01,7.289194252246316008e-01,-1.637001274271383811e-01,5.841209823387543132e-01,7.048504751963199366e-01,-8.316181384856510816e-02,6.330248464540237929e-01,2.461915862426088675e-01,7.390912580997547332e-01,-1.921978745854255599e-01,1.736025813249147398e-01,-5.699975880959244900e-01,8.060375627869824644e-01,5.211914928849521456e-01,-1.408938823518650178e-02,6.431427228510798733e-01,6.506703129808623087e-01,5.222356674031083390e-01,5.436467334359701420e-01,8.324261394747956011e-02,-6.049452580959925330e-01,-1.695867585360924523e-02,2.482795258523255444e-01,4.615128008693559769e-01,8.847138693955955424e-02,1.960916678548776382e-01,6.515189455377590200e-01,-7.326118496556506265e-01,3.152393335823421849e-01,6.139433224330705929e-01,4.621245976743058592e-01,-6.454471433279992398e-01,-4.338331773784056544e-01,-4.491149075539496022e-02,5.973305247670933626e-01,-3.013862688040224724e-01,-1.296407017176116894e-02,9.901217834126547768e-01,7.781942498646848881e-04,-8.404606649062257295e-02,4.943426302999481825e-01,3.518836880708867687e-01,9.352130711558210852e-01,-6.155961953745987120e-02,-3.467204721391482086e-02,7.592115694843553086e-01,6.144149145553714497e-01,2.928147764155241140e-01,1.642239613587339886e-01,-6.899931601969845618e-02,6.848412768139141571e-01,6.256311835161844082e-01,5.965378045403603169e-01,1.333699014795990123e-01,-1.869581784254463752e-01,6.686597164851961761e-01,-3.367403743757622636e-01,7.268543226195368634e-01,8.136661896785939430e-01,4.775985177472952814e-01,4.023448241469015571e-03,2.489530482731690253e-01,6.865650910923303263e-01,8.954289626640860034e-01,2.885264089112604680e-01,8.129280649681891457e-01,8.434612309729102586e-01,-1.302236232625908763e-01,6.122456018067768957e-01,-4.003055493248725005e-02,9.655001158715159626e-02,1.977938442126268015e-01,-5.050365804710897910e-01,-4.637109321500406528e-02,-3.837480180801959573e-02,5.731365805901581512e-01,2.831558034020046910e-01,-7.753467331722929679e-02,6.248523798046815569e-01,1.253402036451363721e-01,-1.591906159070636054e-02,1.714535002162985988e-01,-1.177922788496973405e-01,7.483715513712907441e-01,4.275846403587510447e-01,5.797222040148076738e-01,1.854486121599918380e-01,4.265989902194574079e-01,7.499581907166741335e-01,6.955596887468898926e-01,5.859878372940870994e-01,7.913610425735803089e-01,7.212449709552694044e-01,5.935693229733258747e-01,8.404539648419232512e-01,1.012617241072898272e-01,-1.069705701154540500e-01,3.504337525184834656e-01,-1.953088842231916755e-01,5.503385289003606684e-02,1.113180594195712914e-01,1.855677299075097209e-01
-3.838558992816401005e-01,6.634806779515590724e-01,-1.403857862493454733e-01,6.852177811657841344e-01,-3.802765152320071729e-01,6.368995130705502605e-01,6.139579184661901889e-01,-8.057479620972830547e-01,6.006697914434445673e-01,8.452841879090919885e-01,6.724352064318622757e-01,5.249850029499416593e-01,1.038659408739948074e-02,5.237280193392908068e-01,7.197079566835499209e-01,6.420845918233666350e-01,-1.205894285236346342e-01,1.648698436273385581e-01,5.649050963788321278e-01,-6.492385720356588230e-01,2.779607847894449146e-01,2.073595168917895804e-01,-3.259828544075759615e-01,3.117889583712220025e-01,3.453924081163584070e-02,-5.970587333046107892e-01,6.724927495649396514e-01,4.750563527331351232e-01,6.641294957886406669e-01,-7.684878148204796755e-01,7.972767372376014794e-02,-7.717445141618312077e-02,7.070388826595168652e-01,4.584317226772401388e-01,-1.129451442305635239e-01,9.267865342745941204e-01,6.145899760290863822e-01,8.309507974532998054e-01,5.091930655153409369e-01,8.158767860531951355e-02,2.953372762867039758e-01,8.805885913513792351e-01,-5.552493217152876248e-01,5.145112446378785620e-01,8.590514346577127203e-01,1.951459170230674389e-01,-2.021604189766427750e-01,6.840977562485981434e-01,4.380027265801792469e-01,-8.845627733476409960e-01,-2.625763117498152721e-01,-4.458549792633557107e-01,5.793734145164095573e-01,2.225471304760006652e-01,1.241199597729992186e-02,7.117076104265478431e-01,-7.724753764013230217e-01,9.115428540678727209e-01,5.640307244487566818e-01,4.715735896563312823e-01,6.952506084179367607e-02,-7.549419777945153287e-01,2.527695543532761380e-01,2.494813501082864537e-01,-2.848290500485597954e-01,-3.883862296335551800e-01,-3.849983330385206570e-02,4.193216026127049578e-01,6.214188507502634851e-01,-2.912809813900429368e-01,5.816731003594459715e-01,8.447250325466506560e-01,5.778409819698654415e-01,3.664586313092841885e-01,1.687443752247672346e-01,6.457879295960181412e-03,6.524670896641029394e-01,1.834534029936209509e-01,2.287489440640868010e-01,3.584361717204871400e-01,3.083275500979661479e-02,-7.922471728315663795e-04,8.817700956888281372e-01,7.920029544008803102e-01,3.990533631793287128e-01,1.272394711523882616e-01,7.055126519769192583e-01,4.317001904592772388e-02,4.904883442471553168e-01,-5.188478774446438901e-01,6.570163940779153444e-01,9.846218317489323635e-01,7.926118113273663557e-01,-3.439791680709601562e-02,1.480968852756720834e-02,-4.953762254349186600e-01,8.729811785714591821e-01,4.683199638602106307e-01,-5.301532246501098333e-01,8.769164485408730281e-01,1.914789124257561537e-01,6.667473740884549693e-02,-4.375743404272218195e-01,-2.637103147549212934e-01,5.853906785428436566e-01,2.804139690267504204e-01,-3.068023358099765119e-01,2.834676531048405113e-01,4.775552740588810408e-01,8.581065685960703737e-01,6.427823570617301474e-01,-2.044136920740619312e-01,7.544743719182818165e-01,9.264992647709913154e-01,7.665921859133083549e-01,5.118315702377651544e-01,-1.415027170649903743e-01,7.592952542194381094e-01,-2.839857798523867105e-01,6.745170777863033207e-01,9.114535618835090114e-01,7.085671171012641878e-01,1.794918580513376605e-01,1.402682696641154025e-01,1.834449522103044627e-01,9.785414122989138930e-01,4.267796982245946613e-01,3.589014822527766563e-03,1.697468896359733970e-01,2.875680678991487937e-01,-6.595787829542909542e-02
-5.191924983871873955e-01,4.479313158204139000e-01,-1.453897320160562334e-01,6.703090209083356621e-01,2.092484870061985247e-01,6.700341430790763830e-01,9.445411373904510910e-02,-5.133179506476264198e-01,2.524923997444854518e-01,1.136322760110175106e-01,3.755934047750672522e-01,-3.403739979813766303e-01,8.147844667107080330e-01,1.962971630045829141e-01,9.449853086111551503e-01,7.538534756698413997e-01,-7.149120935790951800e-03,-1.478983647003354052e-01,8.039187236345273213e-01,-3.876840552113226535e-01,2.482552718583085072e-01,2.400234224089008994e-01,7.927364070584482780e-01,2.483263044349005577e-01,2.441366483170240298e-01,2.751001496400497515e-01,6.805362645382192488e-01,-2.199143944112516014e-01,5.380785575037387407e-03,5.036484541496096812e-01,9.136890070150465171e-01,1.497605484889200644e-01,7.401268180790429030e-01,3.281417778649160510e-01,4.480685910014328144e-01,2.439750639493614426e-01,5.180317281036708188e-01,4.916602270687441684e-02,1.293714331509652204e-01,8.060817652977981806e-01,-4.201442431524340382e-01,9.478124001267067555e-01,-3.675474049380135222e-01,-2.761787837717495919e-01,6.224888357751906520e-01,-2.288993660318171530e-01,4.116979614969803469e-01,5.443898870891935582e-01,6.372661455932371322e-01,-5.249174643298920584e-01,1.745500630124034724e-01,2.330097746097473943e-01,-2.951942723975611305e-01,-4.997643433897681620e-01,6.911511376527301742e-01,-4.095978346104167146e-03,-8.058047012350550986e-01,8.792320697382521866e-01,4.609342711878913756e-01,2.692860404316039236e-01,-2.005679979552943137e-01,-5.886325605896023383e-01,1.734069303070336354e-01,4.748563994759264495e-01,-1.501372954136570292e-01,-1.916707364163790228e-01,1.126170423914171596e-02,-4.949402364543986459e-03,9.062114005370290881e-01,1.716484111402473700e-01,-1.041950620911293729e-01,8.037567934493675681e-01,1.762027958754397994e-01,7.701825897053413694e-01,7.821908613250239117e-01,-1.402635103840265407e-01,7.226154390048120657e-01,-5.314983559208379393e-01,2.069583328515007259e-01,-2.184112813479699711e-01,4.814213919376589268e-01,-6.931028979216549146e-01,1.302723635493907850e-01,-2.275287404924360990e-01,4.191373691091551112e-01,-4.015254533145928839e-02,8.759361124322491143e-01,7.463448781655350472e-02,4.413074572219915503e-01,1.891456520019380028e-02,1.314872212513469030e-01,8.236556675353201573e-01,-1.932394880778739443e-01,-1.056182539313782753e-01,2.623158834824770858e-01,8.344694343813335857e-01,7.610238901625365759e-02,8.743387518007271764e-01,-3.168005317860294046e-01,6.660653140573828956e-01,-5.844139110156990058e-02,4.311847446805053830e-01,-2.383633383865415845e-01,-2.688779211157780735e-01,-1.869313300369627173e-01,7.882438792965087426e-01,-6.014994337483043907e-01,2.200334701622659317e-01,7.426642447521301094e-01,5.168069961801385892e-01,1.803873332120042028e-01,2.440509225405398663e-01,4.932535159919374523e-01,-5.622297162338856652e-02,4.317469870805972776e-01,-3.439845445828376008e-02,4.952130374342212926e-01,2.802522172089290664e-01,4.243654325812818429e-01,5.398047414010580525e-01,-3.301304401286505041e-01,8.662313965932435522e-01,3.110335498250990094e-01,2.514623990250005603e-01,6.250719673589770764e-01,7.939107350421381604e-01,7.248992751729332884e-01,1.843914682185258114e-01,5.316272118429452714e-02,2.508750136950100296e-01,6.514221778359298165e-01
-3.828491553528338698e-01,2.545540146303693074e-01,6.568404800914867669e-01,-2.663406892179980834e-01,-1.473468074952766493e-01,6.215816789955715960e-01,-1.485554442395205232e-01,-5.962806608238120365e-01,6.936970481766449037e-01,7.651111975802401544e-01,1.892853766746585287e-01,3.358558586418230463e-01,3.047944214968681953e-01,4.267657791943528234e-01,1.852796277082297272e-01,7.662538909334702941e-01,1.583912138301030170e-01,-2.448548521769352837e-01,6.546748149056536015e-01,7.777231956889514297e-01,1.366717156195437419e-02,-2.573252759883906671e-01,2.289501992213553161e-01,1.348895219284338143e-01,2.294919896109943735e-01,-8.192334072196988393e-01,8.339993907415869101e-01,7.843510878674974096e-01,5.267672977586176364e-01,-5.340203560639360247e-02,7.925314856744322123e-01,-6.690857349796527354e-01,6.132497809919914555e-01,3.941838922627057262e-01,-2.503453889958316692e-02,8.855583906510575698e-01,6.071923965149232938e-01,9.090719448532639246e-01,-4.054793463610602555e-01,2.132643022280304446e-01,-2.615471633705327426e-01,7.627198509308291685e-01,2.618541246832060687e-01,-3.524417739328893073e-02,8.630636830032347717e-01,6.455154341523982042e-01,1.842348290838156932e-01,5.209363730615074184e-01,-1.350381758774500396e-01,-5.705167118858124331e-01,5.614180939676251605e-03,9.629304075974226551e-02,7.470360003942252414e-01,1.335285305100607500e-01,2.872234078948050495e-01,6.580640539612339079e-01,-6.448236319283616735e-01,1.718957434090463421e-01,7.637871854122061377e-01,8.032651901107903392e-01,-1.200772987687852983e-01,-1.451316723153603105e-01,1.838558833653804181e-01,6.214459238947408481e-01,1.532114498816153914e-01,-9.981098756854679677e-02,8.426394334388331853e-01,-5.104214457579986375e-01,-3.468544603447429875e-01,3.374036926273981662e-01,2.226677085514655041e-01,7.492431010724106555e-01,-6.817413522020443484e-01,3.781632277899678596e-01,4.339226924379257500e-01,8.931218783263297212e-01,1.645562399173733092e-01,5.423270630909147183e-01,-1.714546046403390978e-01,4.221114963946561160e-01,7.510779522846844358e-01,3.874071781109284657e-02,1.758511660668339305e-01,5.585543149551785123e-03,6.986312890986657864e-01,-1.759395030860509967e-01,8.671940823563840661e-01,7.749240713668829050e-01,4.824734605896797146e-01,-5.919198067983122424e-01,2.956854468544996006e-01,5.849269015692558638e-01,9.334899925021921119e-01,3.562323317451392413e-01,4.983135620751433792e-01,1.492611127809219951e-01,1.022309217159947659e-01,6.986852500363925911e-01,-4.169456423092918196e-01,9.882116852425569531e-02,4.255320258911809983e-02,-6.062050119088411293e-01,3.805968458499064955e-03,-1.995262953555305974e-02,8.659170796749212640e-01,2.072553553392461057e-01,-1.955797820291064748e-01,5.924586822032490430e-01,3.262430275241628985e-01,5.975741852184447006e-02,4.170071726069517482e-01,-1.970510410236234744e-01,6.719959244701728673e-01,6.096278926928053732e-01,8.866167072975278396e-01,-1.425896897703189115e-01,7.137909116553861066e-01,8.542208206904755574e-01,7.938754306130009208e-01,6.477431305335838996e-01,9.102823549046038520e-01,5.335788611262196612e-01,7.577200924334055454e-01,8.011063562385902781e-01,2.236385100042072305e-01,2.713459936012193596e-01,3.307018389640563050e-01,-2.499450607595561924e-01,8.763966827312641428e-02,3.666177098932060091e-02,2.483959594284139150e-01
-3.639293707115931475e-01,7.865296916131346849e-01,-1.309078318947783093e-01,5.959108817609920505e-01,1.063701571982041266e-01,4.888053780687874883e-01,3.711284113083651581e-01,-5.864231538850567249e-01,3.216479855906889673e-01,8.186242753537483763e-01,7.947736200396029460e-01,6.411833259019175113e-01,3.205901869559283496e-02,3.503859944196114351e-01,8.356323685740525420e-01,6.391755565421926022e-01,-1.380102826709566910e-01,8.147025373631425205e-02,7.055135049317018403e-01,-1.679608474736602464e-01,2.834196253552651590e-01,-3.317944115016012441e-02,-5.560134423551668093e-01,5.634094774046786158e-01,1.575600978954819487e-01,-3.809223214370735522e-01,7.373146646216394151e-01,2.255707742711225983e-01,3.725123917501868553e-01,-1.361582210030341522e-01,-1.586643570140645887e-01,-5.114856389391956304e-01,5.666003834478260393e-01,4.764726248692144339e-01,9.735693973392531286e-02,7.765169289760057714e-01,3.554846002191723864e-01,7.643544792639593854e-01,4.280495351335700804e-01,6.333524452064094590e-03,5.801625877150266009e-01,8.454983763674017716e-01,-5.896351566697830351e-03,5.666523611051479392e-01,7.095227647965584028e-01,1.746581554759098209e-02,-1.013924695319095154e-01,2.321131690621592025e-01,6.546902732579835682e-01,-5.220834002946962427e-01,-1.036339155130092671e-01,-6.203649434980516020e-01,6.383593235690698808e-01,2.781552981302563565e-01,1.262560449253320449e-01,7.541354740113376254e-01,-7.661057064841348963e-01,7.840573829243302484e-01,5.158497364782911321e-01,6.657355640503586081e-01,-2.524504729335418363e-01,-4.289713821340881972e-01,3.653808508438923242e-01,3.659691470047817807e-01,-1.628130160326898834e-01,-3.253946395418484960e-01,-2.138706107286358349e-01,7.414519262359697827e-01,9.273770942372578929e-01,4.912828878162699142e-02,6.179045646164783578e-01,8.039122210412599223e-01,6.155856578101146503e-01,4.747993145183337926e-01,5.279426285757827797e-01,4.400494541050657682e-02,7.962766136259669114e-01,4.620568321151131141e-01,8.729421593455354011e-02,6.516243117409469265e-01,6.219492123297332142e-02,-3.621132367884464798e-01,6.198512095399244526e-01,3.695878418266727028e-01,3.825849961018237266e-01,-3.427032507158935815e-01,5.980809841782346314e-01,-1.167306953350560200e-01,4.048279491972258670e-01,-1.617443908847761569e-01,6.239830002240860374e-01,6.690786807764352861e-01,7.369730217820187335e-01,2.104177172141511246e-02,3.999500146021681135e-02,-3.009991409260494577e-01,6.825293390647523273e-01,5.972712503521107053e-01,-3.500996827632559261e-01,7.453149539902294007e-01,2.609544680199907263e-01,3.004501602650524461e-01,-3.609105800166778621e-01,-3.626035469578031134e-01,6.372561497546104237e-01,3.313508596724778488e-01,-5.303595103038741820e-01,1.934859728498342368e-01,6.041793672562421058e-01,8.420394262080486136e-01,7.916073314538846217e-01,-3.012719362201373707e-01,7.617393553788003313e-01,3.869897959142683530e-01,7.790653116839579839e-01,6.596307966168837300e-01,2.098933916931391142e-01,8.192405370676202336e-01,-1.840003193719806085e-01,7.136160082573068664e-01,4.262258176201304538e-01,5.900573784204621308e-01,-1.943573112962226346e-01,6.895026212889993067e-01,6.562354768601362520e-04,8.582874584090457448e-01,1.981391905725972680e-01,-1.331390388064857544e-01,-5.504049995397698042e-02,1.649814563252830213e-01,3.286963176945405518e-01
-3.076199170673248884e-01,3.143508247202900230e-01,8.480726851518297638e-01,8.069712965254609571e-01,2.233817215407354895e-02,6.071309182140824934e-01,6.916053031292408448e-01,-2.969860639741650488e-01,4.180368219413113096e-01,9.743193323995753552e-01,2.208945589856024239e-01,6.654642688467676814e-01,9.742108720962473489e-01,2.665132953098292568e-01,1.927562855488974825e-01,6.908347880414869024e-01,5.270589268043945896e-01,-1.051599492961962090e-01,6.757427809145051256e-01,-1.936234772416443317e-01,5.510552185179576901e-01,1.617927976901194567e-02,-1.850014720411371494e-01,3.884077745588541131e-01,2.129696778204574203e-01,5.227055781055559569e-01,5.102751046895547260e-01,7.655184416708266104e-01,9.349281760569841948e-01,3.709161147702336736e-01,8.258332424185954590e-01,6.011119585063133819e-01,1.609048974968286042e-02,7.835142672465749136e-01,-2.694502976569621011e-01,3.668131445396331514e-01,3.668683900923872532e-01,6.365140319214954157e-02,2.498406637671319874e-01,1.500127138485503608e-01,-4.199467825368065066e-01,2.492877379369669855e-01,7.039925167836686981e-01,-2.228430408651764505e-01,2.843449061155822744e-01,-5.244152563836908948e-02,4.279938613675759451e-01,3.002331039058337425e-01,-1.654213248105444178e-01,-6.412713597548810318e-01,-4.389025851472405093e-01,-2.670145007667069081e-01,-1.898762161803386472e-01,-4.367397903270089921e-01,5.786608811540918662e-01,9.062318318777219384e-01,-9.177459898617753575e-01,7.597495461018708429e-01,4.230332658723237049e-01,2.058032084484382740e-01,-4.943036219818843779e-01,2.490119022751079159e-01,2.404844704740749795e-01,8.291905053038911566e-01,-1.000000000000000000e+00,-3.398531007943964566e-01,-2.981768487532263437e-02,-3.850743879891427857e-01,7.643656081872020058e-01,-1.094174484028466732e-01,3.641879295675264916e-01,4.791774243567018671e-02,1.211023911470879566e-01,4.538488981644899223e-01,-1.408281019232855424e-01,-3.687878530485215189e-01,7.135693422463221802e-01,3.546531345213047720e-02,1.000000000000000000e+00,1.985158866314611081e-01,8.911786955558519407e-01,-2.688508369288010735e-01,3.115647372078997890e-01,7.111276846070671009e-01,5.435318667285552463e-01,-2.776256224981538678e-01,1.594590269862764254e-01,9.340031971235741581e-01,-3.021464812219284979e-01,-2.419034041330098694e-01,1.034143982574041443e-01,7.473069711631422640e-01,-1.819255786679388198e-01,8.553312635709915679e-02,-9.093588431366217417e-02,9.106559047301918675e-01,9.039819851196519152e-02,4.231450035494646600e-01,4.822220192173187758e-01,3.960279721746136627e-01,1.756421312198102880e-01,-7.627708551276910498e-01,1.659654029573291029e-02,-1.244042853141971716e-01,-1.654255135257435283e-01,6.334144847665279521e-01,4.479468771453144482e-01,7.152870292125308449e-01,2.121407208070677074e-03,4.996606426643552812e-01,1.381320066987329342e-01,4.471805900531715117e-01,-9.679583766477904694e-02,6.584359069119128938e-01,7.870457677770508198e-01,-7.595855459744677018e-02,1.422982972591777528e-01,1.854941130108568870e-01,4.043551448400289905e-01,1.418188237996954315e-01,2.024440444411109707e-01,1.991631250952912713e-01,1.817338046618926228e-01,-8.099684225389208736e-02,-4.100947362872751217e-02,8.456337825470099379e-01,3.488595335951185095e-01,1.981209324348064682e-01,-3.129598746975496143e-02,4.437866119697388423e-01,4.560556543785445616e-01
6.873789405549570741e-01,3.958284634298668836e-01,5.372607067956459703e-01,4.959887222845193455e-01,3.558487264934168115e-02,6.767547455638960319e-01,3.533633625160121500e-02,-5.909016299965430541e-01,3.498018091120402850e-01,9.050029101100683926e-01,2.437271246444018824e-01,-1.897403888515134529e-01,1.767316059888674462e-01,3.116795450913968923e-01,1.609258690383014723e-01,3.884694229632376650e-02,1.175167827130239040e-01,4.682624165852475873e-01,1.951017576899580913e-02,-2.890591366454290934e-01,1.383664931344403756e-02,-1.608545800884369700e-02,-3.698212433080489969e-01,-1.473147524881117110e-01,-9.296840779587325909e-02,-2.320093144700772375e-04,4.815796800258400068e-01,2.546526956599578506e-01,-1.735466984592697881e-01,8.333813323499729142e-01,2.540510043105083660e-01,-5.548104897945574931e-01,2.717239408670507617e-01,8.654027416948258944e-01,6.246526805597020227e-01,7.722132068079459177e-01,4.287480485220382942e-01,-1.514687898733909355e-01,4.655786739842726618e-02,-2.455336771350118408e-01,1.200081818821761848e-01,2.213254466394573849e-01,-3.829438484992855884e-01,4.139237016720741513e-01,5.495737622779728326e-01,4.979002578519375333e-01,1.518230749864486750e-01,1.702645361771957799e-01,-9.477567245284532205e-02,-9.375701005543124467e-01,-5.894187207614160623e-02,1.027505350845000776e-01,4.597903094686754399e-01,-3.729295667956020188e-01,4.267029800596229827e-01,3.544989760651379718e-01,-5.782331257502202337e-01,2.029491278066290760e-01,7.557200660434237882e-01,1.931889591251473859e-01,-3.328756640410873158e-01,-5.315725972789792086e-01,6.628226437351588674e-01,2.163965961495254442e-01,-2.039959752314269847e-01,-2.922206111083986979e-01,1.018499671445996096e-01,-3.193333061753656638e-02,8.566940567836177634e-01,3.145789336542877956e-01,-6.852959007870939034e-01,8.306189718102210406e-01,-3.768479963490175555e-01,5.004683365494505543e-01,5.037342163392765082e-01,5.855725086017933290e-01,1.811738605840126082e-01,2.670953282580638688e-01,7.621881865747555107e-01,-2.158085460880528050e-01,9.731273611046575844e-02,5.403820850309744017e-01,5.927906567382432157e-02,-3.682876792899923979e-01,3.538905311951506261e-01,-5.729468486915505893e-02,6.967855328145577953e-02,-4.455565976114839732e-01,4.193314545376679026e-01,8.117074777509650785e-01,7.417803517682954040e-02,7.860249859041278375e-01,-7.497643496972054844e-02,3.109929648767933985e-01,1.102451541699185078e-01,4.292797857819579121e-01,6.675248659660300010e-01,5.585159261550648457e-01,7.968491698561982473e-01,8.029904614595336776e-01,6.578548757584763429e-01,4.415223321403994872e-01,2.488214685037287155e-01,-9.420419263879048488e-02,4.534853758468773144e-01,3.501306943110789605e-01,1.798407624697105911e-01,6.385668893462378426e-01,5.961737416713179805e-01,-8.171376783832983923e-03,6.899582522785894234e-01,-3.543797010042536999e-01,8.702245174696467966e-01,1.233067626050193266e-01,8.606114575799712618e-01,5.330639274280887241e-01,-1.837806982039066547e-02,-5.106060434168482876e-02,-1.375610230255186750e-01,3.853820808890586203e-01,7.526596550125577018e-03,4.688835828886773749e-01,5.124409025851615063e-01,-5.865604389597884466e-02,6.453275734435199862e-01,6.944822343269104747e-01,7.089590112810033595e-01,-2.331541191670735980e-01,1.099882062060698190e-01,2.209130097982291152e-01,1.913362894884245713e-01
-3.271751587647931392e-01,2.745940958782719932e-01,2.412895375224562988e-01,9.847142036807132737e-02,3.648884477328535603e-01,5.811493175933154509e-01,2.353289267034522625e-01,-2.088896254925068641e-01,3.382524166308661373e-01,5.360536336556881443e-01,3.930636241675662945e-01,6.992897206958399448e-01,2.979858946082303284e-01,4.264041239226784574e-01,8.324711789591654476e-01,-4.175228326064271689e-02,8.371223292631546631e-01,-1.799777178688812540e-01,6.428951906731616983e-01,1.000000000000000000e+00,2.779849847807701335e-02,4.865689367595027459e-01,-1.414272399770193644e-01,-5.176292461558438252e-01,5.833926532341723314e-01,9.105891476675709306e-02,6.311215683088264861e-01,3.791775564975355950e-01,4.200671694709233288e-03,8.371809922972153206e-01,9.019450270119153679e-01,1.270465022651207365e-01,6.827577774228429375e-01,8.841757562858406638e-01,2.387307796902336104e-02,-7.981713184664591954e-02,3.183565657835638607e-01,1.319265988207277418e-01,-2.489691243634114537e-01,3.842076922137256934e-01,-1.830040889482039412e-01,2.262021302313436608e-02,3.693485987357725819e-01,7.620532278475681265e-01,6.437590812354714309e-01,4.150929137228887705e-02,-8.192542656691996494e-02,2.482575919677027509e-01,7.428899696375074191e-01,-4.231837812053238501e-01,-2.278131784135987992e-01,4.374312541439834279e-01,-4.481188387254539385e-02,5.209185173225107102e-01,7.844474003631451975e-01,8.788891472714849273e-01,-6.388364325259646703e-01,1.238430219976628666e-01,6.330638383850861750e-01,3.130257712814081272e-01,-1.620937492726070572e-01,-3.683768908351187088e-01,9.563926885765837715e-01,3.940642508718149029e-01,-3.985120640731300012e-01,-3.645404757754907021e-01,-1.586946903178699519e-01,-2.278828961659693647e-02,5.384382346346773367e-03,7.406475633222590060e-01,-4.271330084376846470e-01,7.467095311610046082e-02,-2.576713821530971504e-01,5.691229411116082160e-01,-2.796640532881852770e-02,-2.167415410328518977e-01,6.242513462658410006e-01,4.056426304443736530e-01,5.324568165976407280e-02,-5.462006007199113333e-02,7.573967662012696112e-01,6.615553923197837749e-01,4.926252495322381297e-01,6.782656780783370420e-01,3.327141929025412836e-01,-4.191155321080645701e-01,1.048920106735166391e-01,-3.294712218038919199e-02,-3.265445377680896155e-01,-2.122787873935182146e-01,3.265645621064780513e-01,5.631572839992540214e-01,-9.896189243706812744e-02,-2.332889779742702840e-01,2.277299412846874316e-01,-3.355115895950798177e-01,6.786089903764651599e-01,4.678049355282983268e-01,8.614585015184000882e-01,5.443682630058002125e-01,8.184244575303597502e-01,-4.027811526673652498e-01,-3.121532449314113333e-01,7.657934543777652481e-01,-2.281584845493532798e-01,7.005134544660015505e-01,-6.638233519280456463e-01,1.729522454899799222e-01,1.911352629591902275e-01,-3.153438209746453613e-01,2.227734280272274658e-01,5.456571907593446014e-01,-1.659731341234294277e-01,1.000000000000000000e+00,7.079759846297679626e-01,3.597002536998382682e-01,6.451928137420720466e-01,5.106505694111275195e-01,-1.167479509112504393e-01,6.279571205823758495e-01,5.225580452940363496e-02,5.288498960655859671e-01,-9.844596447864860378e-02,1.387260337492634277e-01,1.725127387466115214e-01,3.806488123147511171e-02,4.699966817503382632e-01,-6.343524852346560383e-02,1.024658905077110854e-01,1.228954323144227229e-01,9.006678526805813600e-01
-3.540394559094097726e-01,3.511339594198483738e-01,1.272488850528381010e-01,6.569463003108305665e-01,-3.489918115082124017e-01,3.636095527515782466e-01,-1.041566769343850590e-01,-3.469416141578208213e-01,1.243113455400984418e-01,1.743499379831800200e-01,3.285547742746992017e-01,-6.572656900826784332e-03,7.710551214227558958e-01,6.103216777211981636e-01,9.137581593793251411e-01,7.756817033481606671e-01,-2.901200193936038785e-01,-1.045331952237031764e-01,8.882207745707275670e-01,-3.736440306376554998e-01,-3.081799709202318396e-02,-2.498578342168312483e-01,3.823751197031117766e-01,-3.421938425900112879e-01,5.489382063734570272e-01,3.257409169406816352e-01,5.390458983447872221e-01,2.555941050192982525e-02,1.679194666394522029e-01,1.250368012490450653e-01,7.062512940003140560e-01,2.646823306384241126e-01,5.381508194067117223e-01,2.131985190068090286e-01,-2.653597932584150221e-01,1.217518428160408936e-02,6.354722874826801426e-01,2.499467695784793053e-01,4.960800170634673267e-01,7.893658074010722059e-01,-1.263967805278506940e-01,6.677719363893213078e-01,7.075433242672420076e-02,-2.488285771184858136e-02,6.963188764397989505e-01,7.007881806121946111e-02,-4.233776115572415177e-01,8.225148241118395154e-01,5.080694989985659049e-01,-7.199292331888555996e-01,-4.864496562455015716e-01,2.310497248982552321e-01,1.079761557359043417e-01,-1.704055175438793091e-01,4.120799087297657981e-01,-1.778035432080014577e-01,-7.834750981448951324e-01,8.514272393120104754e-01,-5.942583464850956752e-03,2.504781752437973408e-01,-6.639791880236624033e-01,-9.252420568326725769e-01,2.689884531546456459e-01,3.093545816362423539e-01,4.811556559292770596e-01,2.800977574702735381e-02,-1.357721244735354826e-01,-1.853690924425282494e-01,8.355410620932256505e-01,-2.370946053662275899e-01,2.054374426178651458e-01,8.421600800505804063e-01,-5.172276621792540885e-01,5.084697115175801363e-01,8.331577348451272291e-01,-1.850248925754127138e-01,7.984287112289795152e-01,-1.000000000000000000e+00,1.150536120512160240e-02,-2.912676368821280892e-01,1.032729771482734510e-01,-2.711056824316998015e-01,2.668728693901314258e-02,-5.987520836665808366e-01,4.560227462022839462e-01,-2.131897189354738098e-01,5.137486630105870811e-01,3.309125607522770372e-03,4.875820798280114943e-01,-1.833471410164239923e-01,2.184491496438905056e-01,5.172070829888996135e-01,-2.750969297864113150e-01,2.714639373958008250e-01,2.757206206353243066e-02,4.942781024723285066e-01,1.110397792112361864e-01,5.312204605135049940e-02,-3.629117916159134150e-01,5.921513170493124534e-01,-1.193353704319760206e-01,3.302387747197760848e-01,-7.892811410599811506e-01,-3.096290532082389135e-01,-2.787654561367297057e-01,7.762980864481173748e-01,-4.861058554287041034e-01,1.742594823790215297e-01,6.278906285893907091e-01,6.749476173283128766e-01,3.127533570324439460e-02,7.350047939200686775e-01,8.303719804956939399e-01,-3.768843944776154031e-02,3.573901848213607568e-01,-8.580748315536512738e-02,3.843606514276816655e-01,-5.060494171287589771e-02,5.537837024450495971e-01,8.150380842111695223e-01,6.513707474758997917e-02,6.973378112854508037e-01,1.146323538595571956e-01,-2.342890418940055119e-01,9.385277866686356774e-01,7.621426405106187518e-01,5.829044823927510555e-01,1.032357237176442372e-01,9.100720801842586416e-02,9.572265152923899179e-02,1.797004181927596977e-01
-5.038609814852106350e-01,8.380518150642954911e-01,-4.886254545899182400e-02,3.700900421962742270e-01,-4.931383173120452712e-01,7.068912828553085559e-01,3.669968958812860893e-01,-4.995411539799202161e-01,6.506771124193988509e-01,9.276746123807216859e-01,8.950104106956573435e-01,-3.099641573071889034e-01,-8.884965193690295970e-02,6.810444401874771181e-01,2.213647021827150618e-01,1.361327597857832014e-02,-5.711256103055251804e-02,3.188480423125277241e-01,4.673162543556564352e-01,-4.882047095815073567e-01,5.942660630391818355e-01,-8.101802147079559258e-02,-2.544903594893292362e-02,7.368863651018648930e-01,-4.416168925743723106e-01,-1.000000000000000000e+00,7.390615177090673615e-01,5.805175237238943131e-01,4.925994397330054619e-01,4.353796944496932109e-01,-2.612570762337584340e-01,-7.063531883821865254e-01,6.307156466671740569e-01,5.943003154319488335e-01,5.011481421979380180e-01,3.509000961543545238e-01,6.887280797868091664e-01,1.032422759540665147e-01,-3.890028250718520764e-01,-6.146943653845983457e-02,7.707355654278320589e-01,2.360092714029473349e-01,6.962154014942568692e-01,-3.566009377153234738e-01,6.681645178915076588e-01,7.260032439395533999e-01,-7.181068586545119592e-01,8.014924665120167768e-01,3.439676317862188082e-01,-8.207978170051120070e-01,-3.695624324259929594e-01,4.168703297868046886e-02,6.709506280524814015e-01,-7.331341774104985776e-01,2.975335207131042936e-01,2.531624144338239790e-01,-7.804756421328638005e-01,-3.586626223136275826e-02,6.155913229627905103e-01,6.530715730698221089e-01,4.258676224424739337e-02,-3.155108026117510733e-01,1.504311355757749213e-01,7.272306712376207516e-01,-1.740573870478943352e-01,-4.826068096149609965e-01,-1.838757447075233808e-01,2.197740570274207272e-01,7.829636457618885936e-01,2.353568004956096416e-01,-2.288893050449604671e-01,6.482567527686936559e-01,-3.219627848605275955e-01,4.919924883801260473e-01,1.923915036125366240e-01,-5.491414530792668863e-02,7.880808567288626332e-01,1.515461829275484840e-01,2.773651851012426395e-02,-2.169671977045423972e-01,3.956269675021414911e-01,2.572939830234222125e-01,2.758935513112140692e-01,7.459809337806845297e-01,8.614123476865165330e-01,-3.630598703117059456e-01,5.720564835945075866e-02,-2.240343128049840371e-01,-6.447589077095915167e-02,-9.455047532945888289e-01,2.427599416932476051e-01,8.752902089122152063e-01,-2.525660052988663029e-01,-2.914756396900643198e-02,-1.941216339122180390e-01,-7.035191791383259563e-01,5.432780604824102300e-01,6.580657216354760530e-01,-8.912588270139572000e-01,1.626125177891418472e-01,-3.091794210034979895e-01,-8.386272667588348106e-01,-4.376305602919635662e-01,6.930563295591779527e-01,-1.680277335912871428e-01,7.004249942318128141e-01,-3.318281199833040818e-01,2.696540582735391656e-01,-3.086618859323206343e-01,7.372474174376588696e-01,1.188485897209586202e-02,-1.981570614353458659e-01,-1.471981460249298379e-01,1.964311881464254339e-01,7.948169384950494187e-01,3.457718490560445224e-01,2.259582111547957239e-01,6.752569539906381202e-01,-3.320711919411285518e-01,-1.020511861211681887e-01,-1.959578239399347444e-01,5.037023419443569239e-01,-1.572136177058974238e-01,-7.244002339442819072e-02,-1.600090585957483214e-01,8.681665168473259309e-01,2.966300983664700297e-01,-2.315781135612112948e-03,8.796917893691041934e-01,2.667048327519587203e-01,6.618401945994683011e-01
-2.090114448020807536e-01,4.070888393736833422e-01,1.523035152052288621e-01,2.551351629196018655e-01,7.184098038571749834e-02,3.140860654354528658e-01,3.694112502737902370e-01,-9.318071597338137835e-01,4.712930380784037254e-01,8.963251322901080176e-01,1.473165095055584406e-01,3.070025862330549860e-01,7.975798118145204230e-01,6.271690421575557561e-01,9.367646216165281814e-02,6.342013615559231043e-01,6.933209535343520802e-01,4.192167908392478715e-02,7.022300388843158991e-01,-3.412348126186707797e-01,1.000000000000000000e+00,-1.867750759881232625e-01,-1.871612102033769764e-01,-1.971528639223990298e-01,-1.719491755290986357e-01,3.804783967252721721e-01,5.325866594760477746e-01,5.277677305503590821e-01,7.844185391942182228e-01,8.243248390768299627e-01,9.556466106716399178e-01,1.978076355709868506e-01,6.447818283364659120e-02,8.442250114628981894e-01,1.583601720782371325e-01,-1.071299432646712485e-01,4.815042959148346791e-01,3.510989728047141795e-02,6.246673514642354652e-01,-1.447994578527086150e-02,2.024613625734434097e-01,-1.270398325659621019e-01,9.811117846765405881e-01,-4.322761670609292506e-01,2.190244153498991930e-01,1.068000393278565469e-01,4.429613926634941579e-01,1.152287294629052578e-01,-9.634133477092507447e-02,-7.131276567331780170e-01,-1.261230870132554749e-01,-6.199246312855151153e-01,-2.318337873713502972e-01,-5.146211041994608326e-01,7.063117450342470960e-01,5.133213963852938377e-01,-4.344388698509478175e-01,6.884448445464654842e-01,6.418673802815914042e-01,-6.285762645707965168e-02,-8.680917789303305154e-02,3.418173340555881734e-01,-7.206563950798358653e-02,7.203667496441279461e-01,-1.098004384922163235e-01,-3.151952131844491523e-01,-9.586938595209022751e-02,-1.160665744437966579e-01,7.391536064289300212e-01,8.891640796412213221e-02,3.062716918105985453e-01,7.969039282563997184e-02,-4.093484859480068239e-01,6.193201658172667878e-01,1.097018363660464020e-02,7.469364769218231337e-02,8.958775565583610989e-01,2.410268114178578114e-01,4.577158672641850612e-01,8.342240829179403683e-02,6.998151032320424347e-01,-5.974363015596111381e-01,2.793693890735753360e-01,3.880647111754371714e-01,4.633952830543390800e-01,-5.856295884929908491e-01,1.701243985098931932e-01,7.445147319628959703e-01,-8.372740403309254786e-02,1.425392793749771791e-01,2.567394116618927913e-01,8.715047692058771611e-01,-1.772741748960957875e-01,1.968886441381788865e-01,-1.445477936721098200e-01,2.889925108815533661e-01,-1.237180781137877938e-01,2.203492807962144362e-01,7.637605178861754940e-01,2.825112522567598261e-01,7.663034118808645379e-02,-6.205374065393137739e-01,-1.928944582376562467e-01,-3.457281034086904792e-01,-4.239502571987091017e-01,7.032582492133657714e-01,4.782895091108876895e-01,6.206544919215764011e-01,1.126676865167929031e-01,8.182768938232179989e-01,2.083433062867713625e-01,7.986439398330414940e-01,-9.214281590996489801e-02,2.906484612288126601e-01,7.278597426605619702e-01,5.829962067246793889e-02,-1.727149818432484676e-02,2.525895632008005529e-02,5.673630204998416637e-01,-2.090516500451977122e-01,-1.344530809545146921e-01,2.045653480735197260e-01,3.913379852564463079e-01,2.360620601931262118e-03,-5.843660168567113566e-02,6.922325397846699202e-01,1.535401796582616385e-01,-2.757103857313240869e-02,6.916334342821961467e-02,1.596110956607341147e-01,1.801299692168805977e-01
8.660220602342981744e-01,2.356658206125958888e-01,4.608401089512921267e-01,-1.404437584637329706e-01,-4.352406502618565987e-01,3.897608969102732690e-01,2.902605598363107164e-01,-6.019762871114203717e-01,-1.124648539404894815e-01,9.424797574551175838e-01,7.314183382375772924e-01,-2.672822935790342136e-01,5.588577606800867459e-01,5.497274952482383847e-01,1.662553773114625877e-01,-1.316470929101726806e-01,5.961352028181035045e-01,4.226738980000727675e-01,4.541552613245900538e-01,-3.613494148099979375e-01,-9.963909363235153027e-02,2.533558271729816069e-01,3.062881364146828322e-01,-2.402835792421790378e-02,2.365374208903804065e-01,-5.021427278952651507e-01,3.609556635077333375e-01,1.785855304382086561e-01,8.574306611910345044e-01,1.552392547690950031e-01,1.091491194502667850e-01,-5.935736047718001007e-01,4.456675101192902333e-01,5.211812990157511649e-01,3.931922843686400104e-01,2.142655597674928136e-01,5.463208718495285998e-01,2.859481895959875009e-01,2.797724782349145789e-01,-1.044706103018429172e-01,6.411055425643081840e-01,-4.697678143589988781e-02,8.860486317093227981e-01,-7.580238635333871877e-02,6.609598639013848365e-01,3.061116331537901969e-01,2.128635847338267439e-01,2.821874661933774786e-01,-2.503094474939882574e-01,-1.311903980600070442e-02,1.035680237786411606e-01,3.619914895673129185e-01,-4.202514400873863520e-02,-3.851740494022035111e-01,3.741677123385481751e-01,-4.063359436578140027e-01,-8.487573498364957558e-01,1.797438787596236098e-01,4.301665960637513497e-01,1.258935290498958415e-01,-1.800795288558650065e-01,4.441728681734586348e-01,7.228932672879173627e-01,2.151799718999135025e-01,-6.449330039746649368e-02,-5.234304520535923988e-01,-2.475736825580968255e-03,2.049137985675457962e-01,-1.064732876784935528e-01,5.939005372394374760e-01,5.068748583487755477e-01,8.425240099359420087e-01,4.198690848707403722e-01,7.467346948143076535e-01,3.618744382687392735e-01,-4.178108587333665414e-01,7.061506443657735721e-01,-1.988000927604609280e-02,8.949779434972938708e-01,5.445528696101670230e-01,7.474072556095096020e-01,3.252506021256526547e-01,6.463695740452548577e-01,5.213010380480599393e-01,3.310711449486913316e-01,3.475765561920479141e-01,1.800724222321763435e-01,8.355419336481123560e-01,-2.295592693963571795e-01,-4.658614133098358812e-01,3.088133964521430630e-01,7.246704000934101053e-01,4.550363547760010730e-01,-1.634290869693466042e-01,7.988497951708124767e-02,-3.997045976848684345e-01,1.953968699666601763e-02,5.699138581310627671e-01,-4.104814191804299628e-01,5.900548244270072962e-01,-1.168794327792064963e-01,5.539125506815262279e-01,-5.337374529077161256e-01,-2.239934270043183184e-01,7.224624496295871667e-01,1.141683138873292036e-01,-3.834469187027872428e-02,1.237687672933886068e-01,5.302759383488054867e-01,8.498745572536284820e-01,1.003452417112715017e-01,5.555823711646893370e-01,7.379592376330482706e-01,6.534896599711883525e-01,5.988208320455508105e-01,1.113357206538274219e-01,3.379482098546152807e-02,1.638232653079139678e-01,-2.325121533722795120e-01,-1.363255259997630531e-01,-2.297749267107696558e-01,-6.197663835813903288e-02,-5.315642494321561745e-02,2.577698280643691553e-01,6.321610623592234246e-01,1.745495461498448309e-01,6.781309734675915468e-01,-7.735668417592722612e-02,9.005987722161726827e-01,8.723954906988654612e-01,5.261192429050621788e-01
-6.196379932837603466e-01,6.897951997588770423e-01,-4.586322969716258857e-01,5.605476183203397245e-01,1.797818537524250859e-01,7.345551665559646448e-01,3.249674033037008303e-01,-2.332268991866627283e-01,4.644303248521677308e-01,6.317873443081122309e-01,5.305662090370846240e-01,-1.854025163772847207e-01,-2.820380705770540036e-02,7.099795726488666858e-01,1.506510746028757730e-01,4.934617047429831066e-02,1.534263817796943652e-01,-9.601248817902265087e-02,7.434379867216628357e-01,-2.329992937246150586e-01,8.386574177518941742e-01,4.330551763341339289e-01,1.936834735804616736e-01,3.450575508684961545e-01,1.380955572982026369e-01,-6.967382552213452485e-01,6.692745203096885920e-01,2.634861970299461342e-01,5.471068161484805570e-01,2.245258566473341544e-01,3.526334792651221461e-02,-6.049548261747855760e-01,5.470314611295427065e-01,2.634103324547946157e-01,4.269061098705382862e-01,2.126921994843419816e-01,7.663245182147869761e-01,7.002818810545886896e-02,-3.625635563499955971e-01,1.281927602098623664e-01,3.742442130341692708e-01,1.345462436205226708e-01,7.468777088465676783e-01,-2.685441621418794833e-01,6.734736730397091753e-01,6.765067338927348572e-01,-1.153469436539273779e-01,7.526008024236151561e-01,5.518888151047746105e-01,-8.315648503437607086e-01,-3.274290655701607711e-01,1.476020132788715689e-01,6.106030484611968401e-01,-6.101135961943117136e-01,9.950715495571887947e-02,7.924633187248405486e-01,-8.267100741231243610e-01,1.666211484593082270e-01,5.357673659964821145e-01,3.368947118653690120e-01,1.964773966704789349e-02,-2.563980182201784919e-01,6.341759454806055185e-01,5.988880255144967135e-01,-2.561220118410916791e-01,-6.508699679925590287e-01,7.310558748405518448e-02,2.742370896665710656e-01,6.562778297906290970e-01,1.893988692201963586e-01,-2.801570081490900588e-01,7.548395000112674280e-01,-1.184975499927340553e-01,6.838564958108616088e-01,5.890318999559877033e-01,-2.183521333666088582e-01,7.981249761837873047e-01,4.044840766585650754e-02,-2.859121557081489504e-02,-2.052467040662482867e-01,6.485046526888743612e-01,1.841466946565641361e-01,3.137331727341634013e-01,6.386257721128609788e-01,8.906152728437756183e-01,-2.009773731239758998e-01,4.173664147822541137e-01,-1.996984935448359588e-01,-5.583519989512546466e-01,-3.855234237751294923e-01,2.326869959326774984e-01,5.638769597971450276e-01,-7.923842520438252601e-02,-5.837934926460645879e-02,-2.008233976584218594e-01,-5.253866725138020000e-01,7.363154009688958057e-01,7.577407931919282191e-01,-2.854383800617807387e-02,3.606746622175071582e-01,-6.027780511771042155e-02,-6.957825354623958791e-01,-5.509707614338857917e-01,7.492460874127313541e-01,-1.963408750425060800e-01,7.386529655179506770e-01,-2.167013399785672756e-01,5.790147194771388950e-02,1.570815275343230566e-01,6.466104328675673640e-01,2.331401954934961274e-01,3.634245836244878389e-03,-1.273916089426756493e-01,3.662616779968181913e-01,9.107801453281003656e-01,4.110675374667824289e-01,3.387875608204238831e-01,8.691373988665892503e-01,2.162761610303364640e-02,-1.548338868630836362e-01,-8.864232050484295578e-02,7.462974711819968521e-01,1.846371234174523368e-01,-4.118315043601680769e-01,1.703855591633417488e-01,7.864932652487830467e-01,1.947479154403627954e-01,-1.384886989529407475e-01,5.190765258921447023e-01,1.300527674856380711e-01,8.215378094057357306e-01
6.974421866279010285e-01,4.183058591790725367e-01,1.000000000000000000e+00,9.451251355573323520e-01,2.978122446430561676e-01,4.653445540686088622e-01,-4.777345395481078123e-03,-2.041035236596722147e-01,3.657784857026558645e-01,9.932580441714854436e-01,3.281398921906109045e-01,-2.301007965959203649e-01,2.003881716220165879e-02,5.509937183968849350e-01,3.423600221881761829e-01,-3.451389129669448635e-02,-1.379635120399145820e-01,6.491906746543941731e-01,-1.547806143857170108e-02,4.739544631238107320e-02,1.227463423053604258e-01,5.239160312557836763e-01,-5.877922757574239876e-01,6.979575586714925617e-01,3.855248329899575999e-01,-6.331100596648173706e-01,5.409933831103523882e-01,6.027475753288487059e-01,4.235174375686152209e-02,5.803346963815551041e-01,8.843578697665346877e-03,-4.646847273436651160e-01,4.322654649209060063e-01,7.626731859378239609e-01,7.014589557187969060e-01,6.701860352961874767e-01,4.351672467335296890e-01,1.779913876479811696e-01,3.281726034605275677e-02,-1.251554399247980804e-03,6.384989118531282370e-01,2.293145022878548267e-01,-1.330679149936008498e-01,5.246092971375961866e-01,8.444451067147286105e-01,3.069924145331843213e-01,-8.677156834058613599e-02,1.595337631418183161e-02,7.380375167423494642e-02,-2.531567894374860406e-01,1.795448955852166628e-01,2.856363448956388829e-01,6.212327626426387139e-01,-4.665629373474060593e-01,8.971901779805009358e-01,5.534094977683743366e-01,-6.955570462960239952e-01,2.717039996264692947e-01,6.423756131561287885e-01,2.195776630672084118e-01,-4.818571113261097549e-01,-3.193570194341493473e-01,6.582609804206822623e-01,4.960582074970835142e-01,-4.700157009077555181e-01,-4.091133421842304552e-01,2.872596682888925793e-02,-4.799917270955356141e-01,6.466305367503798474e-01,6.781107987388837466e-02,-2.599214363777097581e-01,6.122625336295300924e-01,-6.771040597769770186e-02,4.086751448700087774e-01,7.286922272567599723e-01,6.687247719775007981e-01,3.320191860958157104e-01,5.352057366925427884e-01,6.878562139195859571e-01,-8.357926027880878683e-01,5.207848425057722691e-03,4.535343971680733666e-01,1.700961108818211109e-01,-3.839813180060933084e-01,3.737546895832697946e-01,-4.461433974157762994e-01,2.107833131645699409e-01,-3.358991934149664349e-01,2.068834628060917946e-01,3.338096504870833314e-01,3.424122025097146860e-02,6.278890098901371841e-01,-2.238965478833296607e-01,5.062499540523417441e-01,1.465242359658484872e-01,5.458778056272503010e-01,5.525479066966029196e-01,8.416026471160954481e-01,6.108638869456904930e-01,6.628621808488758260e-01,7.786555036782691896e-01,8.629794695730783616e-01,4.182843244621635148e-01,-2.851708044296966810e-02,7.375848472350197138e-01,3.445060493092838017e-01,7.709516891193504140e-01,7.940843076928650879e-01,5.867021374851548732e-01,1.040824367948064016e-01,8.631134925737573571e-01,-1.083626680829401084e-01,9.698040186502847604e-01,-2.449744026756308507e-02,8.215114920775343776e-01,6.291777260172377595e-01,-1.737187487086096216e-01,-8.196418927202900329e-02,-1.880987452353101164e-01,4.787658774191713706e-01,-1.990727774300438402e-01,2.748534433305592217e-01,5.417256867777844320e-01,-6.963031984469936209e-02,6.346156708792163315e-01,7.699544625650678320e-01,4.877967778741563176e-01,-3.487596842384927537e-02,-2.085329347274927567e-02,2.324907611230739579e-01,3.435611129403727260e-01
