-8.837627216078169923e-01,8.465848299199666416e-01,-1.193225352972654418e-01,-1.020357137724353241e-01,2.859680127178147457e-01,6.273654992552665233e-01,8.100047515477848403e-01,-9.462368955259040648e-01,-4.393906464217668950e-01,7.692365640460544496e-01,5.509368910035497002e-01,5.821776607368555068e-01,1.255748144547799705e-01,5.445805839811053151e-01,6.624769150553379005e-01,-6.060940861227531729e-02,9.140193073596687423e-01,1.826741206892773875e-02,5.370291471179391429e-01,1.908635762631618049e-01,2.331528030204174373e-01,2.277774544126129896e-01,-4.990379292787353038e-01,4.680885432262990586e-01,-3.460922642545178479e-02,-2.176569464639855345e-01,6.425924080123757154e-01,-1.814878273369445738e-01,7.711202211299666986e-01,3.959931468608922644e-01,1.150982720292843403e-01,-5.110880417941436882e-01,3.379568908615935841e-01,8.536981030924267744e-01,8.098807539891194063e-01,5.028150109382842903e-01,6.960529405003099690e-01,3.384827571548330583e-01,1.000000000000000000e+00,9.689490587324077475e-02,6.132119895199032999e-01,7.748727389196042870e-01,4.251988775783140939e-01,-1.182324590690048832e-01,8.771759984667414356e-01,2.905254348900817019e-01,1.825718255964456915e-01,4.899517837202026493e-01,7.441928856891392476e-03,1.544353493685287626e-01,-3.475028682154393533e-01,-7.207058899800836693e-01,3.070781483409816826e-01,-1.879581382712808002e-01,4.589376668934763009e-02,-1.256514245080758152e-01,-1.129751810614739033e-01,9.487356436825373773e-01,2.479132818870553173e-02,-4.501819041864164178e-02,5.230962720784974040e-01,-6.113081795688549702e-01,6.301203787375199150e-01,7.450527735050762601e-01,1.997017951656268955e-02,-7.621772580163814759e-01,3.542042607975142560e-02,3.921502774923100176e-01,6.498702161599940741e-01,5.299977578728047867e-01,-3.238034866265799838e-01,7.997415402179389732e-01,-1.770890208551257616e-01,4.505917494156959080e-01,6.138837857998106218e-01,-2.765605779303710321e-01,6.687841540449963595e-01,-3.489894664576176364e-01,-1.217018514631332954e-01,3.700714597996802024e-01,8.579329425294203171e-01,-2.962464321302965553e-01,7.378305889557107422e-01,-4.258396208503894553e-01,1.812024083686215037e-01,-1.983842666402371169e-01,2.952533854433900262e-01,7.376681607393766049e-02,3.034630889806609333e-01,-4.946013817657013423e-01,8.228249988788589597e-01,6.546917357810989602e-01,4.144300407583872969e-02,5.206072514301456344e-01,5.751871618645488793e-01,2.469819859161686282e-01,9.235424688581607422e-02,3.986182325912813185e-01,7.960867103659737820e-01,9.226909615988626578e-01,7.564363446150615955e-01,-5.549322161109413454e-01,7.441514153286726829e-02,-1.599370543901315611e-01,5.471901200250931518e-01,1.732693802161690000e-01,3.388913717466152664e-01,4.652450045442670934e-01,6.876399110704320972e-01,8.804570964050979498e-01,6.944019762982933663e-01,6.588068059596870196e-02,7.428660550120714801e-01,-6.093981195311313354e-02,6.607048020242591857e-01,6.599895579788063182e-01,3.830384086803245713e-01,5.327813298502657169e-01,6.470767025038938192e-01,7.305389573951686089e-01,-2.796333517747174868e-01,6.090407839656810651e-01,5.574581715323030373e-01,-1.728405503712413804e-01,6.688467221224356773e-01,6.249717529435043772e-01,3.862337212874046299e-01,-2.865595220466841953e-02,8.198224957458846163e-01,2.966540539328755832e-01,6.487615069598188233e-01
-2.734240740323274910e-01,8.357912985412928597e-01,-1.272565524360414445e-02,-3.074029843184819533e-01,4.079607148305208209e-01,8.296804508298831760e-01,5.662827535434624693e-01,-4.175140449450869262e-01,-4.652241357329551796e-01,9.273904085915275486e-01,7.189885884101649971e-01,9.421537102530921359e-01,-1.134070297298830493e-01,9.573348315172829429e-03,8.190369566183062222e-01,1.892328472855723531e-01,7.682860941174405323e-01,2.174349272485771312e-01,6.999588931898622635e-01,7.523130494787568789e-01,4.479896675400457662e-01,3.663452170061866631e-01,-2.556010218480352369e-01,-3.226627304167372506e-02,5.882084451692832783e-01,-3.284433546523093383e-01,5.675622195518169599e-01,-1.002499115949961467e-01,2.002316894723626117e-01,3.319361998302315930e-01,2.688836053786362590e-01,-4.573194369785424929e-01,5.374624856551946106e-01,8.750705254106287967e-01,4.704195616920177625e-01,2.182874123906921315e-01,1.941304632985600409e-01,1.783756103608992172e-01,5.611304601702036265e-01,8.996962647593563789e-01,8.806796034195535361e-01,7.750752050775138180e-01,1.224118860823438099e-01,-1.282507783026628212e-01,7.988467399096356170e-01,1.189906916584509838e-01,-3.735744325881218963e-01,7.112213692223418038e-01,-8.032785902978940851e-02,3.567377703983540260e-01,-4.694356412839892911e-01,-4.785289075258454261e-01,-3.529110486575742778e-02,-5.886465642212840299e-01,3.514052952593219592e-01,-1.918417105983464821e-01,-4.777925611489851065e-01,7.991031022185512978e-01,2.122141755276953645e-01,-9.243364929778058806e-03,3.782073337313084926e-01,-3.931071579100597346e-01,4.256864433499459865e-01,8.114740062202109305e-01,-4.198360230735018184e-01,-5.596254815897198087e-01,-1.932045558002959962e-01,6.627942299191611486e-01,5.562810337512338332e-01,7.176591326192655051e-01,-4.016617965745811758e-01,7.616735333498104721e-01,2.949807371355318009e-01,4.388451483725431257e-01,8.004279732242419731e-01,1.372119354805043656e-01,8.430605960635239038e-01,-8.142820250232539747e-01,-1.289555562839938829e-01,1.330928545599311397e-01,6.640676462321302154e-01,-5.684122223598513379e-01,7.303405323318457043e-01,-5.019052830888711680e-01,3.266558255215559758e-01,-8.674400123246120420e-02,-8.761695092001368923e-02,-3.501401547233289752e-02,-3.660999661852906706e-02,1.788664439083283431e-01,1.000000000000000000e+00,7.119902257617621855e-01,-7.885606191285925159e-02,3.890396870175263366e-01,9.182770890260220087e-01,3.793275591934009427e-01,1.518824851937613241e-01,4.766265959757201576e-01,7.865846015469538655e-01,9.761876459221286995e-01,7.626656928069510677e-01,-2.003829701077197156e-01,3.931177824514283520e-02,2.247886546932503227e-01,6.787727446482876292e-01,3.765126655335779837e-01,-5.954795912944251812e-01,4.764316418499541794e-01,8.370845791348180409e-01,3.690982285988876344e-01,6.873862971985575943e-01,-2.039816806576495445e-01,6.430302020770305438e-01,-2.993811545693985110e-01,7.050819594003814306e-01,5.325010868354036475e-01,4.132591324416104439e-01,6.761135061735585872e-01,6.119498932761671117e-01,7.224798939556372757e-01,-6.998162050987884186e-02,8.047941127966232733e-01,7.850171302939881190e-01,-1.557351090744598932e-01,7.148498076329707906e-01,5.857066412947458112e-01,1.872989714789706495e-01,1.546644097659832517e-01,4.833234829752219297e-01,-5.979302436265077070e-02,7.977840465466361497e-01
-6.919186356880000499e-01,7.280076498278469366e-01,-1.513598262764034030e-01,1.748483906207393968e-01,-3.135496837632019695e-01,8.539483736865198793e-01,5.083882454146643193e-01,5.228589240857412640e-02,5.429370383353280261e-01,7.841277037175952147e-01,1.008853878736044041e-01,3.092338326615650529e-02,2.418280663408362285e-01,4.800109894416662026e-01,4.787699973154510014e-01,3.041212784127631311e-02,7.924914148943824899e-02,3.707731501935933038e-01,7.013333448067530229e-01,-3.603466648864877414e-02,5.760155421096888606e-01,-7.780415602441737022e-01,-9.932735626076741875e-01,6.970549011359155056e-01,-2.225215817699751075e-01,-3.796378782877365271e-02,5.245701409151465322e-01,1.790264574804229791e-01,3.564893559637494214e-01,1.538287561619266774e-01,-1.464352767930447996e-01,-7.993950938980948218e-01,5.677096616543285679e-01,3.985033824670817793e-01,-1.305977653945506189e-01,9.129235144645125866e-01,7.869919983393424134e-01,1.989836932241570433e-01,7.189280142753191882e-02,7.232297233959332772e-01,-5.808683187790962821e-01,2.971752930374773061e-01,2.617414752208568895e-01,-2.856221206703455917e-01,9.071283268444727543e-01,-4.606654970436929730e-02,6.070659269523527579e-02,4.602869349179314895e-01,-3.194528062928835288e-01,-4.965901450299525094e-02,-5.550965256881095211e-01,-1.000000000000000000e+00,1.937282524768419445e-01,-5.309661352002916779e-01,4.858262825927987527e-01,5.581130690229580971e-01,-9.605883504262002770e-01,1.822893882836625901e-01,1.684217254741943726e-01,8.166125465827902552e-01,-3.275096628970092932e-02,-7.872142008710564243e-01,5.829349751067089969e-01,6.701632890085935657e-01,2.141187284478726915e-01,-6.412966063301475117e-01,-2.357683916966520077e-01,7.285928613414067723e-01,8.343519206172783642e-01,-2.210012345551413265e-02,-3.408455018011806170e-01,2.817530188420195869e-01,2.403340009368599428e-01,7.023268978640576643e-01,-2.533278623196029700e-01,-1.311937078382589827e-01,7.528847397784820261e-01,-6.127754332338525983e-02,-7.858186395233619781e-02,3.615376548029601289e-01,7.214000491963491468e-01,-8.315377678302823261e-01,8.714896434386393276e-01,6.111344560373869195e-01,5.091248093558504717e-01,3.095474441220507633e-01,3.167207824705345898e-01,8.146087207099553425e-04,3.662526337509096064e-01,4.896537560453657068e-01,1.894615144276494412e-01,6.479864653491096416e-01,5.524167003599799175e-01,1.581745327144410684e-01,7.243341607225819434e-01,-5.621318651099808106e-01,2.398045832410178879e-01,9.210712004893618632e-01,-8.028909301567550560e-01,3.640570444579886433e-01,5.464657307628388860e-01,1.010191439831417820e-01,-5.398702511607347265e-01,7.372488811705457668e-01,8.298089390268600374e-01,7.120019291360072389e-01,-1.000000000000000000e+00,6.997185262830413199e-01,5.244571213510174773e-02,2.940729892537580908e-02,2.389369244037420348e-01,-1.287663645572065529e-01,1.000000000000000000e+00,4.574073102447283601e-01,7.348695611101022651e-01,4.031900920240955033e-01,7.709816073144267756e-01,7.108295374098445585e-01,-2.238768453874009079e-01,7.821665982066169365e-01,-2.928236578913844257e-01,8.083068589236845902e-01,1.092775926603422459e-02,5.012663568664397218e-01,5.956440982441285614e-01,1.000000000000000000e+00,9.779995559032333974e-01,-1.606686978537023164e-02,7.700449290451213402e-01,9.631730209311928359e-01,8.797085359349052780e-01
-8.789748453115980853e-01,7.593331192998334922e-01,-1.659066812609621411e-01,-4.924164647837667164e-01,4.016382233986740546e-01,5.823279784675847726e-01,5.301082554378133693e-01,5.965583563841722059e-01,6.407303949990839076e-01,1.490226258456620601e-01,2.439167317915702515e-01,9.108341795063620294e-01,7.330060574237887705e-01,7.725955108980544495e-01,8.951087119570169115e-01,-3.990212262375280282e-03,5.881285785130987431e-01,-8.399429373048456632e-03,4.911315106434421818e-01,-3.325772824102945502e-01,7.548787504237729484e-01,4.524550474571447101e-01,-1.560931761508298210e-01,8.530885825425814639e-01,-3.600445298179072995e-01,5.281673013686121188e-01,-2.492117176359446434e-02,2.803011796372607001e-01,3.774393687244461115e-01,6.913614054501228123e-01,2.606321656492410072e-02,3.933980054294691220e-01,-4.224002628607937959e-01,4.798611443015411426e-01,7.702792641180316036e-01,-1.511106073806104191e-02,6.256693991882096295e-01,3.060923525716734428e-01,-2.198046169456269738e-01,-2.268372915347567076e-01,1.677149171149348583e-01,-4.324317325623934505e-02,7.312140849500768924e-01,1.010276240944516651e-01,6.567631340727410061e-01,7.903115111462137854e-01,8.759081704016556528e-05,7.116093115423267612e-01,1.000000000000000000e+00,3.574191571985065874e-01,8.869028380609472739e-02,2.700892195525583239e-01,2.463436574550260938e-01,4.393568609572838235e-01,8.347342121771058610e-01,7.926251922056108956e-01,-5.718457342337618377e-01,7.585159572260408156e-01,-1.542685240719965656e-01,3.677573087304490673e-02,-2.468551851818482079e-01,-2.913150287663521243e-01,4.378984051240475961e-01,6.906410288027254873e-01,-7.099939348528280236e-01,8.882325298236389000e-02,-1.217571931165770255e-01,-4.094797191028640149e-01,5.070801568167471185e-01,-1.147070735547507520e-01,-2.546884858102805294e-01,1.093565881760103636e-01,-2.430847986502512326e-01,8.607071752215931237e-01,4.118856880805655263e-01,5.830139185623833820e-01,2.886842735428437612e-01,6.989786649539174723e-01,1.982102629295237617e-01,-9.082619824317814117e-02,6.189995792871769847e-02,3.211570861548053712e-01,2.658957977328019195e-02,2.245070942983091178e-01,9.318915844399267012e-01,-4.325722304342036750e-01,1.989232918523183846e-01,6.924168700448939395e-01,6.880816141265750918e-01,-4.830628079864188740e-01,2.230285971213790408e-01,5.867500554606649432e-01,1.276876835410185596e-01,3.273866755844849208e-01,3.246169791334910792e-01,4.475597049746916634e-01,2.724568868001457367e-01,3.693014141789606186e-01,9.450564219308924541e-01,5.559231306762160152e-01,8.188815573236826184e-01,4.845219741119887735e-01,7.830688355667893286e-03,7.860209125948186548e-01,9.336720654562528088e-01,4.512007965478801452e-01,2.611886544747597447e-02,6.685630048519963786e-02,1.886488605548027608e-01,2.280153437821300366e-01,6.737698787384859278e-01,6.952072885108980804e-01,-1.246228203788366934e-01,-2.898103407023792655e-01,7.179898577317302966e-01,6.678933710085462883e-01,-1.028945548377637048e-01,3.523772258579633831e-01,8.498659101147518768e-01,7.952360804893628954e-01,9.200416644269493460e-01,8.367521101509229897e-01,1.373012064605372839e-01,1.384244429185615965e-01,1.753833777090308965e-01,6.186162979609306778e-02,3.600875898737397329e-01,8.406532625928250235e-01,8.229068311703970906e-01,5.840890596608740992e-01,9.509824115003731038e-01
-6.872641167496428283e-01,8.825326374787172412e-01,-4.696228552279467783e-01,-4.259833999841046714e-01,4.354727490030494974e-01,1.245831845155491585e-01,5.513806000053687040e-01,6.176932313015226494e-01,2.167621305805251530e-01,3.724990464208040031e-01,1.475369974355210945e-01,7.188966596361837658e-01,7.081186500237558468e-01,6.162266488582356372e-01,7.819061898675359057e-01,-2.212862006731544928e-01,5.771169680147952841e-01,4.418891862343541505e-02,6.451433997813419419e-01,-2.482397922925338452e-01,6.333305150724790611e-01,2.879080973526517706e-01,-4.353694402138990061e-01,4.170576818330141156e-01,-2.036990248567624728e-01,5.854590905684281532e-01,2.541991346570983135e-01,2.791842251648046225e-01,3.294719590295642764e-01,7.899088883377721748e-01,3.667571857526191054e-02,-4.113032217415410301e-03,-2.331789308411294781e-01,4.810560949914284290e-01,9.144197307810020270e-01,1.960805527715000496e-01,2.188606882571889067e-01,8.911978733702406730e-02,-5.880005046697792670e-01,-2.727836127783073716e-01,-1.573342832539194047e-01,1.108270159658542309e-01,5.147039393730941104e-01,-4.180386701817526696e-01,5.533668766617724222e-01,3.303482544663279841e-01,-1.796000392846935911e-01,3.725353689700720561e-01,6.130010026310728222e-01,1.396473472764429014e-01,8.272845680755351594e-02,1.821814199371390164e-01,-7.933719905815520557e-01,2.057028252699490412e-01,6.250296300765825208e-01,3.861732672771255870e-01,-6.556531709176893763e-01,5.824616973652811946e-01,4.495081832073418576e-02,-5.515888196847000546e-02,-2.076292732651273398e-01,-2.288656594376080045e-01,5.873223672548208429e-03,7.050239041432611042e-01,-2.996893587205949894e-01,2.943609605216546132e-01,-1.907303976886708108e-01,-4.748953727149677895e-01,4.766258876530540256e-01,2.363740927857268526e-01,-4.364564415622022575e-01,-1.363571325443598825e-01,-2.132575183103906646e-01,6.907323658672648303e-01,2.420343814198123167e-01,2.910949128723115953e-01,2.640973737699993107e-01,2.030645249980864153e-01,4.820209276963465794e-01,-3.185307012719114650e-01,-1.919316195894673824e-02,2.701908149903300416e-01,1.764912419930670939e-01,5.292309218319543040e-01,8.419976793966116313e-01,-6.891438335688403471e-01,-3.622156296029666045e-02,4.108083112972650830e-01,1.278770794902076291e-01,-2.148266580538692183e-01,2.198851386278063702e-01,6.502497412080822103e-01,-5.497422116523121433e-02,3.741257955792345324e-01,2.817142242433390287e-01,1.626340005021851276e-01,5.454879595501528622e-02,4.055261322248455702e-01,3.179682539625327542e-01,9.740291803079073052e-01,6.058193175743181724e-01,7.638917060751354571e-01,2.965294919628591042e-01,9.235094918914197315e-01,7.335716012013739906e-01,3.462662408456118612e-01,-3.267650974457442792e-01,5.336183228228134068e-01,1.384218579579102326e-01,-2.405544358812213568e-01,6.469892564531650736e-01,6.261332080955566148e-01,-1.402897032591130244e-01,-3.740999510977721099e-01,6.345389469532206617e-01,-1.445486504907810173e-02,-1.730021340426533272e-01,-5.151654895927408086e-03,5.438915179426642155e-01,5.347671488380649762e-01,3.642194716151983536e-01,5.628258561327904586e-01,1.608021410264714735e-01,2.444364118029368760e-01,-3.568162426992392833e-01,1.055903548736887299e-01,4.965542568015656605e-02,2.667727299263010776e-01,5.371071369374210702e-01,5.495931522718159323e-01,5.484317354017760326e-01
-8.112380007277565364e-01,7.293638300907693273e-01,-5.163188927374225967e-01,-7.083947767984288824e-01,4.411652117854430455e-01,2.948467984157714938e-01,1.857019117515918138e-01,2.184557257310575790e-02,7.483127898156999303e-01,9.185392732120398751e-01,2.270574270744540601e-01,-5.255118912065264158e-01,3.532546958539548726e-02,3.423814022355888831e-01,1.465480402537202576e-01,-3.193605796868433100e-02,3.109119827338147415e-02,6.830876116513077134e-01,5.622598763597903559e-01,5.470646367202558480e-01,8.703962915440494053e-01,-8.525596077812788165e-01,-4.957703465888262384e-01,-4.228390122431144316e-02,7.604879345769784138e-02,5.153821216483869261e-01,6.676222609443255296e-01,-4.618475413969460042e-01,3.164871082064059649e-01,3.419768548810982467e-01,1.239547482430320285e-01,-3.223293740005150343e-01,4.416578404268733937e-01,5.121987038939944670e-01,1.041841381783335518e-01,7.663351458137077632e-01,6.634590915648032050e-01,-1.766423642656952953e-02,-3.641022929865503355e-01,3.108273937149347299e-01,-1.331385255494607900e-01,2.050192087280577058e-01,1.323293489749352569e-01,-3.867418739618837531e-01,8.912119279911113745e-01,1.073449050270323252e-01,1.000000000000000000e+00,3.120263099965455700e-01,1.674638555216294011e-01,1.183368324174840797e-03,-2.223698994156279585e-01,-5.593611644654680193e-01,5.654753316860775536e-01,-7.295066381430939106e-01,5.957808850750151430e-01,5.097081255412100331e-01,-7.411126389608344578e-01,1.413946397259666643e-01,1.823611975088753057e-01,6.271562693077825656e-01,-3.248924739897059155e-02,-7.421594659449488596e-01,6.205277994428605171e-01,8.450431285104574863e-01,3.896423562658315465e-01,-9.348202402863342586e-01,3.502456237929287841e-01,1.754462003770929091e-01,6.634565439846882295e-01,4.627685577065223169e-03,-2.828610361954823071e-01,8.319791159397449398e-02,-3.494128301388751967e-01,4.758940010301870860e-01,2.859403118207521910e-01,-1.659362350564916877e-01,8.303962747317532589e-01,4.709355089920911897e-01,2.901525633025891504e-01,1.659396457202837183e-01,8.908849671028580275e-01,-3.158588102261337682e-01,8.036520439478285205e-01,9.579805147437377988e-01,2.036724457499193008e-01,-6.303090093483173506e-01,1.683791680158386594e-01,-9.601902443175808211e-02,8.171960492153343969e-01,6.194427282283725411e-01,2.669985591826861682e-01,6.307172621874042040e-01,6.841475914040465733e-01,2.705843507503506440e-01,4.503048814567517377e-01,-2.572690271156056752e-01,-2.140015793258231158e-01,6.756206109220527223e-01,-3.091633434075057307e-01,1.380754050005341127e-01,7.733651493324933401e-01,4.316482975874100791e-01,-3.254288957614189237e-01,8.468748729294959254e-01,6.996781548160991848e-01,6.301366818168603334e-01,-9.147008809613609015e-02,4.830767617821212223e-01,9.719869302746633744e-02,1.403410031328629626e-01,7.363018312872579574e-02,-4.785387186295923523e-01,5.824271823332519693e-01,4.781455343494958043e-01,6.760028083836510104e-01,4.224650256467245013e-01,1.700404498411368648e-01,7.292997581314516475e-01,-4.961838070935713219e-02,5.920727953410492850e-01,-3.849979962345034812e-01,4.277313215522574597e-01,-2.467486588632736288e-01,4.250575937516131719e-01,7.476343643306424536e-01,7.373967068148334914e-01,9.426001161657694416e-01,-1.888866077472893812e-01,7.941387317709620586e-01,5.449889954088292798e-01,5.602200514319789493e-01
-4.258156172551788021e-01,7.276415109335021558e-01,-1.508915862281551279e-01,-3.756431584347405539e-01,2.583480808303731946e-01,3.612000169422913132e-01,4.949116001254064146e-01,6.140843352437403979e-01,4.533172829968760142e-01,-2.296442450468027391e-02,-3.709897511200191313e-03,6.933655125028216348e-01,6.637486358977648937e-01,7.063828136730458951e-01,8.067496792819407458e-01,-1.153586054818803719e-01,7.368643400883407857e-01,-1.495925133747266766e-01,7.835783247221203007e-01,-3.328908398482727793e-01,7.493537935001136630e-01,4.387427004047532164e-01,-2.295665812921802162e-01,3.352539028738619337e-02,3.160099334365466528e-01,5.570230751762370591e-01,1.812226570264988124e-01,3.316631515818914688e-01,6.836190638813144371e-01,1.775383566119460577e-01,1.423405612632784312e-01,1.213984829263190235e-01,3.388751945683537298e-02,4.033294838864999732e-01,5.638375154669833522e-01,4.028539832177598368e-01,5.316780111326268043e-01,2.855195090205708275e-01,-3.255650154502517934e-01,-4.634112800244143959e-01,-1.014170874606612899e-01,1.729663099108558477e-01,3.910743400995222441e-01,-2.185050022555704019e-01,5.887708412319330176e-01,6.745817793108479510e-01,-5.230394313123393896e-02,4.941942730959882901e-01,5.333880487638473777e-01,3.726627614019005774e-01,-1.976370645361214262e-01,1.381688648345800463e-01,-4.888058786005282652e-01,2.057901354735769683e-01,6.664373669714747095e-01,5.910156890363587046e-01,-8.451812298943546242e-01,8.372331266380993453e-01,3.520285411375083107e-01,1.850965141878213871e-01,8.614865707545157208e-03,-7.136767157235917036e-01,1.407157585582981263e-01,6.338827913559217375e-01,-1.097838674845957874e-01,9.111812618723053037e-02,2.146468562806723990e-01,-1.288830001975950212e-01,6.442242725178767282e-01,1.863722215280577965e-01,-1.895146673329514142e-01,3.875639496151742774e-02,-1.397796786903509891e-01,6.462016488525762492e-01,3.079095215721495138e-01,5.420728397008243160e-01,2.047444644975570938e-01,4.194426183918559259e-01,7.089480338864525555e-01,-5.183136138101192003e-01,1.319986182610181913e-01,7.866284386063128187e-01,2.757885267669040741e-01,1.716689848346564518e-01,8.846135851588947663e-01,1.946712075651377549e-01,6.420013876266061903e-01,4.539887604959240708e-01,7.561125202215678298e-01,-6.180641041216634601e-01,2.428554549062247325e-01,5.717591528933585465e-01,-1.656240417881430504e-01,-1.987402966234212975e-01,-9.079407396566326061e-02,4.419931839747249791e-01,2.394669984708217847e-01,6.038434151475411404e-01,8.277117418235785395e-01,8.295355296191262440e-01,6.661816123702134496e-01,3.735309192361280228e-01,9.842089320538259176e-03,8.340447977886077391e-01,5.612653465292181121e-01,3.363437790499395064e-01,-1.375984880013370881e-01,3.725295594592067383e-01,1.672618848822298998e-01,4.559953158415542412e-02,6.445479792859858392e-01,5.572957918258215626e-01,-1.645406250817043614e-01,7.147372882568746311e-02,7.165040849896185948e-01,6.808509538215596138e-03,-1.506243641844634551e-01,5.731140809068666075e-02,7.099648797368799391e-01,6.822350497029614491e-01,1.000000000000000000e+00,6.743954482270206885e-01,2.464452839233869652e-01,4.402509754350877880e-01,1.509286753615143029e-01,1.802034659729009614e-01,2.069368080837135637e-01,5.857787553626394583e-01,7.253695177072506661e-01,7.750848581218729993e-01,5.185754629398993121e-01
-6.492986789170016593e-01,6.322501429698083042e-01,-3.746275450300750598e-01,-6.098499618263466399e-02,-5.864587709197482956e-01,5.554968799377238975e-01,5.889656494507972129e-01,5.973187147378471451e-01,4.963496910011272467e-01,7.720340832795625774e-01,4.014245742488168345e-01,-4.737599427164387866e-01,-7.783056648951748244e-03,2.886389666366586670e-01,1.042584660497441196e-01,1.928713219756645059e-01,-1.067153245359833691e-01,8.022001718073945575e-01,7.059336796541515469e-01,5.206485433635992255e-01,7.262215442328655568e-01,-6.789985736213242085e-01,-6.077523896856265595e-02,6.528611145325041720e-02,3.626921410351615638e-01,6.426647017568487552e-01,5.268683779393894540e-01,1.705397911726370397e-01,1.775700375579064225e-02,3.067575700275944062e-01,1.543063662045213724e-01,-8.009518348566177504e-02,7.746600963797800610e-01,5.196585036295355842e-01,-2.653523358252343201e-01,6.657829415781887361e-01,8.665733960422848936e-01,1.906039619769472060e-01,-6.332557638775001552e-01,-7.477302435655686086e-02,-2.252591066487305560e-01,2.407651904535924592e-01,7.281996540335072821e-01,-7.461643687155206095e-02,5.570037145783538479e-01,5.008672079624956752e-02,3.590090334873329292e-01,2.031796598974806300e-01,-7.744409268178349681e-02,2.241326207588521524e-01,-4.864745090127421401e-01,-3.915897183529122860e-01,-2.778552243139603140e-01,-5.309846947015818275e-01,6.835486937924852846e-01,3.223149166741714478e-01,-6.475115065423319161e-01,2.072708082056138601e-01,3.690205373248711673e-01,6.754592742418340512e-01,-3.104836071730211478e-01,-7.990735647053247570e-01,3.364690433626844612e-01,7.106574789440083251e-01,3.812869225693863995e-01,-7.157454715110886934e-01,-9.168921518669279069e-02,5.906092985199044021e-01,1.000000000000000000e+00,-1.639862124036744473e-01,-6.569545201943274293e-01,1.125120750838005113e-01,-2.738730568452843461e-01,6.447913783048478953e-01,9.436851647326975623e-02,-2.947855065521700069e-01,5.472679645820779371e-01,3.400006895541332619e-01,3.191313594951890598e-01,2.479686594126406796e-01,8.517712360840486996e-01,-1.498937460996406512e-01,7.464231270470700341e-01,9.628321072136910574e-01,2.260355564963554276e-01,-1.624844099859760471e-01,2.749580316942461522e-01,9.089130512359565317e-02,3.663561916792503759e-01,8.519930616858535366e-01,1.048393760175625050e-01,3.817062362775778261e-01,4.107541322642573878e-01,-3.139964436154922822e-01,6.660081068982092178e-01,-1.169469319923681916e-01,-1.112627998636083748e-01,4.647066508798375906e-01,-3.027510850097462347e-01,3.088054201785991326e-01,5.637207371642088960e-01,3.722811325977603003e-01,-4.080882457944812747e-01,8.121989781583397461e-01,8.187493805509321598e-01,6.987090102347005560e-01,-3.495413861652709175e-01,3.776608272512809172e-01,-6.683740993335716973e-02,-4.023363751015255479e-02,7.013564044303791101e-02,-1.729741221459414613e-01,4.447453081627466553e-01,9.327413965409244723e-01,6.818674289279662570e-01,4.566586756259540802e-01,3.420511355549298305e-01,7.378204234440411957e-01,1.479688432047684618e-02,5.967116415962594456e-01,-1.656430257754553381e-01,7.815732667720811655e-01,2.776760421681988000e-01,4.446191562980987833e-01,6.107319585598601774e-01,6.965916920675555568e-01,8.335358810768417337e-01,2.641566523551598378e-01,7.034795698646737483e-01,8.985143078278254869e-01,4.193403743925560589e-01
-3.082162966649639180e-01,7.243541895426167665e-01,-3.931375885476439125e-01,7.610213348362199204e-01,-2.099034671639285199e-01,2.819348568432976654e-01,-1.692907945376158629e-01,7.860149583513234006e-01,-4.060369996217635252e-02,7.578023030349648748e-01,5.076910570236432552e-01,-4.612942979846824665e-01,-1.026885144033163749e-01,9.499028425946734466e-02,7.730516183826399157e-01,8.878507420798693595e-01,1.004735442178554677e-01,5.490863151257627806e-01,5.974711686695413082e-01,3.487843303927060101e-02,1.295291332351455604e-01,-7.050939799744251335e-01,-1.146722523756731615e-01,-9.298480557444957495e-02,3.574616561481556154e-01,1.177703841843026067e-01,5.254126175566157242e-01,3.008786787411624891e-02,-2.469416233355836710e-01,6.101153356199656708e-01,6.588859596310663314e-01,2.809793769915736039e-01,8.912089603933694981e-01,7.043445990714860550e-01,-1.610537875140557185e-01,-2.160314979136618123e-03,4.873335486904372682e-01,8.664994445629543574e-01,-3.439467105338799846e-01,3.777012933772642134e-01,2.959865972419608582e-01,1.106525815841000876e-01,6.697220926465482504e-01,8.127833739366822075e-01,7.495282068946195198e-01,2.875605179619282747e-01,-1.302487684132789814e-01,6.181558759765298783e-01,5.388337063338300981e-01,2.673163489292591510e-01,-3.374355756855332844e-01,-2.466139551343097536e-01,-1.461272889664894103e-01,-6.745052523712751213e-01,1.791171684922504004e-01,3.026707768051354330e-01,-5.559503967928548507e-01,8.255787978216087009e-01,6.776263742234248655e-01,3.972511042166482209e-01,6.000386873394877169e-03,1.652278441983142943e-01,7.091228765234193210e-01,6.305096104972320870e-01,-3.402541329876904719e-01,1.514519026524799306e-01,-6.668413128531341938e-02,-3.007712250522994735e-01,2.035904133669377489e-02,-3.189045008307854201e-01,-1.000000000000000000e+00,5.369062101811752918e-02,-4.535796148782085813e-01,2.478642066431501756e-01,7.837841503298825785e-01,-2.317789582457559575e-02,3.186161241147186796e-01,6.540041304309689441e-01,-2.479806446254756158e-01,2.532554525360050102e-01,8.016659003295094621e-01,6.549559350476842345e-01,6.725607497439933802e-02,-3.098756199019617741e-01,6.930131276995187273e-01,-8.001161166848962392e-01,3.555895516833265102e-01,9.226951987488672957e-01,5.793091636174390047e-01,4.189279651830239010e-02,7.354386196526360164e-01,4.763636389408406058e-01,6.761374109211198968e-01,3.229107827176357359e-01,1.000000000000000000e+00,-2.678941117545808326e-01,7.105190973385578923e-01,5.567685636999721854e-01,-2.493054166877762545e-01,5.371267301845026321e-01,7.116642027144513827e-02,6.302241362806133562e-01,-1.779402430690384673e-01,-5.395531942339572978e-02,7.364383867032926467e-01,4.856496571594979828e-01,-4.757560253542315598e-01,1.573818854980910953e-01,3.239074598689142825e-02,7.661630320562173857e-01,6.006547568813006555e-01,-2.758469207872833034e-02,5.931929498622959818e-01,1.374450165745368657e-01,7.940159620313754774e-01,-9.512027910942956466e-02,-1.232827362622689743e-01,5.471450205208295836e-01,5.187685583365696518e-01,-5.495729896857166896e-02,-2.026131521211597675e-01,8.008066343330928483e-01,6.494506999856808349e-01,3.427127316203194551e-01,7.555548836084431397e-01,5.104559566278002447e-02,3.402261303434017670e-01,1.031751747173362405e-01,8.208676797995728691e-01,1.246983837288282715e-01,7.810651522129002933e-01
-8.979561082936842187e-01,7.521581233175846926e-01,-1.700420579987607650e-01,-2.843675609946096361e-01,-4.887744275354005685e-02,4.315825269331923786e-01,6.591891065479918987e-01,7.836370740844510463e-01,3.505076151354929448e-01,6.514574363559744175e-01,1.905456340370727530e-01,-2.223469649976735907e-01,1.038896871817168166e-01,4.447473377631392388e-01,1.326032619279645386e-01,1.021298911858334463e-01,-2.022212434675682013e-01,5.805267028085381309e-01,7.927220930605913818e-01,5.700334211543699459e-01,7.837396512144662042e-01,-4.474901060317117985e-01,1.340617250189249654e-01,2.652680129148867194e-01,3.285875002677551282e-01,9.045060321476879883e-01,3.886992578067461901e-01,5.024291257008495215e-01,1.030578020821917851e-01,4.793994312564248128e-01,4.787687751376211442e-02,2.379109089609889593e-01,8.792002079998145758e-01,3.658703420472457224e-01,-1.850309567498228114e-01,5.940005473925358270e-01,5.388364945620036650e-01,3.308528935756788192e-01,-2.220020838421367104e-01,2.604574329102941066e-01,-2.009322024563829912e-01,2.438453945753182861e-01,3.927693626702048468e-01,-7.696861824467358948e-02,6.727986559345591200e-01,-1.889109610728775257e-01,3.738231721094613658e-01,1.605890342545129301e-01,9.758467919517979650e-02,2.876248106146592209e-01,-2.644303426862903428e-01,-2.034479389890843370e-01,1.772060785856901730e-02,-1.765769270074513675e-01,4.910763675307596166e-01,6.637741544497671731e-01,-6.952755463233085687e-01,2.563652436195453799e-01,4.025117494770237558e-02,6.572875096485292223e-01,-2.677854322322319458e-01,-4.525287781030153389e-01,7.257261874079889985e-01,7.144096249126417053e-01,8.605269814536818662e-02,-7.139977402428105968e-01,3.032007222573231305e-03,9.269322549090601715e-01,7.854876346422769995e-01,1.457936438638282872e-01,-1.908755906249059719e-01,-3.208656041068316811e-02,-3.811312696057602700e-01,5.859398297127891286e-01,3.004238315556810590e-02,3.896414265915335712e-02,7.322109375378023088e-01,4.187420803163950378e-01,1.181294886829712815e-01,5.272658107126549920e-01,6.366797318390686744e-01,7.474613007033238665e-02,5.586143923031756664e-01,6.606827302262848756e-01,3.664265996154471017e-01,-7.287614629411726108e-01,2.150387337583424541e-01,-2.518540278302128788e-01,3.418864065116442030e-01,7.128012274487068867e-01,-2.228600468346001243e-02,6.978788727048648166e-01,6.308130855014100202e-01,1.879317800375777392e-01,8.107291684483327598e-01,-3.264746648086137848e-02,-4.726447222903321782e-02,4.188797397366633146e-01,1.841736782092864011e-01,1.938415490379243045e-01,6.504071266321685973e-01,5.974813955838523816e-01,-3.646814943831445666e-01,7.765679356936140421e-01,8.137287648734338186e-01,6.707821344992840329e-01,-3.723387799070647652e-01,5.701277788728562612e-01,-9.949366594566136368e-02,-1.965017500243428639e-01,3.929533415358903159e-02,-3.229382629747354350e-01,4.845993771095155611e-01,1.000000000000000000e+00,8.989677958657693591e-01,5.277117410150670151e-01,5.324382765497699399e-01,9.266593279424653051e-01,-9.877957741081924703e-03,6.293379646513567183e-01,8.180789637934270109e-02,5.160513139517295400e-01,6.968730213861248912e-02,3.583701095069982689e-01,7.675468150028530445e-01,7.241551718022528616e-01,7.582295575451365455e-01,-4.359080379288529650e-02,7.974598953797737977e-01,7.800520781749261667e-01,5.494375778198499205e-01
-7.235142407707914058e-01,8.208656070487949652e-01,-1.458237976155031812e-01,-1.794051222905336529e-01,-4.548106943533827135e-03,4.451332345987673023e-01,6.583124464338975246e-01,1.007907171279423808e-01,5.182799128383236420e-01,7.172519536727907097e-01,3.628130726477166723e-01,-2.636775447479465240e-01,-9.003349343436951868e-02,5.127992227753659371e-01,1.347237661603949699e-01,-5.949193790016581163e-02,-7.362282332041343580e-02,7.669390465010959002e-01,7.165397571073692795e-01,2.931148078534758228e-01,9.108095123935574522e-01,-6.595789926360150490e-01,-5.652344372768794978e-01,5.024512232332113415e-01,-3.440821932961622975e-01,3.958460824521212729e-01,5.908276987574871963e-01,2.082811807625619405e-01,2.610378833663656861e-01,4.278907977922933870e-01,-1.165753458586006042e-01,-2.226262060700194279e-01,4.269749402265212157e-01,4.311925825304633308e-01,-1.404841955888814220e-01,7.810517973708445139e-01,6.153888483642643292e-01,1.257842925106326115e-01,-1.200270957056997351e-01,-6.150610289185962434e-03,2.834342837067037602e-01,1.319496344489498874e-01,9.686807314381785938e-02,-1.663259480175805771e-01,6.727609609356201004e-01,3.230346004855739195e-01,4.257834899483325941e-01,4.053783687010359404e-01,-2.763877821378667166e-02,1.180994484760212737e-01,-3.725146824952014768e-01,-7.923635391106509385e-01,-3.373480743655091207e-01,-6.457211633575666854e-01,6.129108542791332770e-01,5.804684376007359647e-01,-4.060046623094611951e-01,-2.059814262506403856e-02,2.642909803483692865e-01,3.269481734427241437e-01,-1.565083377658950392e-01,-9.488186548756996630e-02,5.687522851465860452e-01,7.458302464392360109e-01,5.190303072829415276e-01,-5.857889170059931150e-01,-2.171364049752815550e-01,3.929729318273325611e-01,7.481378756518241024e-01,-7.083260033513201492e-02,-1.681089839435361555e-01,5.915919274179004539e-02,-3.043398886146142512e-01,6.230010537162645745e-01,3.131376627723743145e-01,-2.905336483879498166e-01,7.700543211216974715e-01,3.349156108307349000e-01,-1.543351463858816386e-01,1.308069214772651923e-01,5.112346631166035937e-01,-3.324956484013650293e-01,6.086498062876852799e-01,3.564426870773513834e-01,2.827970533604980963e-01,-3.173069393365873236e-01,3.986926373861459094e-01,-5.910920505047077833e-02,4.171665395187598158e-01,6.574652500818660705e-01,2.921123363474519841e-01,7.857960857212110684e-01,3.997653374199209853e-01,4.376562138216593123e-01,6.982934023296268888e-01,-3.902638109578237535e-01,2.484470726662687534e-01,5.252173285605508113e-01,-3.918546574928929438e-01,4.074044890731787771e-01,3.938596558737696984e-01,2.461219336399626256e-01,-3.948379561490905076e-01,6.579681636996533856e-01,6.748650471946575635e-01,7.338932080266192814e-01,1.574594073668180404e-03,6.824535574621664047e-01,-9.769462473715863002e-03,-3.721559242980087417e-02,1.832458874549212913e-01,-1.956143623665546893e-01,4.643417209579681626e-01,1.396846640715974919e-01,7.475632515385232102e-01,7.209310558917865208e-01,1.680261424541105164e-01,6.357828733744855798e-01,7.022473248146590685e-02,4.672033722822315771e-01,-3.753779783416773541e-01,7.635002402994546244e-01,3.055525270787813885e-01,5.081993293048808757e-01,5.609411892003555167e-01,5.807208200938338560e-01,8.633154808587867324e-01,1.029280480420505239e-01,7.452638188098051897e-01,6.021944938214597309e-01,4.428836592462906951e-01
-9.925731081212529894e-01,7.932128526171501326e-01,-2.830520488872291240e-01,3.229183377291938717e-01,6.135012495265762533e-01,4.220252515083951494e-01,-6.731474169574842847e-02,5.743869703306322405e-01,-1.102817219204258181e-01,8.472159070893899857e-01,3.707844512064379372e-01,-4.437278912815726395e-01,5.580391564927520212e-03,6.506036926661852293e-01,7.199479321765352990e-01,5.093740413287232149e-01,-2.368103050318495495e-01,7.144521470433763399e-01,5.200613829059882454e-01,-6.842648601167038158e-02,1.694497723815778234e-01,8.618254972963075300e-01,-5.311820292649345188e-01,8.419125545432407098e-02,3.821742619193161938e-01,2.655985284112712952e-01,7.512430056694010538e-01,2.360960424856660134e-01,3.643148624528983609e-02,4.809243310857437281e-01,9.236641464327931539e-01,1.253306837616689207e-01,6.419835077152900027e-01,5.627377966716091695e-01,-9.829232431099068149e-03,-6.363614276480043797e-02,4.115677646118228727e-01,5.690697853711536025e-01,-2.119159718287983440e-01,-2.686768520042351338e-01,3.378670577023772104e-02,1.925650957260372498e-01,5.825755661720610767e-01,7.208102648001069035e-01,5.192808312059273845e-01,1.721709816408232077e-02,-1.560225401874623941e-01,6.118706230188616368e-01,6.873571726515519398e-01,1.109919685859786787e-01,1.707427804348261025e-01,-3.614068120623163960e-01,-6.489415508912003139e-01,-3.674201905242540644e-01,2.663236934280277524e-01,7.136773691515857498e-01,-6.727404189003608481e-01,6.081682040566228631e-01,5.272072292865901399e-01,2.483526529595765364e-01,2.488548071851290622e-01,2.688837238103867211e-01,5.916455149260114732e-01,8.312199426524629065e-01,-6.643501865439219722e-01,3.275524485050306245e-01,-3.424656799108448391e-02,-3.755993240633198615e-01,-1.341044319173859967e-01,-1.547718019202027617e-01,-2.655302829770296580e-02,-1.157527064650490552e-02,1.666581267699986102e-01,4.580862701381284707e-01,4.442628270805297208e-01,-2.854232855254145718e-01,3.090206141077243562e-01,2.949893163158010534e-01,1.166529856595470566e-01,3.401258540717341239e-01,8.999898193971455074e-01,6.814269910749186643e-01,1.621959287372174985e-01,-6.595018895108704093e-01,8.163299632253415705e-01,-2.704638325570053459e-01,6.956965920297405459e-01,4.929403085511154803e-01,5.672924670900284516e-01,-4.505311257185857787e-01,7.206323631719879774e-01,7.891037585396650789e-01,5.779305019044060909e-01,-2.996673700871162471e-01,5.113415031361518981e-01,5.420770400379343323e-02,7.190681941365567598e-01,7.019332414379639840e-01,-9.466793674520720958e-02,9.531445607218066440e-01,1.896725906582704124e-01,1.667863675776301569e-01,-1.076723794255768224e-01,-1.567657187076322289e-01,6.743048750108960876e-01,3.167233776183063787e-01,-2.975650202374887643e-01,5.274647317255901635e-01,6.330719150811886520e-02,6.948377313105783548e-01,6.467763117558704700e-01,-1.325740893581807966e-01,6.798563736965009818e-01,-1.306035864632349164e-01,8.164607837862957185e-01,-1.511614007551584926e-01,-1.048465586946604605e-01,6.486368679048075681e-01,9.452321104031635723e-01,-5.230823666135225869e-02,-3.226721808445074946e-01,3.980037041931842601e-01,5.872154626055430260e-01,2.688012322379294550e-01,4.186365200462636160e-01,3.885889598271371342e-02,1.575346759661983009e-01,-1.951794318374650700e-02,7.513409397044061855e-01,1.573967529350411843e-02,7.341725672068933894e-01
-9.649954985523554463e-01,6.992385334153700116e-01,-1.793311455434631052e-01,1.191351349052801600e-01,1.543496199263843516e-01,7.059327377627692135e-01,5.920693850391584023e-01,2.960879399678959523e-01,6.823508141553735751e-01,1.848033560524812435e-01,1.141939142899836279e-01,6.681490573095617558e-01,9.579868681299827937e-01,2.579274341838110329e-01,9.045977554432100831e-01,-5.843094660583864758e-02,5.629394719133415936e-01,1.870053112641580639e-01,8.931739366767182942e-01,-5.303589757756498324e-01,5.470826613949373307e-01,4.666522539064005271e-01,-4.144958533794704802e-01,2.007434080898325493e-02,3.073568066541537691e-01,1.200291988948185284e-01,1.119359513900746450e-01,8.166525590751323449e-01,2.080731401234627020e-01,1.874548206703285317e-03,-7.266230220752378788e-02,2.069283935921346906e-01,1.445471310874657245e-01,6.065975118327214810e-01,1.000000000000000000e+00,3.112581187874222666e-01,4.678998400469641661e-01,1.668832024133299063e-01,4.939621415171124852e-01,5.128456472219304896e-01,-2.768730720360370046e-01,3.978140066852638157e-02,3.810551600419216367e-01,-6.435381657970391800e-02,7.547203719106314601e-01,5.908940467231504901e-01,-3.429685219919446637e-01,8.382626832989162891e-01,5.462571113112334453e-01,1.345231843097970635e-02,-3.166771159767943211e-01,1.463071720081430549e-01,4.351220880466576402e-01,3.790120879595473280e-01,7.541736628948718657e-01,7.542071916127391917e-01,-7.827441507069877735e-01,1.000000000000000000e+00,2.484333900395067629e-01,2.766799752268455093e-01,-1.114466231887330377e-01,-6.465158157833622576e-01,2.443425443365400962e-01,6.778868561301470974e-01,-3.442205369168843676e-01,-4.740771507549314950e-02,-5.072663675139880146e-01,-3.593387039289688278e-01,5.961716914155519298e-01,-2.888833617715008129e-01,6.791308732820189320e-02,7.913528996452916242e-02,-2.871412050714899911e-01,4.625912791166141846e-01,3.473562544812891506e-01,6.156703009004056426e-01,1.966942312325734299e-01,2.634852459064907504e-01,3.971841978991504929e-01,2.272214825345478251e-01,-1.702342334981665206e-01,3.872605757967600426e-01,2.545702315572965224e-01,6.488820801264457705e-01,9.450464751965204080e-01,-4.764226080261101393e-01,-9.410486889303795732e-02,4.926036770276411292e-01,3.344979197753982780e-01,-3.876043389094693259e-01,4.328854084857254869e-01,4.812149161319598800e-01,-8.855995069465870395e-02,1.269161062548906649e-01,1.508885088620242343e-01,5.332724722268887829e-01,-1.114010383166507967e-01,3.276905115438757954e-01,7.369635753756367258e-01,1.000000000000000000e+00,5.255979278238562813e-01,4.744614087914885148e-01,1.801733015788577197e-01,7.117448439061082599e-01,7.625286636883290559e-01,2.513438760454376752e-01,-7.004407241598491485e-01,-5.913441531975108939e-02,7.852318062795146658e-02,-3.634153396631504759e-03,6.093682798351049978e-01,5.813703642077733269e-01,1.219042542103851295e-01,-3.365171042298294446e-01,7.966432694128914305e-01,2.971673857694823173e-01,-5.958981655365125363e-02,3.913642609724294341e-01,6.378672111785008703e-01,7.733854106981317145e-01,7.287765195562815324e-01,6.274618874780745204e-01,1.581205022511239858e-02,3.839753362419825455e-01,4.113225681397643663e-01,1.176917892389796605e-01,2.059356230336810423e-01,5.687132802683239063e-01,6.187457107706433312e-01,7.306462484929998613e-01,4.774240718701674990e-01
-3.457512584472307582e-01,8.732383003471728689e-01,-6.629674395897783290e-01,-6.923060500993714061e-01,7.883419578816272533e-02,4.769765767796239619e-01,1.077005692681811668e-03,2.955717902936629282e-01,7.388943521186494001e-01,3.024334983331158563e-02,4.622613904876794050e-02,2.479963685197107970e-01,7.011948456103683780e-01,4.894885052022735494e-01,8.072800073553506595e-01,-1.139859868851956365e-01,8.080698792834851707e-01,3.542953290827881990e-02,6.818721342438823774e-01,-3.491951733899751331e-01,6.842195001197042270e-01,-1.096181502983487044e-01,-6.389588420411346226e-01,4.463448481365124287e-01,-5.001743423384201748e-01,5.082027900623959510e-02,3.563445657269911394e-03,5.177314318473459631e-02,9.984354435305017317e-01,1.056637025639071970e-01,2.139000567501310457e-01,1.704197063342324237e-01,-2.214688196956575705e-01,4.486741671375945595e-01,8.449192585039116965e-01,1.074278545566383636e-01,7.305907789558472309e-01,9.211558041978211431e-02,-4.185049089571269421e-01,-1.891003428434150646e-01,3.560853362845803338e-01,1.834069773271566547e-02,3.666393396901860280e-01,-5.414367083648989887e-01,8.703884838182123218e-01,7.168540344940710352e-01,-8.645512026760068802e-02,7.846665189918680117e-01,4.305862801574270038e-01,-2.030357131979620283e-02,9.815053429169150190e-02,5.420954662286248810e-02,-4.436208865976262739e-01,8.829165332546906608e-03,6.125073303454409146e-01,4.983086364635560539e-01,-5.871857163647116185e-01,6.079433349786508289e-01,-1.352477950070610224e-02,-1.133565359984829886e-02,1.020994629726039299e-01,-4.309642100682435917e-01,3.134424227035810251e-01,6.585070243202968410e-01,1.911479970467197254e-01,-6.638664832929576376e-02,-2.373498191678002078e-01,-4.979406132114921335e-01,7.127745174424106045e-01,-1.192531424110508942e-01,-1.952833162310945725e-01,6.515273642589273703e-03,-4.874432110695072762e-01,7.370868527777548751e-01,3.435944379214886379e-02,4.480947524594910414e-01,1.766520782600981276e-01,1.403316344830403961e-01,4.997598436729486227e-01,-2.223578034776528267e-01,1.570662735489334882e-01,5.902089036718080051e-01,2.225007945812742527e-01,1.009625961766506125e-01,7.080905209157737357e-01,-4.883046079710849363e-01,1.714896152531715789e-01,3.589109196310522609e-01,1.000000000000000000e+00,-6.572116085934837093e-01,9.136264963388501803e-02,6.683396813204622866e-01,7.486176173371188181e-02,-6.046846520146812592e-02,-1.048682506220069283e-01,3.906206862394749346e-01,9.735625787374761753e-02,4.101625823340109278e-01,3.199371876393731773e-01,5.801661932407328193e-01,4.522679658992707075e-01,6.893241060560976186e-01,-5.118611664222965166e-03,7.011263371644773645e-01,5.951936653812246458e-01,4.038327926583024641e-01,-7.141401897561355794e-02,3.847668801964206908e-01,8.732109028714166166e-02,2.506209477511036621e-01,6.434824000193843929e-01,3.873680873549971704e-01,-3.346588863620749699e-01,-8.499003521597874033e-02,6.395861383772831754e-01,-6.900662427406956123e-02,9.298067719886209115e-02,7.787535213588964167e-02,4.724336021081375625e-01,6.039084779267872571e-01,8.744068818652920294e-01,8.789295784015265234e-01,-2.208209729737375254e-02,6.779975588569095435e-02,-2.991897209177903777e-02,1.882817745530714348e-01,2.514650781976884297e-01,4.395974640156994351e-01,7.615807163203489605e-01,6.720339154769781054e-01,3.868837019723183057e-01
-1.000000000000000000e+00,7.117202973781874276e-01,-1.555270260250156134e-01,-1.680895554115726664e-01,4.925636754392861971e-01,3.397542451241274408e-01,5.314252083012236394e-01,3.383397065108027513e-01,3.989852212235999729e-01,9.203746991848320569e-01,2.658584516430042011e-01,9.244586417789546484e-02,4.805292072352509991e-02,4.617754234217495979e-01,1.403456918699444167e-01,-1.775452227113448189e-01,1.434544748693470373e-01,5.664280238005360291e-01,6.023154484482029503e-01,4.632417200637701793e-01,8.016841666730211147e-01,-6.681104668311641515e-01,-2.135145231960058898e-02,8.774119074924713324e-02,2.039350265262109274e-01,1.958928214555014646e-01,4.307955454445639987e-01,-2.085842298109309156e-01,2.627323452656074032e-01,1.921209108903145502e-01,1.144903655845084522e-01,-3.928548783546102485e-01,8.077341287732647812e-01,6.553726672490601812e-01,-3.237781661341480044e-01,3.459187140986109688e-01,5.807054055128287873e-01,1.544864169976666868e-01,1.297349941698999233e-02,1.072932090600525572e-02,3.211898941102447891e-02,2.269725103582662940e-01,5.325932374568401739e-01,-2.148167375782630562e-01,6.053130143135404539e-01,3.791876588956001326e-01,6.405431294545282928e-02,2.949392747603005183e-01,-1.941346828756258802e-01,4.030744223684122884e-01,-6.298856589354187019e-01,-5.661325791836082644e-01,-5.151796525781955349e-01,-2.550262737188792039e-01,7.879968666913239606e-01,8.762224599750513265e-01,-7.574153658365074815e-01,1.450383017643598060e-01,6.257615716762776961e-03,4.460484742545887116e-01,-2.270495259463492232e-01,-1.000000000000000000e+00,3.429331415573444453e-01,6.352182879749010969e-01,9.856097548225659088e-02,-5.390830831095780873e-01,6.440588883700858469e-01,6.998942672642499696e-01,8.782082262157451247e-01,5.311576562733595630e-02,-2.808575289580969025e-01,1.370708768632272201e-01,3.411112629465130053e-01,5.428371872371493545e-01,4.024814804333812224e-02,-2.318833077248153574e-01,1.000000000000000000e+00,-1.384620395702632345e-01,1.330232959419616612e-01,-4.010062203628111943e-02,8.557278763906716046e-01,-6.262837366565807695e-01,7.125326799128134381e-01,4.773763303881831677e-01,2.779136115602726109e-01,-4.201353666085841931e-01,1.423286169941744839e-01,5.133246587767022716e-03,4.367429053355633695e-01,8.218978476386179510e-01,1.688907741228013459e-01,6.352216732829759627e-01,5.091557579555864299e-01,2.630037723003443850e-01,9.258265274399034572e-01,-4.072797471840189365e-01,-9.614177691503042467e-02,7.830846947401852720e-01,-2.006018317680603180e-01,2.151606455815717189e-01,7.702077761348943286e-01,3.863447596261059269e-01,-7.727213304889676282e-01,8.303508640967912635e-01,8.770181972706956319e-01,8.105785134574950979e-01,-1.406966906045532817e-01,4.762708662845808738e-01,2.546896100298392529e-01,-9.817418546715617200e-02,3.073817748893018509e-01,3.227400917996497975e-01,7.100363368638172856e-01,3.929385592655497139e-01,6.172032810632230859e-01,7.010823794068841153e-01,6.373871473499624907e-01,6.890717181328351870e-01,-2.650412580297190623e-01,9.454859499803265344e-01,-3.022715182622148777e-01,3.552109128151801354e-01,-3.868972038140498781e-02,3.146165165615665282e-01,4.123947000527970475e-01,8.220310294766887127e-01,6.180895547201610274e-01,1.321998261963648613e-01,6.841704991524812929e-01,7.429407476050632342e-01,1.000000000000000000e+00
-3.974352788230576250e-01,8.201174211926960389e-01,1.351161992174121536e-02,-1.631573006778574420e-01,4.823756266970317119e-01,2.208999201127658241e-01,2.636895974003919951e-01,4.331219610904210038e-01,4.215753507876668360e-01,6.238163551797093476e-01,2.901884445945681623e-01,-5.754775444443345211e-01,4.166857274132482192e-02,4.215255612049914058e-01,1.495186572797468361e-01,-7.438078159261818020e-03,-5.403150871023825602e-02,6.475143872636680564e-01,9.966910577788647974e-01,7.592401291491054360e-01,6.236171687083834625e-01,-6.117377821333632726e-01,-4.180873127288119995e-01,1.258002686523876715e-02,3.999198834742028197e-01,2.834800255176309625e-01,6.031591131478366563e-01,-2.290878610863988363e-01,1.293521886412219712e-01,3.684356746509224734e-01,1.372358496763453617e-01,-1.906927497290866191e-01,6.182571726683138147e-01,5.552022233325883960e-01,1.476509417974464222e-01,5.865085548702109186e-01,6.824848534277953016e-01,8.598290181873001481e-02,-2.667734903759756970e-01,-3.389739134200765031e-02,-1.922178403883331027e-02,3.921284067650168681e-02,3.448203668752825024e-01,5.584646132514500816e-02,7.006425590474677501e-01,1.479810556563753154e-01,9.674098298472323387e-01,8.986007040465901485e-02,2.007985628348586404e-01,3.423340485099020114e-01,-1.401783451978380057e-01,-2.269579288528355276e-01,7.018343722187847522e-02,-7.250152888440775101e-01,6.573750796419713938e-01,8.014678372430654729e-01,-6.849177144527114347e-01,2.673321663502720158e-01,3.058854145698571836e-01,4.850965047794708052e-01,-1.967083342496585008e-01,-3.053834001874500270e-01,9.131970858546414327e-01,7.755943094044237540e-01,6.333628765005323569e-01,-7.068515954454004380e-01,2.678159897334428385e-01,6.554682472223950507e-01,5.696238346248554407e-01,1.054858889817976153e-01,-5.529696258830909539e-01,8.936704618050515803e-02,-2.727804247422534467e-01,7.313802732078810154e-01,4.483423635193726220e-01,-6.300994272081514302e-02,6.698994700442262307e-01,5.234949508121329309e-01,-4.933721768931932650e-02,-7.678658383179567948e-02,7.315004659438715251e-01,-2.685559419301635220e-01,5.618046603509043724e-01,6.290875510725243425e-01,3.906043205074155034e-01,-9.689200972607148188e-02,4.692903308489481673e-01,-1.217740851510271810e-01,6.636212447687783733e-01,6.642184074086179280e-01,2.173694567909304209e-01,3.939154056963594108e-01,4.837829310403587990e-01,4.049612877850650716e-01,7.087104139309866602e-01,-1.578057348847630437e-01,9.352788145035949297e-02,5.683306696210214115e-01,-2.402245858747704965e-01,3.148275692829877737e-01,4.084546873044236359e-01,6.309067718223366761e-01,-5.231376152526084899e-02,9.743174231361970694e-01,6.862953374854029454e-01,8.015264735117012540e-01,-5.968395728783461307e-02,2.866212912501737708e-01,2.146747253283875501e-01,2.254159109177186759e-01,1.663599940083760609e-01,-4.888984076944953294e-01,5.556572747562622538e-01,5.733151973808575663e-01,8.120520579630668978e-01,6.340832178147968179e-01,7.241271416622678536e-02,6.572098284451158845e-01,-4.435759075754695802e-02,4.407577644811731532e-01,-1.225710752029808837e-01,9.792259134324687864e-01,3.781065587215964863e-01,4.484929391052921988e-01,6.174006102910779559e-01,5.760543289728484728e-01,7.301544250815709125e-01,-8.431415683976213604e-02,7.603289914198138044e-01,7.514408914764935110e-01,5.557016714542896141e-01
-7.640556477467448371e-01,3.821298761063116611e-01,5.950196227582470465e-01,-4.395750336130829217e-01,3.083430812195288584e-01,7.478859666087853686e-01,4.564732268665791515e-01,-1.927653865698086832e-01,6.891175776785954943e-01,6.386989913868675872e-01,3.334329389046185033e-01,5.827393639827781469e-01,6.428775809090425675e-01,5.510760351936725421e-01,5.812535995855789422e-02,7.297010212450973921e-01,-1.730226383670879775e-01,6.500460980110332743e-02,3.586705574640499661e-01,-3.207586278199233698e-01,3.183827216460362597e-01,2.526355409927245610e-01,-6.545120979508556314e-01,1.372203720174292041e-01,1.297520564890811690e-01,2.254913589251121564e-01,2.607581841930925459e-01,-2.418644745753695518e-03,3.426098800467141103e-01,6.864252840121444210e-01,-2.206557003162433750e-01,2.104160347985033208e-02,5.943968841379495549e-01,3.720147776486920632e-01,7.211078767416618795e-01,2.763224399691164290e-01,4.557931240881661905e-01,3.237665935880231216e-01,-1.110413376414615821e-02,-2.006158033073068558e-01,-3.698249779767813217e-01,6.738037687762384875e-01,6.742842840516616310e-01,7.448809856607809810e-01,8.890886802359525554e-01,5.345336741482663578e-01,-9.916414549726267069e-02,7.329921297596962981e-01,8.559265786889439509e-01,-5.739704429387687545e-01,3.915410538196141266e-01,-4.956869244969627220e-01,2.180752313019952149e-01,1.386475731552055390e-01,3.184866658883239721e-01,-4.622367037059071371e-01,-5.858872294849862827e-01,5.397261754000387546e-02,3.172339773010315889e-01,3.015080610875422451e-01,4.909156204604990248e-01,3.239430166218405516e-01,2.804732865151119414e-01,3.605122531064126057e-01,-1.812190204055724452e-01,-3.088576461644826909e-01,-9.064082309607594812e-02,4.987325352087432773e-01,2.322426176049062485e-02,-4.886961177542550189e-02,-1.607022167652924216e-01,6.592510650816888473e-01,-2.646150288650135282e-02,6.639176698943750621e-01,4.156245924856590834e-01,-1.804644561787960844e-01,3.139403737223164237e-01,4.458439707664286211e-01,5.460764276877343448e-01,-3.761251528087764529e-01,6.105214909752016972e-01,-5.471228908984021588e-01,1.650858362236056476e-01,-3.693955559726173066e-01,4.702879611026681284e-01,-6.776999594373291913e-01,3.038627927520358776e-02,-2.625644719890041223e-01,-1.056621332366969868e-01,-2.354318450743149993e-01,3.573743639585099663e-01,1.950229767199839204e-01,1.798722331581735501e-01,3.992674948533590507e-01,7.071288817557775941e-01,-3.319981818234700732e-01,7.923824595087157752e-01,6.970429650583374048e-01,-1.225210177720214566e-01,2.126618647009675955e-01,2.988907121551476198e-01,-2.743017200988652204e-01,9.014875461128968315e-02,8.027188407356841138e-01,9.772973083242697534e-01,6.896820894787774048e-01,-3.028126540079839057e-01,2.933166751073160716e-01,1.000000000000000000e+00,-8.017902825300718406e-02,1.982206756083497445e-01,7.478067636806084995e-01,-1.347980543617278704e-01,-3.046175631837823305e-02,6.718239052317480642e-01,2.028001314934464727e-01,4.285026681995607878e-01,7.805017001544406474e-01,7.788098013998525637e-01,-1.237159122355273311e-01,-1.647404844928234968e-01,4.694748974490491888e-01,7.950045594337675769e-01,4.547051910010167508e-01,1.248677239737743666e-01,7.271893789343619741e-01,2.361003181043688226e-01,-3.719118941208658657e-02,-3.968340182900988861e-02,6.166420417217600702e-01,4.427037176548651032e-01
-3.420421894962656362e-01,9.395283317085624253e-01,-3.382430767232906810e-01,-3.242071470706944236e-01,3.506325620508736751e-01,4.810879788458534145e-01,4.334229456347574727e-01,2.043225517279571857e-01,5.985827151503902988e-01,3.289111429278938070e-01,1.723303603664299299e-01,4.683450199596290719e-01,8.188085659875524724e-01,6.436391908361278613e-01,7.959949158757552157e-01,-3.582443432129943650e-01,9.546485247225345860e-01,3.632006646791802185e-01,6.214101513843528490e-01,-3.546848731686160772e-01,9.726622020120727630e-01,-1.914353715798556427e-02,-7.770857616915133326e-01,5.910847077372132219e-01,-3.025630083119271174e-01,4.471493879379468961e-01,2.968140561926490562e-01,5.211494692759655045e-01,8.323506580727888515e-01,8.024637211838623330e-01,-3.204076128608816521e-01,1.593781404052662942e-01,-1.773016093582948094e-01,5.417067655134080173e-01,7.376845144358276096e-01,6.842671772545414616e-03,5.892462255051857944e-01,-8.398938907340544602e-03,-3.131422504651839578e-01,-1.840140719311786077e-01,-3.100287612152745065e-01,1.842924668321500037e-01,7.245609658268904463e-01,-4.358206526002028625e-01,6.939923456764803822e-01,7.230075806582640929e-01,-1.761937453206400828e-01,4.127505410068095792e-01,3.840003811505017794e-01,1.288040090048004349e-01,-3.606664937624294853e-01,-1.210641216398918307e-01,-9.710070015878335958e-02,9.939881235965905559e-02,5.165235675512243052e-01,3.386775900063870859e-01,-4.826486007955422819e-01,7.084666030499796596e-01,-5.293337632705687190e-02,1.813290531475726386e-01,-5.900371856211999999e-02,-6.822788986631325159e-01,1.284385036866666496e-01,6.757412549450585448e-01,-3.750174654583061096e-01,-1.228292963973109247e-02,-1.268735795568440294e-01,-4.370790828051277499e-01,5.975753643735340903e-01,-1.109749038022087159e-01,-4.117180251487943532e-01,-6.010164972126749022e-03,-6.122018881523792061e-02,4.297837370710284044e-01,8.711729966994367913e-03,5.870734141466332767e-01,1.832630510260394585e-01,7.459792662139882458e-01,5.254193227235134378e-01,-6.081741366456164810e-01,-7.821298492075007269e-02,4.320482006162482125e-01,3.096065783143487349e-01,8.763520418829666703e-01,6.933845375117322352e-01,2.361396665243838400e-01,1.043153015977925230e-01,4.978693904070060072e-01,5.654533178765028811e-01,-1.623852621664329809e-01,1.331291393902725995e-01,5.781993312840921773e-01,-1.960491869743292634e-02,7.877587018620580972e-01,2.929270860169998561e-02,2.330065626521083400e-01,-1.624930211724571749e-01,5.048527630246582021e-01,7.099785161039914305e-01,7.593814847274376056e-01,4.297292970195947803e-01,5.592887157483094063e-01,1.883508721630888783e-01,7.574016994067340747e-01,5.668011241031292169e-01,4.221109037591150998e-02,-1.986216724369152531e-01,4.192186605567836954e-01,-1.512475214752215802e-01,5.168965851235494124e-01,7.604752412571466058e-01,7.650404181311694085e-01,-1.171116105501073118e-01,-6.776128948290796039e-01,6.650031750165649180e-01,7.540043501127770276e-02,-1.339204420511192206e-01,-1.326918480892691488e-01,7.688508185339810730e-01,3.277204160314904913e-01,8.399349944206457863e-01,3.527589655721340423e-01,-1.387836925310746150e-01,5.793845884220186759e-01,-2.135394216108821297e-01,1.990821356727989766e-01,2.841715823281995013e-01,6.297700564565106296e-01,6.299391096532467316e-01,7.867562839130318730e-01,6.671916883012719568e-01
-3.158392164334782315e-01,1.098291570582950460e-01,5.845101893978101870e-01,-3.498596198133094859e-01,-7.259288818253699649e-01,6.022792202427631469e-01,3.251709197750001779e-01,-3.292792525037971929e-01,6.464468633087265825e-01,7.332048914135947948e-01,2.620682103135507091e-01,3.956351669474663102e-01,6.742430772127830929e-01,7.861987957903969759e-01,2.367365942456190961e-02,7.917936264363304444e-01,-1.258336747828085744e-01,-3.602943388805014691e-02,8.381478952279822758e-01,-2.259886923944906534e-01,-1.116688323365344071e-01,2.414556003414784768e-01,-6.656183142602156710e-01,3.217185047906137574e-01,1.300823693655312474e-01,-1.158243731661378895e-01,6.319214406593400835e-01,1.342393344753183004e-01,5.621380715658104155e-01,3.021721569374401506e-01,1.114960981446865701e-01,2.926428286566518100e-01,8.231502080078698658e-01,5.026167885997377960e-01,5.774150631522214638e-01,1.969849383794809727e-02,6.169088176506283272e-01,6.687598171379612044e-02,-2.609917961528601116e-01,5.300125950080569748e-01,-4.032779250516297168e-03,5.589213298912032446e-01,5.198828956402390400e-01,6.664606449454417714e-01,8.676038170178405062e-01,5.482666549081024465e-01,-5.650265546129470406e-01,6.231236503633649226e-01,6.536166215236988153e-01,-4.455584729380026587e-01,-8.434682067025763841e-01,-2.837433968576246746e-01,-9.333644739402628676e-02,2.216849222944830555e-01,2.091452374240743706e-01,-2.187102572374826082e-01,-5.739258010652125153e-01,1.326989069747279981e-01,1.961465895872867293e-01,3.027645221234770423e-01,4.484070580967629560e-01,4.326374036438780379e-01,2.460764849769225826e-01,2.346952945675046809e-01,-2.244438042217565543e-01,-7.865171601974797477e-01,-1.313070532811538849e-01,5.979335021454712518e-01,-4.730445438130306129e-02,-4.560618550884580902e-01,1.360888722303363052e-01,6.124750681193393831e-01,-5.408094073528740137e-02,6.004338518403196101e-01,-9.267769746511131390e-02,-1.579759210533747404e-01,1.720151863577687457e-01,5.536249049093987518e-01,5.456322102532273899e-01,-3.871220265502616775e-01,5.147638972621093600e-01,-6.128321932898503910e-01,1.295561811127818042e-01,-8.117327681202222145e-01,4.362405945108678851e-01,-7.638053257526115913e-02,3.348621998024734481e-01,1.790827706345223674e-02,6.070798676271664529e-02,-3.337455616388102508e-01,3.115895058519411731e-01,2.048160139441905225e-01,-9.637177151928037755e-02,1.276325490940252716e-01,6.471173559736279612e-01,-3.230467841110538640e-01,6.273206405100556493e-01,4.891446473789358151e-01,5.033779505238474700e-03,1.217565792754344706e-01,6.821643624068084166e-02,-7.391607602105580987e-01,-6.460024623728937154e-01,5.918554725908546921e-01,7.647104727206712749e-01,6.448163529756768542e-01,-3.978396527620768341e-01,2.108687951154777484e-03,5.198953238980842384e-01,-4.020134907523951334e-02,1.338196666777271282e-01,9.125061701084399290e-01,-5.840603275629750041e-02,-1.969969286796201813e-01,8.038070414853261125e-01,-6.596297861342138580e-01,3.200808417302760667e-01,7.213088724623347714e-01,8.383823791550429894e-01,3.382132020855263196e-03,-5.217807530039710873e-01,3.245046231757882649e-01,4.096645428153514179e-01,3.836418828337248565e-01,1.458452381663707664e-01,6.169852186191477905e-01,3.003301421001794425e-01,1.549612123072748732e-02,2.567370488601541240e-02,5.415655812168841399e-01,2.423035659886551285e-01
-4.286781634346852887e-01,3.256967703937672654e-01,1.000000000000000000e+00,-2.624618811396913221e-01,-2.115877112206109856e-01,6.801644498020569252e-01,6.019681651617880824e-01,-1.000000000000000000e+00,4.108960468846530323e-01,8.101664426909926942e-01,2.512074607762990186e-01,7.662821964688230070e-01,6.703734357848262215e-01,5.679668232767796088e-01,2.636855879316257201e-01,6.745313994983351824e-01,-1.071364537884102741e-01,-1.129824019866958740e-01,6.014908570711631208e-01,-3.009932279573355740e-01,3.026135928571700023e-02,-1.233472550418054092e-01,-4.659029502008680823e-01,2.194719685130846476e-01,2.987973335586920909e-01,4.091409615180314208e-01,6.252570191793647147e-01,-2.049422408791900033e-02,5.353167814669584912e-01,5.782407822979535039e-01,-1.063709685346062306e-01,-2.763352318962179061e-02,7.364144962731166144e-01,4.996984159730620267e-01,7.793035526435099225e-01,2.519466148007458717e-01,5.089427497669190004e-01,3.346959667326500076e-01,-2.961747694756988181e-01,4.243624219284928278e-01,-5.363342422225343409e-01,8.452981246640035584e-01,4.254280278581931696e-01,9.225993993363387213e-01,9.248750903852938077e-01,9.048354677408573243e-01,1.204233363283253311e-01,5.567314280146423711e-01,6.408808717069929273e-01,-2.281140457812865785e-01,-8.466913961708103301e-03,-5.022021158655403106e-01,-6.891665209142924797e-02,1.101108365645259296e-01,2.946632016162922252e-01,-3.068867721065182130e-01,-5.300120916120355519e-01,3.010406236024061877e-01,5.375201385807746451e-02,3.750106278482359667e-01,7.098656164471927044e-01,-1.205606890194698549e-01,-3.968585654561678465e-03,3.984732541544831474e-01,5.654756114270229062e-02,-5.040337127691408847e-01,-5.939841885899618812e-02,3.490889366233098090e-01,-7.503163530948871174e-02,-1.576992514818212621e-01,-7.557590271842107299e-01,8.340260149146748736e-01,-9.964927394819557416e-02,7.959368903631053316e-01,5.394961004587441739e-02,-2.109271070043834684e-02,2.496282484549721126e-01,7.464024287016891579e-01,5.390784559689205668e-01,-6.099846650380477131e-01,8.631822256493359991e-01,-7.099233559010472705e-01,3.126448241596818667e-01,-6.820647731536811920e-01,5.021502025436502814e-01,-4.980901646064138655e-01,-7.641009947294902238e-02,2.579525101733835053e-04,-2.457450874591780299e-01,-5.206183604912463236e-01,3.315976714696881045e-01,1.181088916272113459e-01,-1.914774460222535592e-03,1.969039141281676009e-01,4.933741552084938697e-01,-1.931914673362561674e-01,9.747569308394699039e-01,3.905469029880911380e-01,-3.924036745676833804e-01,3.357500678208176215e-01,-2.561082902359890223e-02,-6.849450628404831765e-01,-2.496964916188891548e-01,1.000000000000000000e+00,7.255546774105096075e-01,7.357514863405675287e-01,-1.146835377104809955e-01,3.716174081951251207e-01,6.216172311845347132e-01,3.009595329246493867e-01,1.408656278150700325e-01,6.463780959229595835e-01,-7.179920132737048488e-02,2.809965056580781412e-02,8.779245198419511897e-01,1.845176985878927700e-01,6.123807245701874402e-01,5.965351399611094063e-01,1.000000000000000000e+00,1.954902538656695110e-01,-1.834437596499053080e-01,5.958934167122353909e-01,6.734115704450999162e-01,5.324930250280917043e-01,3.252105970064804730e-01,5.973192462734973063e-01,3.694647834586426982e-01,7.637987214904622124e-02,1.396897421232430325e-01,6.015396046289566145e-01,8.864460256471371480e-01
-7.433940889802110874e-01,8.067384093939616863e-01,-2.848512577222401809e-01,-3.484857870128312829e-01,-3.608121260053565593e-01,7.002200328702317123e-01,4.988573697442945099e-01,2.471778236966619968e-01,4.112957879976291142e-01,7.132712306434535465e-01,2.786089229579335469e-01,-3.078662284680510064e-01,1.098808910231562075e-01,2.190522514151561073e-01,3.929833237403086987e-01,-1.462162657511412445e-01,-3.628026922811900673e-02,4.742640611831889785e-01,5.730034052386024923e-01,4.834179484008799266e-01,5.593702451585813584e-01,-9.538324602351974102e-01,-5.931309729441482936e-01,3.829908287441735060e-01,1.758914659314111950e-01,1.185098025005208583e-01,6.121224141619946435e-01,1.104660131245953913e-01,4.407994482738640807e-01,3.596938723710389474e-01,2.525900768071421831e-01,-6.980330906648971601e-01,7.128739654235189960e-01,3.797783947611043098e-01,-1.088180204301679582e-01,4.216284672790575061e-01,5.645591247165204773e-01,3.673503198510536527e-01,-5.638530993363591870e-01,-1.103913078676978243e-01,-1.021723850108594567e-01,-7.308231063817944521e-04,4.353757418808962276e-01,1.457421592525473758e-03,8.474512190424744462e-01,1.336884328937962274e-01,3.779781954722450932e-01,2.191173348893186434e-01,-4.152201552924588146e-01,1.269644290281653383e-02,-6.928362036285349301e-01,-4.884028415266545298e-01,-4.465274135863090965e-01,-6.601899141193938725e-01,5.039941762161389560e-01,7.218820668796603890e-01,-7.813997394945102482e-01,2.208269850240917320e-01,-1.221956475320855190e-01,6.115295610875177701e-01,-1.361645232525146854e-01,-6.154661766299023284e-01,5.869050382054807891e-01,6.578854352721227317e-01,5.067795205938633307e-01,-6.875241444328458185e-01,-7.791161907859690539e-01,2.139550971110638911e-01,6.054883437386885392e-01,-3.908991251942953715e-01,-3.588103372720209960e-01,-5.331890626028259333e-02,-5.179934150248426405e-01,8.952464195124122392e-01,-1.301590413589078510e-01,-4.164430341064069563e-02,5.833768804014939358e-01,2.484074548858865861e-01,-6.989585694808782279e-02,3.115654526101617472e-02,7.573425682360221955e-01,-8.536233918985339786e-01,6.800003626378796628e-01,1.702995997596517264e-01,3.166294534980689246e-01,-2.133650868475624185e-01,8.126489817308532593e-02,-1.163388815167207685e-01,5.926775728974620350e-01,4.844552688051432798e-01,3.364929653208618698e-01,7.906366093371930415e-01,7.001424766635179209e-01,1.877470211632298602e-01,5.074023298459395814e-01,-6.126057712284997958e-01,-5.398110012632841709e-02,6.852447254308935420e-01,-8.245359562246614704e-01,2.778225731174221447e-01,5.711881058222345597e-01,1.705505964442764755e-01,-8.312998354557488145e-01,5.118717068882769894e-01,6.812509383904381544e-01,7.400635873056334857e-01,-4.613047153055440108e-01,4.542591564174874863e-01,-1.568709862737980298e-01,7.464883802205529717e-02,1.177862665452145408e-01,-2.860096752978518175e-01,5.747430731766951517e-01,5.008334203567543774e-01,6.061588787009114521e-01,4.571502694772339170e-01,5.675140985265335614e-01,6.560898900539080536e-01,-2.963973539214521113e-01,8.229259841828171496e-01,-1.489586605515253737e-01,6.781427699153463884e-01,1.048807578581393701e-01,5.587104265081548338e-01,8.382578536285503201e-01,4.945597645374020801e-01,7.034538356428580164e-01,-2.242071380747386322e-01,7.209525504419129760e-01,6.019005657114688823e-01,4.076044309996364468e-01
-7.271047985828712479e-01,7.735629456973127649e-01,-1.494735847563202213e-01,1.000000000000000000e+00,-1.492521280622807756e-01,3.141565668477221962e-01,-2.479219885526838529e-01,2.780751986992490155e-01,-7.851662549513070688e-02,8.111329538384483007e-01,2.966913646593025145e-01,-4.496936047730906161e-01,-2.765477049934553233e-02,3.075536073378141166e-01,7.552821733195187459e-01,7.715287488722668563e-01,-1.131936711320661315e-01,6.473225111168769974e-01,7.530678705353825997e-01,-2.751005930786397102e-01,8.744431923365274251e-02,2.096014870872091318e-01,-4.986900739453418163e-01,-1.130519562536751003e-02,3.508989067103221449e-01,4.205845685256375810e-01,7.659483630854071468e-01,3.986767607672195290e-02,3.761899952099385658e-01,4.717512681832645161e-01,8.173102590194738504e-01,3.621290104704587010e-01,5.787842028734244693e-01,5.534172457515634802e-01,-1.671041583377967654e-01,2.212537292128886335e-01,5.797618054352338124e-01,7.062634009620338826e-01,-3.179370876204591356e-01,-1.370198362338679865e-01,3.766812168015203355e-01,1.922498130516631099e-01,5.111836039637820406e-01,6.676527916632801762e-01,6.432328374823443884e-01,-2.744693822255634894e-02,-3.381733580728997213e-01,5.761071568517065478e-01,6.245243211726893007e-01,1.789372114410299197e-01,-3.775238688108914498e-01,-2.592807319036904978e-01,-1.804872449899699027e-01,-6.924154606663123213e-01,2.362245359177445325e-01,7.867913378229117738e-01,-5.327404284128126610e-01,9.226112141622649920e-01,7.349316607634968079e-01,4.594726832165769714e-01,1.632035114817614874e-01,2.424910403796044223e-01,7.323745787351571002e-01,6.980357265431216263e-01,-1.575789257066874671e-01,1.188391890012398672e-01,4.726320166201622430e-02,-3.843062453874442341e-01,3.949300276201447857e-02,-3.664208298056214619e-01,-1.557500156215961828e-01,6.360390287768293016e-02,-5.420604770357051461e-01,3.935195248273533064e-01,7.673348920118526761e-01,1.248026612148775139e-01,2.911897939456595252e-01,5.018738545474764612e-01,1.111368523061836144e-01,6.852427876200961609e-01,8.505774165464915493e-01,6.273721535998951770e-01,1.628831799557283189e-01,-3.566636985975897289e-01,6.772360158896036930e-01,-5.194033416041079487e-01,7.255696420660989743e-01,6.954098044367206244e-01,6.204459986357252488e-01,-2.768017056032881507e-01,7.676725148248819686e-01,6.025069075335209856e-01,6.072780664442337661e-01,6.594519356281379752e-01,5.725217018514678902e-01,-1.107785429195446425e-01,6.979576987352179573e-01,7.072545433900337963e-01,-3.047271788839139295e-01,6.068896233684949459e-01,1.761786241110915863e-01,3.204370486813641894e-01,-3.138835423999207230e-01,-2.549274936547243908e-01,6.283265452274200413e-01,3.313138700658121993e-01,-3.415855993788857736e-01,3.909272650713920272e-01,-4.736580670140057292e-02,6.995387500663122760e-01,6.501006106981239707e-01,-3.497102553566581312e-02,8.291811463797597037e-01,-4.671753027156356347e-02,8.652883510606492745e-01,3.819377848336980713e-02,1.313853981701652018e-01,7.020620554787320167e-01,8.907622898102749431e-01,1.044621162064154202e-01,-3.399119655010749974e-01,6.671906244232489458e-01,4.183245794776458415e-01,2.906039277775537277e-01,7.393447936784812713e-01,1.060079701401584751e-01,2.830649729974764051e-01,7.609283785857069715e-02,6.386440192733278121e-01,1.381774601474059228e-01,7.924392389702821227e-01
1.441790227305328118e-02,8.132392668347473430e-01,-4.306078612101208458e-01,4.667300764690239800e-01,2.945631146601468964e-01,6.682950972728609607e-01,-3.469667153319164199e-01,8.359387861463060121e-01,2.827478406162946267e-02,7.921848331024005097e-01,2.767458604789224119e-01,-4.682939041795310398e-01,-9.249894152036480799e-02,8.184681080940950371e-02,7.916446551609525040e-01,7.383073274949036868e-01,1.333000238186893560e-01,5.697332270684841715e-01,9.072936317329591827e-01,-4.398722115016675399e-02,3.422033023027606924e-02,-4.222204722101805530e-01,-4.668493931701049315e-01,-2.926021607646211442e-01,2.140532875652882139e-01,4.858020806221305943e-01,5.805203278420746349e-01,1.633183160088344243e-01,3.226745436355942798e-01,2.638337729651080155e-01,8.897789993014444399e-01,3.887524230162107131e-01,7.866612254132117066e-01,6.730382172089198756e-01,-1.636333373243938905e-01,-1.311674373168476015e-01,6.208469472305657710e-01,6.949438685254721859e-01,-7.582659742078687870e-01,1.000000000000000000e+00,1.666605504770100332e-01,-3.562885678868828176e-02,6.453315030972510691e-01,8.168352708726309697e-01,1.000000000000000000e+00,-5.936304697647688811e-02,-2.960643019215611904e-01,7.875513648572878278e-01,7.022090464232604301e-01,2.643991041587249180e-01,-7.478447554483638182e-01,-4.246152721868113877e-01,-1.805177485904072704e-02,-5.623258138561522124e-01,6.191245103194548127e-01,7.339231926625823244e-01,-9.111497006304728474e-01,8.582631946292250680e-01,4.942282234322473711e-01,6.029126802838505883e-01,-2.154152239438896985e-02,7.389659361686851113e-02,5.904280860415191956e-01,7.203832810456834990e-01,-7.223362511508927275e-01,-3.697345811844015007e-01,1.498674748946164093e-01,-4.349785331590963131e-03,1.193255545924406802e-01,-1.760935985168615159e-01,-6.363972834269271406e-01,8.549823335622833143e-02,-1.435000152507430737e-01,4.232586247495368492e-01,6.125828174075084176e-01,9.105025536440869427e-02,2.702147595960996962e-01,3.671444900472200512e-01,3.437806347982366034e-02,-3.132580365683709234e-01,9.539389330209883111e-01,5.406889653962707598e-01,2.457834742500873693e-02,-9.581656478887679018e-02,7.089469106713665036e-01,1.298996266937681165e-01,6.294208851543240391e-01,7.774209171207391300e-01,3.192782907930810099e-01,8.621444920881546348e-02,7.145467944047120268e-01,4.455127418186929367e-01,5.112279237759922434e-01,-2.242131206136848132e-01,5.823884035710538143e-01,-1.001978427241801833e-01,5.888479509187704020e-01,2.252375972918147506e-01,-1.540882994332929690e-01,5.345281079394916812e-01,-1.263182338470327792e-01,5.540738694447941981e-01,-7.519586848609906005e-01,-2.951294001699051872e-01,6.219334270092757855e-01,3.063465457892833865e-01,-4.572986131828298828e-01,4.561664540845905558e-01,2.371990552633139460e-01,4.112494914113799527e-01,1.000000000000000000e+00,-3.092727077035437727e-02,4.831102081615781807e-01,-3.466781613063333878e-01,8.894086689284554925e-01,-4.231086135411847304e-01,3.045524317759407476e-02,7.317289797441810517e-01,7.522966430678845740e-01,8.580900678797577855e-03,-4.100999083013897040e-01,5.239428926516679352e-01,7.420636129762706590e-01,4.828536448021496508e-01,7.201428280817042671e-01,2.646268188711172267e-02,2.369754211610659023e-01,2.611677805567390754e-03,5.333270430479022384e-01,2.560455575259039107e-01,6.314681685192038429e-01
-4.151177368263537781e-01,9.110061078940884238e-01,-1.516589607565076991e-01,8.452562415813726915e-01,4.275189401062760575e-01,2.327873241879075544e-02,-1.677069558785551084e-01,1.644046120687659429e-01,-2.811565332397086142e-02,8.542304886666208796e-01,4.432696935570127894e-01,1.017084320101093314e-01,-6.188911370959501723e-02,1.621516106828352344e-02,7.485554008785747504e-01,7.448172933727612577e-01,-1.484392761240874159e-01,4.599319372638851489e-01,2.945921099977391044e-01,-2.489637512362688210e-01,1.401603247033613060e-02,2.222649716455990243e-01,-2.575051603160196101e-01,7.513795377151211152e-01,-1.827972594037449716e-01,1.000000000000000000e+00,4.090247978156619224e-01,3.654472005980379801e-01,2.558045202693891018e-01,5.899368773243517383e-01,4.610667188750235956e-01,4.998853230187513264e-01,6.687809767821530915e-01,4.841326385517012443e-01,4.302949638340523575e-01,2.151881091318633699e-01,4.304213739264035055e-01,9.074523323823996401e-01,-3.090249283262574975e-01,-6.547955101479377982e-01,4.652892437557707983e-01,2.043607534142552473e-01,4.049936043307024169e-01,1.000000000000000000e+00,6.921196833713899599e-01,1.991680546291761666e-01,2.630242553256423865e-01,2.144470354256783895e-01,6.616124226862826196e-01,4.380793180159318623e-01,-8.576947784867192115e-02,-2.306273624526237465e-01,-4.108146547028521667e-01,-6.958158155802682820e-01,2.020002644098028988e-01,5.132799191544357154e-01,-6.347106524870789190e-01,8.505032840223415436e-01,4.130361837257887636e-01,8.790756981398517578e-01,3.172315263159409260e-01,1.564476511624842969e-01,6.305936070395803394e-01,7.728814894149798054e-01,-5.108182639020116822e-01,-4.074511788510307153e-02,3.115322017111484820e-01,-1.970762608288290918e-01,1.003460526947329151e-01,8.676491435836625188e-02,-4.969797068432899589e-01,1.159754379170362115e-02,-7.988868497218094555e-01,6.563513234375490946e-01,5.514054588118232347e-01,-1.758305150746680701e-01,7.019313377715037661e-02,6.350386003628292197e-01,2.048755423522159169e-01,6.414595144382259084e-01,9.501676775643512762e-01,7.530148185105971503e-01,-3.489700590828852256e-02,-7.066224705066730116e-02,8.532013771390735135e-01,-3.120558223934034037e-01,4.978564242570499565e-01,7.110743749434464966e-01,8.551280679657328188e-01,-2.718984416591369579e-01,7.493084511268606196e-01,6.635404824138302349e-01,6.911947585239260894e-01,-4.950860166755099295e-02,6.545356501466866872e-01,-1.988607161788309360e-02,1.000000000000000000e+00,5.935002072238790838e-01,-4.641432689528320332e-01,2.673131664562636289e-01,5.110151165353404856e-02,3.938787107883406358e-01,-5.319008846561464887e-01,-2.046524319032714256e-01,8.025256688886751588e-01,2.531056298582955999e-01,-5.592545138428746399e-02,5.040717288064835433e-01,4.041182882525522213e-02,8.816882503901675161e-01,4.560364591732276041e-01,-5.220001446712112525e-01,6.088253321309081700e-01,2.560720613107624888e-01,6.847556918798465286e-01,5.682329024338230727e-01,1.283147072875392807e-02,8.625962209132967962e-01,6.857763370596399177e-01,-1.462010771828466116e-01,-8.990086759275382755e-02,8.321378652467185111e-01,5.312278527481036905e-01,7.464412093613922439e-01,6.339294925866555408e-01,7.270180948753206425e-03,3.553798168833957605e-01,-7.818338771132136988e-02,7.995957540691116527e-01,8.370181247352102838e-02,6.998883434455008823e-01
-7.091817365834667264e-01,8.089270954822329607e-01,-3.008944278518607685e-01,-5.956334615679422795e-01,1.000000000000000000e+00,3.326640938371386302e-01,2.827637116729113664e-01,2.181930593011904285e-01,2.910530785490881775e-02,3.019070287716686951e-01,2.466464456320129617e-01,4.926508739033609863e-01,6.943556179053924637e-01,3.704281260765609485e-01,7.887137422113059682e-01,-2.591418117733278459e-01,7.285204973538320639e-01,4.552815975828716777e-01,6.251287793004843829e-01,-3.046254704130185731e-01,1.000000000000000000e+00,2.869862710427671382e-01,-1.991189164447254578e-01,2.279820261123797209e-01,-2.316404137288546189e-02,5.947196039057736083e-01,2.137556354134448333e-01,1.760257388737261619e-01,7.984622679229554931e-01,4.564631017332160257e-01,1.343799015312802936e-01,3.581553400881021809e-01,-1.632616401048440358e-01,5.258418833972560158e-01,7.445171060450276324e-01,2.149603090254802451e-01,7.305649289930881141e-01,-3.026172261067021363e-02,-4.359962906291039442e-01,-2.261500741169916034e-02,1.620289982426001418e-01,2.296891078565190258e-01,3.561635237365743945e-01,-2.667959913396673599e-01,7.648220135176773127e-01,9.600395190633597142e-01,3.598445745594623379e-01,4.001582350757197926e-01,9.050231914427204760e-01,-1.101441877237225447e-02,-2.983597327425781542e-01,3.485337412169428606e-01,-3.715947691424966171e-01,1.288208147217473065e-01,5.307263356956426481e-01,7.064146174040343285e-01,-6.292229346746989194e-01,6.642686717539127983e-01,2.469283212282410434e-01,5.299022592928197273e-02,-1.536754756092827655e-02,-3.498235896839609338e-01,3.371187367032847382e-01,7.837683133276052150e-01,-4.110613552582242924e-01,1.717662384381597740e-01,1.847333980391992481e-01,-4.428936524865563773e-01,7.519546605140798867e-01,6.831733356256788903e-02,-2.557625339560607447e-01,2.948915377796559531e-02,-2.726609794798994790e-01,7.881565673454599130e-01,4.414022938839542443e-01,5.314938144851396595e-01,3.186221874611556149e-01,3.781753978529344140e-01,1.000000000000000000e+00,-2.522437010693401871e-01,1.157680453773036605e-01,2.652563392818245713e-01,3.861203794040183879e-01,8.700159250610340900e-01,7.629158943897514922e-01,2.178545242441207175e-01,7.290199805078752607e-03,6.103536843426569103e-01,7.350589869871863857e-02,-5.282046141422443997e-01,1.115422432262339614e-01,7.401568693456281878e-01,-2.967745021339912581e-01,1.911944903213310676e-01,8.022537750144838331e-02,7.837613218826313677e-01,-1.380024216422777450e-01,5.773215831594752379e-01,8.564398449021219939e-01,8.425234086591164573e-01,7.464566177245743894e-01,2.863637645019622702e-01,1.537857501008296768e-01,7.862161819838139332e-01,8.079696237630256128e-01,4.901448617860580947e-01,3.136457815372306612e-01,6.514838008054663065e-01,2.441401637441883155e-01,2.326812899769147847e-01,6.348219847182252629e-01,6.424274250931959473e-01,-2.196461308501470797e-02,-3.916941813274916195e-01,7.400320104376915120e-01,-2.682167247876819302e-02,-1.959089795099280273e-01,-6.657317348420563330e-02,4.631962686359073489e-01,4.914142710344407972e-01,8.382934185350968681e-01,6.428859506796140710e-01,1.592469923374932039e-01,5.371775495353575680e-01,-1.391395497019791982e-01,2.203989693058925059e-01,2.011745931856528113e-01,3.396799835066142692e-01,6.856922082931883322e-01,6.324478581712876801e-01,6.286776256175370392e-01
