7.496905550968061549e-01,7.140773507432859324e-01,9.378988691365032215e-01,1.026807167848718533e-01,-3.017465456722057474e-02,4.077738665839164556e-01,1.159814144348570442e-01,6.992796421320484068e-01,1.724769058374391040e-01,8.336117483173752785e-01,6.989825342012536691e-01,-5.846156006430811708e-02,-3.696027891131350301e-02,-2.713307409340325743e-02,2.698194872044821779e-01,4.733278093497351319e-02,6.175007209664472585e-01,6.040902644684159606e-01,5.401109562129231545e-01,-5.208606648610292211e-01,1.676545436260536703e-01,1.283877358769415500e-01,7.042373927896345975e-01,1.364037351070467030e-01,2.424954994830874899e-01,3.705990500564291246e-01,6.992383987169770165e-01,-6.126853134488978447e-02,4.483232083119547129e-01,6.093945086064970207e-01,4.470186999340595158e-01,-7.560145248813028573e-02,4.063735465886911813e-01,8.590791137251472254e-01,5.963108613982337491e-01,3.772858011176783988e-01,6.719725276829731087e-01,2.169281336318512887e-01,6.181457000770951282e-01,-5.619164851296995500e-02,-1.421463238270047613e-01,1.867368910347242950e-01,2.099528444638587843e-01,1.138620492952136382e-01,8.102522913950506167e-01,7.036849346073719147e-01,-4.287931387645801951e-01,4.259918203920677882e-01,1.735319895616332930e-01,-5.253127451392040070e-01,1.521662828900405100e-02,-2.759629482715102999e-01,4.945876677454423276e-01,5.682169007396222771e-01,2.019769306079662319e-01,9.102052943511672600e-01,-3.231317225812371241e-01,9.712166664256041138e-01,3.360473645729295661e-02,3.632180643229995787e-01,-5.662755936464309858e-01,-4.670700818142080601e-01,4.571966269035017127e-01,2.946645478694822073e-01,-2.228421157444029077e-01,8.174494815062761932e-02,7.307667419030675626e-01,-2.340987534371946344e-01,-5.691187553012625605e-02,-4.408458768176715670e-01,3.723994873372101777e-01,8.520625846321049357e-01,9.777469830479287860e-02,6.683368818916487486e-01,6.055849670766711990e-01,3.061293474411120805e-02,2.510357401717720482e-01,-5.942541986088267780e-01,1.649047009220153126e-01,6.945888419715063877e-01,6.809963926379257737e-01,-5.267735418911249079e-01,2.296892285012105961e-01,-2.549419189430086607e-01,8.432425373346262854e-01,-2.005310822925489636e-02,2.213300989914911421e-01,-5.923881609531952974e-02,-3.038366482262856438e-01,-1.400019413477276431e-01,2.727731120834766543e-01,6.166770938788540546e-01,8.398867626941102227e-01,1.673121817759346541e-01,1.686763963121341858e-01,2.781339600061178419e-01,4.997611232420899607e-02,6.461087291894536122e-01,6.722560058283725271e-01,6.525190983777154896e-01,3.538835924403725963e-01,-6.592160729981726419e-01,4.399234253647905102e-01,7.409797519817072908e-01,9.554465626484528462e-01,2.433799381018112995e-01,-2.219676050665503331e-01,1.697061009494913175e-01,1.962455549807453903e-01,8.698586872015882931e-02,2.538164423653325730e-01,1.105107215535281184e-01,1.228499212190886924e-01,5.300530694441673019e-01,2.055581377966512746e-01,2.674803916011425087e-01,-4.195951960219136689e-02,7.694264830608693595e-02,-3.636344993148766802e-01,8.835783548537426979e-01,4.422290160871669012e-02,6.942928826283826238e-01,9.284916378210539278e-01,4.440346209708510017e-01,1.735054567414717752e-01,7.367477588294220059e-01,8.019578487100728070e-01,3.531612560187236682e-01,1.114300966433359880e-01,6.991851562512754192e-01,2.734951036122170720e-01
-4.099131113780590252e-01,7.076543692269420260e-01,-3.041234784937250912e-02,6.131396781187954392e-01,2.786805748180873898e-01,4.307519776241224285e-01,2.355560846038978196e-01,-5.920433175832302553e-01,6.635718135485557667e-01,1.381580799748357569e-01,2.192068353563255412e-01,-9.145382831886053610e-02,1.032582959358009228e-01,4.625427164019199622e-01,4.222745711259860701e-02,6.171153106264644084e-01,-4.081683261087710492e-03,4.722992827145229833e-01,1.499650433631339874e-01,-4.743614967075036049e-01,5.451776915816600178e-02,-8.832770565986040046e-01,-8.485732894261245329e-01,4.866576773300625436e-01,1.781967854264246767e-02,-6.610336423400092754e-01,5.851531247561051474e-01,-3.688534148411590774e-01,1.000000000000000000e+00,8.440386445317753505e-01,6.980803943645371712e-01,1.751048557326501109e-01,4.682249379269973200e-01,8.706930875355270993e-01,4.963941431001179794e-01,-6.310754487951776570e-02,4.982251742634924430e-01,6.129106984722364482e-01,1.074785538350769842e-01,9.018570589481093025e-01,5.675872783514043229e-01,7.687753556109603315e-01,-4.077224849518771427e-02,7.631093466216815405e-04,6.020535478684200248e-01,9.073653048341978611e-01,-6.599238427025284903e-02,5.564776385641054812e-01,7.814983754954638040e-02,4.045447108031573480e-01,-4.495569868937991376e-01,-6.716379025017781279e-01,-5.962801726842988786e-02,-4.970337295454255178e-01,1.501382433724674781e-01,-1.494403259224149350e-01,-2.286159194279507034e-01,7.393482301365017495e-01,2.112362107471417727e-01,3.792035869375909862e-01,-3.007429469188900306e-01,3.046953319424146045e-01,2.105060105953046601e-01,7.368987693513974202e-01,-7.502230322346277180e-01,1.923412206932847424e-01,-2.142249327323628161e-02,-4.821265089572818185e-01,6.961569325927235985e-01,-5.004888707961397953e-01,5.495200690665821841e-02,7.538820338427897338e-01,3.544714395315077260e-01,3.093564062084543376e-01,4.292619815336031763e-01,-5.074257838802165299e-02,2.834462186803627937e-01,-2.778968557050560118e-01,8.638649574004240994e-02,2.238687110760460286e-01,-1.221998940913595622e-01,2.490590314213869672e-01,6.905023056357446620e-01,-5.023903599543353415e-01,3.252187048601357100e-01,-2.025645842073301728e-01,5.478861103088783491e-01,-2.110709548466679630e-01,1.000000000000000000e+00,2.596687230655691514e-01,9.231150454453971310e-01,1.736259894823874717e-01,9.862752929654091671e-01,6.613082601672741756e-01,8.264490403935641216e-02,-4.799319220016707299e-01,-3.795434391690129250e-02,3.973690363305504292e-01,5.094945206909834434e-01,8.858798220711762150e-01,8.864761891755860157e-01,1.630095816516958507e-01,-6.574641488747496876e-01,-1.889047017396823236e-01,-3.541999828964002006e-01,6.897298538380717270e-01,-1.928174000386504716e-01,5.550821187091850017e-01,5.582969174357735875e-01,2.573794188054489562e-01,6.674615055331426516e-01,5.151807761778637307e-02,7.070805654998136847e-01,3.448722688141777071e-01,6.644019252751844906e-01,-1.438262755310836527e-01,6.384422299874271678e-01,3.221979105755780615e-01,-3.053811090996320574e-02,1.000000000000000000e+00,-6.709966861036367192e-01,6.079151889829078614e-01,9.222981868919753745e-02,-3.529008611082894153e-02,4.296485589104299258e-02,1.343477632707739677e-01,3.021672607035344460e-01,-3.754158853727191519e-02,1.193730613872888563e-01,1.558640870245438792e-01,2.881382661130396095e-01
-1.722723384410225489e-01,5.151914694263101113e-01,-2.139416730339985528e-01,5.426938637468007309e-01,7.866293974823396207e-01,7.629645619019073122e-01,-1.427316290838980505e-02,-2.523845822530244587e-01,4.932080377971189145e-01,-3.283668209438097424e-02,1.405495073997494737e-01,-1.127276598441593475e-01,-1.200840156187114871e-01,3.072879796968463473e-01,2.285191986219199389e-01,8.476404121549152570e-01,-1.709405473624118696e-02,4.088139804184714454e-01,1.365039161899132825e-01,1.215545789700727027e-02,1.444404705833919889e-01,-6.656883122115550000e-01,-3.132058252231961770e-01,9.273038321177405618e-02,6.209302035512061224e-02,-3.950172078953839150e-01,9.983793303681933740e-01,3.268286888946934643e-01,5.068388098412351939e-01,5.226738876605747652e-01,8.423121376362228130e-01,6.543206953486434274e-02,3.962123237053492564e-01,9.537048145662710974e-01,5.437980794169275933e-01,4.276964572644325058e-01,8.520351564383614740e-01,5.690691936832420472e-01,1.302885342227346442e-02,5.776141795531345435e-01,5.063987020741700373e-01,6.541555682835165086e-01,-4.652874553342256081e-01,-1.675843626230264227e-01,6.495164538027973222e-01,9.264670586790371143e-01,-3.224095422250062848e-01,9.905981393606080321e-01,-2.742437141001570211e-01,4.554875848018302698e-01,-3.933678684721903518e-01,-5.045605251547119474e-01,1.272497274918324983e-01,-7.144403243808483683e-01,3.136026876291448384e-01,-1.867053986022154111e-01,-4.356582409934645628e-01,7.918462871991241991e-01,7.008760723743634458e-02,1.216875420621791604e-01,-6.048465258135397871e-02,5.189364329933734421e-01,3.571625419734301143e-01,6.737282686791559172e-01,-6.616337300567578517e-01,-4.889309226537458253e-01,1.160615838182633003e-01,-6.409875594500458185e-01,5.242992060783085995e-01,-7.996580111337715790e-02,1.460029676625287931e-01,8.990615844736907780e-01,6.764545930440749588e-01,5.037404261774699465e-01,7.315543319007981049e-01,-1.282124709239048366e-01,1.381951548847458744e-01,-5.019568092918218483e-01,-5.301290683014755478e-01,4.418139400451596699e-01,-2.017127814897647781e-02,4.233287337868439359e-01,7.215783981429808591e-01,-1.343808939256530277e-01,3.060267116190265591e-01,3.426431068724486440e-01,7.592233574455111711e-01,-4.079292214552049378e-01,-9.217468575537969208e-03,2.243671328265272602e-01,9.017327016494141034e-01,2.981466597357236292e-01,6.719493607246704858e-01,4.254384093753255103e-01,1.668627978565216941e-01,-3.945892665079661077e-01,1.004322234269779124e-01,5.941689059574190024e-01,5.198349703661461207e-01,9.066404159152808839e-01,5.458100156326239905e-01,2.755735467739467981e-01,-6.998068069636544930e-01,-1.530045306260279792e-01,-4.078278692605284972e-01,7.429461038850491139e-01,-1.267025285769169014e-02,6.428645228712931425e-01,5.583226014641335944e-01,1.302231568322825550e-01,6.506714531079165198e-01,-1.498316118959565901e-01,8.655559503280167988e-01,3.612420653625862399e-01,9.669649526086989688e-01,1.370754809663958518e-01,5.777715922467303589e-01,2.002777137010859354e-01,1.137273505464235362e-01,5.946410204879080119e-01,-4.996258851614739926e-01,6.823808099115306058e-01,5.579418336504569226e-02,-9.465285410848964243e-02,5.863932601326291016e-02,3.838497038914157611e-01,2.979010053849526773e-01,1.640765276039344578e-01,-7.086474634959573360e-02,1.858164464648021375e-01,4.160233382443008499e-02
5.626390851260826276e-01,3.086906900478999516e-01,-2.128214122244967421e-01,6.673223079090870868e-01,6.114902171826214899e-02,4.023875144843812035e-01,-8.000360784580176632e-02,-5.545267738331993712e-01,-1.845172953700765783e-01,2.356950679095842494e-01,7.691806512532792794e-01,-2.794966322097752198e-01,2.999817617403666495e-03,6.526826052734842065e-01,2.755949745061667677e-01,-1.129982208754567036e-01,6.420766821728055573e-01,7.158987519223365403e-01,6.418025358008175862e-01,5.683965594689226464e-01,6.046168668238607324e-01,3.828200320355537589e-01,-1.000000000000000000e+00,3.636272668571098876e-01,5.291681604551656815e-02,-1.309007380206204940e-01,1.191508367845672683e-01,8.724475325658126446e-02,-5.927000293008094500e-02,3.665231869620135252e-01,-4.659331967973811411e-02,-5.110177674906020151e-01,-2.699889624384177456e-02,6.397132725932910269e-01,-2.522369298817387917e-01,-5.136252991676876906e-02,4.367658285712492372e-01,1.622070675045084176e-01,5.949485102888055765e-01,8.260135385552724863e-02,-7.444035880690856588e-02,-4.228240787906761139e-02,6.202700317303776467e-01,-2.279562736236026219e-02,6.131815016338979518e-01,3.138133491219508575e-01,4.395826524972588634e-01,7.307276743367857597e-01,-3.583899515944331121e-02,-8.034030273606226347e-01,-8.646456354755814588e-02,2.311975397835795976e-01,6.799475892474931005e-01,-7.369310113698407383e-01,2.059235841029999903e-01,6.550812473179853379e-01,-8.205055081098522329e-01,1.000000000000000000e+00,6.056926539050463409e-01,1.066358170739790112e-01,-2.222135085372455854e-01,1.285092136075483282e-01,7.144987173894389310e-01,8.792511175673488610e-01,-7.862451259432990947e-01,-8.140111589419924965e-01,3.302090095374510259e-02,-3.716848809598696096e-02,9.410795464279140751e-03,4.784767612075437881e-01,2.459932614419703401e-01,9.100784235431318425e-01,-2.192453819364509893e-01,4.721971537778079098e-01,7.738462208201333237e-01,6.349817433683894174e-01,2.696158902201767349e-01,-1.345650027711105534e-01,-7.128762733941665375e-02,4.348829319860791909e-01,-1.331310056092172012e-01,-3.000176923242045546e-01,6.506757157430307359e-01,-4.871095705689611477e-01,9.160792793699121805e-01,1.737026153720123978e-01,2.851405456381989056e-01,3.429213149677440842e-01,-2.864874940252272184e-01,-4.865102469256027407e-01,1.946488001803766965e-01,1.000000000000000000e+00,9.597129757707907327e-01,5.305677719584340757e-01,1.434291231508300624e-01,-4.981428924530130753e-01,5.766789169853392405e-01,5.619906603983989557e-01,4.652997308280155675e-01,7.015982815320483956e-01,-8.506459202854879664e-02,-5.573581052161138416e-01,-5.749382039492978436e-01,5.502943630347632009e-01,8.033695109115739363e-01,4.975519965390149402e-01,-3.302181372436284179e-01,3.353643579687520804e-01,6.116954556893042794e-01,-2.530113739816612292e-02,2.062748184094718162e-01,-1.878945864182238190e-01,4.487455456091361296e-03,1.209303016680006448e-01,7.378014451007537389e-01,7.514174332642156173e-01,-2.893911229882199510e-01,3.774315557143963912e-02,9.503502211631923435e-01,7.594390822294667664e-01,-7.386043008084586248e-01,3.338589537818422714e-01,6.868762534855153701e-02,6.909705270406247823e-01,8.896742088077405075e-01,-1.188292884359539170e-01,8.658938933183115694e-01,5.093231032323820573e-01,8.900605003669360971e-02,4.903864265024275859e-01,1.498210952841835253e-01
4.772359777346702470e-01,9.380866578535598244e-01,6.781465833795559395e-02,8.724458471204521448e-01,-5.120755476104171117e-03,3.948208837094767110e-01,7.291683481197307193e-02,-2.930864299179311572e-01,1.556576634564683648e-01,6.295513006126114419e-01,1.820477425514696324e-01,-1.555476265752415710e-01,6.728326786018203887e-01,3.461734698561497181e-01,2.443635155872156961e-01,2.827941741013905719e-01,-6.877167347919266316e-02,-9.052208591285293426e-02,2.263679779518156798e-01,1.000000000000000000e+00,1.978954305127772761e-01,9.493123496482873402e-02,8.184819238303256972e-01,-1.145784593424693104e-01,7.480678762526895564e-01,7.286556909680343974e-01,7.556753591087120858e-01,6.893944057731337116e-01,5.320595780422736620e-01,8.188615851776764876e-01,9.462922719918276382e-01,-1.290552415197449843e-01,6.264097879843204542e-01,8.193550260929149953e-01,5.017715126984850088e-02,2.647820809090535299e-01,3.589738053072658031e-01,8.233224346333181121e-01,-3.231367182076184119e-01,-2.542330591038663087e-02,-1.517803062530514724e-01,6.745249212902435509e-01,3.140534290972050724e-01,9.768249054632863748e-01,6.295197644030222639e-01,6.738130581554797605e-01,-2.100532726463191779e-01,6.239511567481330623e-01,3.182434461263994319e-01,-6.264158990423080997e-01,-1.790304609911567424e-01,-3.013772658596100898e-02,9.825718048629991652e-02,-2.849756598276645403e-01,3.674204994252911471e-01,9.927526776364554995e-02,-3.129924128574850806e-01,9.598071393239767657e-01,1.108431568676294665e-01,4.366051063520940412e-01,-5.339864658158538502e-01,-7.387633400923524496e-01,3.251981965239255645e-01,4.430455808614259250e-01,-7.055037415525191591e-01,-1.080389835076769334e-01,6.308387725285571346e-01,2.108701130441504312e-01,6.567809693926837111e-01,6.489487501132856773e-02,-1.727285459658323835e-02,7.267529084828270314e-01,-3.513120614491044291e-01,2.578987936172795203e-01,4.410863538328567146e-01,8.262693276019851263e-01,4.787662176293240313e-01,-2.836619273541358677e-01,2.273218523109578337e-01,-1.813073336679705272e-01,3.274336875654396684e-01,1.056495248260301834e-01,1.439183139906354270e-01,-9.443811806946264542e-02,9.760574039141357572e-01,1.977842081941298680e-01,6.612619375271294730e-01,4.073447568024476939e-01,8.883240051254943925e-02,4.723582783870894364e-02,2.915060661351937532e-01,6.357126147465314014e-01,-2.084341339859046294e-01,4.829956437054158669e-01,7.269001833995105688e-01,5.260656689777815087e-01,8.206051887516774279e-01,3.840147434988273045e-01,6.685080452922073091e-01,3.115988003316899069e-01,9.823326616484910900e-01,2.833782288576843222e-01,5.036174922615403032e-02,-2.904495430305072401e-01,3.400775481109296478e-02,5.887571418090303821e-01,7.995088638673192305e-01,4.913892480729129542e-01,4.104880762142358586e-02,9.315519454176668379e-01,1.000000000000000000e+00,7.665320293584483580e-02,6.271630808546828362e-02,2.858688226797407306e-01,9.326871588057396023e-01,1.435941853911270050e-01,-2.885816266142006703e-01,8.036205528388636055e-02,-2.459872191530181884e-01,5.580669876319709344e-01,9.632193807734525937e-01,1.000000000000000000e+00,7.947395789573031832e-01,7.486927551692239557e-01,1.221778610762659784e-01,1.871471531959259249e-01,6.418857423175835519e-01,-7.850004432448678959e-02,8.193101374342286469e-01,6.719355306872299982e-01,3.793947583518820776e-01
6.969324809201312698e-01,7.095755980069254898e-01,5.101299737744637852e-01,3.309920088753900980e-01,3.899088105596764664e-01,3.884738807035383878e-01,4.134833676713845496e-01,-9.322895192008845422e-01,-3.075762126443441491e-01,6.283477970817946678e-01,1.850231958671201826e-01,-3.981253196895305213e-01,-3.368931389934042286e-01,4.722574831388340333e-01,2.413667347059468441e-04,-5.998024030331634143e-02,5.672543648968769725e-01,3.251565014271504683e-01,1.833497729248071140e-01,-1.658323881944493705e-01,2.508295982830121562e-01,1.542299035702674945e-02,-7.745383440558664123e-01,4.353905471300426044e-01,-2.344479185525097098e-01,-5.796023353063288752e-01,2.300930724301493424e-01,3.302664867097248047e-01,2.665733688005327284e-01,4.574955014706211243e-01,-2.632513598984440595e-01,-1.402837137613745233e-01,-3.729677551699868143e-01,3.441728342739375224e-01,1.044037074943205828e-01,3.075617252470400770e-02,5.902659788472975899e-01,8.110010909419357317e-01,-1.453052864227657726e-01,1.892740768512555793e-01,8.384374419486608776e-01,-5.152131072100577663e-02,-2.614617555937842619e-01,-1.145170233174186598e-02,6.533610977747155157e-01,4.494545254710122228e-01,-2.451503702531258044e-01,6.068140502456920160e-01,1.434955466564609428e-01,1.896945583429707483e-01,-1.684682063932491369e-01,-6.072074896096129049e-01,3.476210435195991461e-02,-4.882705688629737639e-01,9.166601358505558350e-01,-3.393712316212483260e-01,-1.422950255662538410e-01,2.794180639852518466e-03,9.747639552515094952e-01,8.323052587571070360e-01,5.646953245787593723e-01,-4.790108831064331940e-01,2.973747226999020055e-01,7.574053440329319153e-01,8.552367687861467394e-02,-1.143488665826407208e-01,-1.204608469685045369e-01,-2.464553421399640343e-01,5.057058084507340956e-01,-6.836659517917957896e-01,-7.005167380207908412e-01,6.234555258220416674e-01,-3.521090002099703797e-01,5.604634333299367555e-01,5.238514484048476527e-01,7.272292388779042493e-01,2.923682723809335471e-01,3.377393507682454610e-01,-1.651832332911213064e-01,9.007273271508623447e-01,7.928697689625423539e-01,1.807734635886399377e-01,6.427590803366642902e-01,9.819107514860651864e-02,7.625309715264834143e-01,-9.284712134160967578e-02,-1.264831841666310686e-01,6.841366774300522424e-01,4.712645622923083422e-01,6.264498282702647414e-01,8.175266509847596563e-02,5.955239682282387204e-01,-4.651997923686250480e-02,-2.200092516620736349e-01,1.122097525284323771e-01,-7.761005013871387082e-01,6.499535963125121496e-01,2.350361141549695276e-01,-3.340586117299053637e-01,5.232085535216719485e-01,1.856651549963392323e-02,-3.358977712299897611e-01,-4.750255707373075564e-01,-1.037436853559158129e-01,8.220798561628198664e-01,4.166982881272595085e-01,-1.883504339993909704e-01,3.667767833193044669e-01,1.940951396457646361e-01,-1.978546031530931115e-01,5.988063024503551546e-01,2.715869336582573124e-01,-1.720786171988561153e-01,6.085371654132972763e-01,8.783194634741090523e-01,-1.844826533474465124e-01,-1.439075869056401780e-01,6.507752002909606981e-01,7.526025957420857670e-01,7.751983809314679785e-01,-2.218152972065133843e-01,7.438892561813912341e-01,8.000952058432672653e-02,1.827322044698002634e-01,6.710517711906673899e-01,1.093449938335744609e-01,6.488485189425947652e-01,2.770889684155676547e-02,-2.188163337183615942e-01,4.083457439151754603e-02,5.922575178892348635e-01
-1.877272169787349287e-01,3.099109533536167915e-01,-5.318058816232752450e-01,-2.008482149502239522e-01,-2.592108374580502916e-01,4.168101571914212267e-01,1.669902864517236463e-01,-6.136517314889751162e-01,7.065286334533010804e-01,8.339918999035399461e-01,6.708819982451594832e-01,4.235741468250626141e-01,1.038662737256566548e-01,4.460007361183833674e-01,6.873060382978638449e-04,7.178051066466609731e-01,-2.254006938233134860e-01,2.566907668135562925e-01,6.888169865076474441e-01,5.839842214468455861e-01,8.876345812997654683e-02,4.080968521063855180e-03,1.935084634186051700e-01,-2.184506336795339621e-01,1.979067571804127845e-01,-4.545979500923775229e-01,6.580698376488466339e-01,3.502624537749191025e-01,5.101543887223286555e-01,3.753296920452495189e-01,1.705661317351847839e-01,7.001601614815332331e-02,8.473526200870595826e-01,2.597784830618188323e-01,4.367059019735224923e-01,3.992876185588603022e-01,8.160459677794807964e-01,8.915672175982877756e-02,-4.527009109312077340e-01,1.902813026245267769e-01,7.179799262458178566e-01,7.512014221585511242e-01,-4.145559462006669776e-02,4.414566795476310146e-01,7.169837857761865996e-01,4.000591602937536018e-01,-3.759530202114063635e-01,3.888826481707470806e-01,5.416958426166054164e-01,-5.615621980434823968e-01,-3.233398353065312092e-01,1.128871487031971876e-01,3.185033271448610148e-01,-5.559860181335651852e-01,4.091750563036512522e-01,-5.428353097379644554e-01,-2.474443451075065969e-01,2.739739664250226414e-01,-1.353372488146110941e-01,3.526397688054959678e-01,-3.110982999802066121e-02,4.720031047202780106e-01,5.425505729321669079e-01,4.187685084902234567e-01,-9.853684988515229448e-02,-1.474636224053142187e-02,-1.758905752693702973e-01,5.843510671850440374e-01,-9.918770597744647199e-02,-4.507395764826742091e-01,5.370466301470073756e-01,-9.161017345495482689e-02,3.492306207252120487e-01,2.150229623707403115e-01,4.643986059880278461e-01,-2.921090913633075936e-01,1.560594320374892874e-01,-6.946640373455094108e-01,1.203492697797393374e-01,5.317542806210658890e-01,1.392996102962572869e-01,-6.814894696703099886e-01,7.126288065660547622e-01,4.867086734312448537e-01,7.872846579535746070e-01,2.790457385977748728e-01,3.651826782406589200e-01,8.407579282441054458e-01,-4.161574865472565388e-01,-5.610135900985591811e-02,3.296999539711398253e-01,1.901021044114179492e-01,6.529761618199102502e-01,8.885779964319486801e-01,-2.706175760347741543e-01,2.901939132185501480e-01,5.381447713690349355e-01,4.818713763262935101e-01,3.692371063085400640e-01,7.891452791571067493e-01,9.134428049380360903e-01,2.715463132893973230e-01,-2.384054110232611268e-01,6.522789151849630596e-01,7.249431124453570296e-01,2.896494334529711723e-01,-6.691285520617438198e-01,7.334424203062909209e-01,7.133939775443712827e-01,-1.732080515801689702e-01,8.975937024532822106e-02,-2.283009827003606995e-01,-2.170763491316264338e-01,1.160382256246757227e-01,4.688547576913243975e-01,2.703394907214496934e-01,-3.595744673705564276e-01,6.136794201807497240e-01,-2.215107655835654998e-01,6.990244181425069314e-01,-3.589301135293275213e-01,5.120492622761019241e-01,4.582545122159472073e-01,6.782192770696512385e-01,7.485743267726244765e-01,7.547863469293791816e-01,2.714922620370469608e-01,-8.901849255744677392e-02,4.749473342747433935e-01,5.783489564354100665e-01,-5.375891529447379691e-02
-3.185388612844920475e-01,3.367247076086533619e-01,-1.370411942041613318e-01,1.444004654868333015e-01,3.649373706127963524e-01,4.907118509042424637e-01,1.000000000000000000e+00,-6.349846902264328907e-01,8.512076232487846283e-01,9.061708184031836977e-01,7.658859385647465157e-01,6.836690091075692255e-01,1.508463572772236472e-01,6.942615237354220481e-01,1.258304194308285107e-01,8.005859425065815493e-01,1.285556023859188435e-01,-1.626251351767464270e-01,6.603110969530946450e-01,5.501720405636355560e-01,2.110438879758510244e-01,1.741576484005284142e-01,2.997592683016938458e-02,5.649230656896222502e-01,-1.384819693815920183e-01,-5.165717409564193341e-01,4.679721030772776569e-01,-2.539716787601725700e-01,7.262427700614346726e-01,4.791754759873650404e-01,-3.363773807406477134e-01,3.080503146182816954e-01,5.896102557791235155e-01,2.447352667672593740e-01,6.582231756170447978e-01,2.245579719106651773e-01,6.669637741567326916e-01,9.796757100649558514e-02,-2.855332647888410569e-01,1.391267441977612485e-01,6.537100072111832194e-01,4.229555409066655947e-01,-4.087434544859799672e-03,6.863063391825512394e-01,6.636624285207597396e-01,6.120078923385476877e-01,1.751464586505726007e-01,5.520375093528776533e-01,7.562895782924212718e-01,-6.115567403028758786e-01,-1.848232142621729079e-01,2.625072024472392407e-01,5.889252291546708262e-01,-5.589843319796218291e-01,6.045988083417238590e-01,-1.691273420899223057e-01,-2.752314608533534823e-01,7.387723421441322325e-02,2.244056952935024329e-01,9.249226348595043223e-01,3.468721980088047552e-01,9.865239215834914477e-02,8.454535600777225435e-01,2.659313612597019594e-01,-6.070337123324824891e-01,5.914813102151498386e-02,-4.143635450061240733e-02,8.688636205242206145e-01,-2.435275826913437316e-02,1.599868891530723761e-03,2.434543313728422809e-01,6.089526174676188931e-03,3.793544269753800213e-01,6.372010327435615462e-01,4.823690900978621077e-01,4.567099579733274045e-02,-6.915058259134039542e-02,-2.999102613730018074e-01,7.741648037947065908e-02,2.902271982962401076e-02,-4.841237447106034458e-02,-5.513591497668631769e-01,7.515584648655903033e-01,2.339144461407539066e-01,7.235855467000398278e-01,7.858084189875652603e-01,2.009030135864957600e-01,5.721939015833013009e-01,2.269352127040891176e-01,-3.032380483942795357e-01,2.128405414445648236e-01,7.523056762977796685e-01,6.699524217590100417e-01,2.753214110028346373e-01,1.484487713646582274e-01,-7.100043745959928876e-02,5.436017934414456576e-01,5.768190447044346802e-01,5.927992482676158748e-01,4.448550687660485226e-01,6.969395334303823963e-01,3.662118421568915094e-01,-4.217167367902538433e-01,5.229312648088357829e-01,6.243886513422043372e-01,8.317577631510156277e-02,-1.186767338509714387e-01,4.329494677123051916e-01,6.372523161016956372e-01,1.988072656759476142e-01,2.013760940356336959e-01,-9.143027957137032924e-02,3.427906937723582126e-02,-3.400570738512991853e-01,3.874539871008488845e-01,9.309393616428092155e-01,-2.824939441941102247e-01,5.944537704123239452e-01,1.876767850162752369e-02,9.080496776091976363e-01,-4.756211063683353224e-01,4.343315587194777616e-01,6.031631066576372824e-01,8.080211870150773024e-01,6.554299502145267686e-01,8.642403909730731471e-01,3.128559434738031331e-01,2.633979591765305273e-01,6.980656804435532159e-01,6.150929309147730173e-01,2.129312782941218327e-02
-3.988454306397145044e-01,2.754333063586333896e-01,-2.088858329171819003e-02,-3.407859208023970576e-01,1.431087184157916505e-02,2.896431091892542886e-01,5.444638576603423319e-01,-6.017434390402319477e-02,4.962517655388470339e-01,7.219558391519456109e-01,5.257732229495242215e-01,5.937228081370824473e-01,1.457812642094818284e-02,3.251168115470393083e-01,2.153479097259480834e-01,8.161467650085167946e-01,-2.102703177592446238e-01,4.753170337133696965e-01,6.462772849337017345e-01,2.519431553302919902e-01,2.576518059330024646e-01,-2.388774134611438560e-01,2.717221466186131584e-01,2.206920432838000712e-01,3.625678756966552174e-02,-2.081738164275707126e-01,7.327814122992820645e-01,4.394378963141631900e-01,7.122737895087168924e-01,4.724120067813270540e-01,6.310588193747215802e-02,1.344025361714761280e-01,7.168307025022599976e-01,4.507158671569020947e-01,6.770587053649155251e-01,2.824497468334606354e-01,6.857600416313781588e-01,1.378529241307467068e-01,-6.490327574855844217e-01,-1.210834873442409587e-02,6.575916771748949730e-01,9.250818648136795996e-01,-3.106837319537453235e-01,5.906887160907988710e-01,6.923953682989053560e-01,5.138288144540960056e-01,-3.379189294363140195e-01,4.136695790671527928e-01,4.719742729070599552e-01,-4.167734672394426965e-01,-3.383726007661500002e-01,3.411341661769088512e-02,4.107431792399955373e-01,-4.933176063555647084e-01,5.214882489865390047e-01,-4.805726961101536854e-01,-3.063101644820394598e-01,1.055999495302638036e-01,5.195993281146777942e-01,7.683484217109571857e-01,-8.416388758823772909e-02,-8.115137337984755506e-02,3.663980504859942755e-01,3.869274109075913626e-01,-3.546313814067497683e-01,-1.870820121983105822e-01,-3.905805618281272401e-02,9.230389247961341415e-01,2.034629636030946959e-02,3.480339871358976156e-01,5.834879286989841374e-01,-1.038077148306301364e-02,3.081238389767537722e-01,3.998834295323447363e-01,4.538942077628292382e-01,1.707257509231104864e-01,3.607447669601309137e-01,-2.882076251168284031e-01,2.501290494405678522e-01,4.868992350301486888e-02,2.812331857525167678e-01,-3.777214748211022988e-01,7.328331275127868416e-01,2.085051334149946312e-01,7.263346703847445296e-01,5.537319131893692070e-02,7.926379044855705325e-02,7.183630390202477844e-01,6.131027409229143632e-02,-2.879017499656294499e-01,2.643625451712482421e-01,6.839270937216397339e-01,6.196642434458049520e-01,4.674849206254266254e-01,-2.851118441790346791e-01,5.361387708735544377e-01,6.376297153894547876e-01,5.556128928658200516e-01,3.263686729978025891e-01,6.532073833793684559e-01,1.000000000000000000e+00,4.866590661307353960e-01,-5.464983863488434013e-01,7.460098384460648324e-01,6.937234808993472113e-01,3.348794011490666134e-01,-2.934622676661855500e-01,6.576409737779790321e-01,5.349880366918875474e-01,2.841891494997108025e-01,2.164474835891482332e-02,-1.432232739673521549e-01,-1.507509864703048263e-01,-1.408211663969347882e-01,1.870544871369341222e-01,3.616587217223935502e-01,2.075036374935910477e-01,8.678144439522804676e-01,3.474439914848467120e-02,8.676805215505797308e-01,-3.767814716741370029e-01,6.858120318593503573e-01,6.190013642282631290e-01,5.762449916159367858e-01,5.568732367456438181e-01,9.330926507436065886e-01,2.414380539393019276e-01,-9.049948209106765951e-02,6.789788294059189155e-01,8.866551189726781246e-01,3.868412505357673448e-01
-2.227889510489516334e-01,7.513780632285872452e-01,-3.734341192492292572e-01,4.558750091826992978e-01,-2.858421868823042902e-02,1.837565853673981398e-01,-1.748354644341493513e-01,3.288588438263538860e-01,3.195631699184666719e-01,5.656800917295371628e-02,7.099314272974519557e-01,-2.500475658031782733e-01,8.857094732495176537e-01,2.417002061246382172e-01,7.461738445289524124e-01,6.904405160133252062e-02,-9.463713061568221341e-03,9.070443639808488667e-01,7.350701748001584601e-01,6.034353814386298476e-01,1.831411495859049388e-01,-9.901581453887303708e-01,-1.158687966151859955e-01,-2.843151679816376398e-01,6.666415295489193094e-01,7.952174880826832215e-01,8.065204453059392486e-01,8.384006089903239811e-02,2.553704398260219777e-01,9.379025928209463459e-01,2.279951987794038570e-01,-7.732818293833151890e-02,7.346728362951455704e-01,5.150870439357071451e-01,3.154041650304830191e-01,5.267117280562755299e-01,6.003400294308592899e-01,4.563067611006872970e-01,4.612563948308823769e-01,8.971016732587157316e-02,-1.288278574894120843e-01,6.335747002338091294e-01,-1.800026878207715564e-01,-2.147126284866038293e-01,4.619170078782184330e-01,8.445015533893140969e-01,-1.351928302427228834e-01,4.771248414584607356e-01,6.932869663112103398e-01,-7.004140058627676968e-01,9.170106161163836533e-02,-2.921564939003190586e-01,1.755901278116043683e-03,1.903235957309534765e-01,3.992315135214231925e-03,6.928352415481833226e-01,-2.657733038901344269e-01,-7.704934912650517054e-02,8.588682853594948874e-01,1.273226919052556361e-01,-4.930217111452761536e-01,-1.079891859873025606e-01,4.671197088574611800e-01,4.592875140254192856e-01,-9.247159479922485437e-01,3.551339514640819983e-01,-7.629878213524356710e-03,6.840332772453555643e-01,8.085889164761558279e-01,-4.382955148557048930e-01,3.006844349678407524e-01,8.922656718938903886e-01,2.791714506305656984e-01,3.017342745346670574e-01,3.662584530257196880e-01,6.778239862520044623e-01,1.614084125054481567e-01,3.227207990135685933e-01,2.242364265116408573e-01,-8.171205882418272060e-01,2.715467393866105028e-01,9.341438112027053986e-01,2.343284548970628600e-01,6.989734141566708026e-01,6.365575929225026908e-01,-4.249324492128359054e-01,6.770598377854137873e-01,3.813696388401702914e-02,4.523164539788008809e-01,8.971745097358201082e-02,8.671197594815620580e-01,3.911682443365396278e-01,-3.758604472154402076e-01,2.924282405432677701e-01,6.068993582479103970e-03,7.350789002158699681e-01,-1.640237347555414393e-01,4.506620469830227016e-01,6.134794485136629838e-01,1.554113770141864193e-01,-2.390633280055452226e-01,2.879257473920527333e-01,-5.696910434886561792e-01,-5.121232235333506716e-02,5.888637022957677880e-01,7.324196006072790643e-01,-5.615201429552112433e-01,3.181934779663512791e-01,2.677356798321192666e-01,-1.435048181444446014e-01,1.134235159192100856e-01,4.186750773038388496e-01,-1.684632244354078434e-01,1.372113678347519627e-01,8.158852640370203302e-01,-7.229908982624222435e-02,-8.410269271578817152e-02,8.821684068859372840e-02,6.272007739022626982e-01,9.199603781998836327e-01,5.037295781041696563e-02,5.992555552740317371e-01,5.156361573441838875e-01,5.248282718890275866e-01,5.058472171624055491e-01,8.031942696348457478e-01,2.254533659749987651e-01,8.399388488078934900e-01,-5.872866790515091084e-02,8.480940087220080192e-01,9.200343678721846219e-01
5.376454104776169363e-01,7.884011193181699184e-01,5.102792809153922082e-01,-3.005037025799546235e-01,1.396667477296037740e-01,5.159419854943894101e-01,1.987880951641337809e-02,1.486585670824968342e-01,5.959849060079126515e-01,8.771642787084773518e-01,6.213276746813616302e-01,-1.879306809488488494e-01,-1.083002588732209920e-01,7.577040417739584477e-01,2.700036255860131518e-01,4.486205389790900305e-02,7.600850371947183159e-01,6.179475596954362437e-01,6.076909888252799430e-01,-1.058462972293112703e-01,2.190123363047870308e-01,1.939162393020673059e-01,-1.435205778151512346e-01,4.638853119368691047e-01,-8.797295643018621103e-02,-2.997316887908863525e-01,5.760963082154638704e-01,-1.881527015387887969e-01,4.711629533537228798e-01,7.637534539054980920e-01,9.680647023817957608e-01,-8.208232970630118253e-01,4.267406001996226772e-01,6.674352252057649260e-01,5.682231413619350802e-01,-5.150745383400263944e-02,7.976410944585354823e-01,2.364617377736628889e-01,8.692059234112915478e-01,2.269374330256160588e-01,2.042693160502976821e-02,-1.225577448164304473e-01,2.434104258305955226e-02,-2.955135759599644141e-01,4.886598350109436772e-01,6.033316348226094306e-01,-4.272182991088680493e-01,7.851966352303773045e-01,-1.327893429588923591e-02,-7.892714339174057292e-01,-3.046723416793613581e-01,-6.080322975124398122e-01,5.850992295963576284e-01,1.352288132495605144e-01,2.646603517389136684e-01,6.903252381408803151e-01,-4.025056420114463407e-01,6.367315123565783219e-01,2.850210835588317670e-01,3.550817606067291354e-02,1.121277530003359085e-01,-5.509541299426063965e-01,2.443289591458270849e-01,3.304975229902228917e-01,-6.714060152470431309e-01,-7.848045399448289050e-02,7.109511702365515218e-01,-4.370264650661335737e-01,-1.382165048460358425e-01,-1.000000000000000000e+00,4.623744401322314457e-01,7.637758544545351080e-01,-1.268272607195131477e-02,9.690454575744593679e-01,3.129208835392283672e-01,-2.638360730452279923e-01,3.957218374070609057e-01,-6.863698965759820192e-01,-3.092990524427201571e-01,2.477521313477883957e-01,4.417875146796176877e-01,-7.322194051394104175e-01,3.766435649635585525e-01,-2.840472443688945026e-01,9.410485744385391760e-01,2.507145339153800112e-01,-7.035476907718100914e-02,-1.696715091213272034e-02,1.619784539966102610e-01,-3.407036023778589051e-01,3.595227391664978511e-01,7.505191826594859172e-01,6.960354171288961611e-01,-5.920351415552210783e-01,1.746708602871058780e-01,1.848399360788280099e-01,-6.501489663456522239e-02,6.864857899439757993e-01,2.885641894039526756e-01,8.104566770557347644e-01,-3.628977086531780250e-02,-5.394982394042737717e-01,-3.265334101406056067e-02,5.667894785110377809e-01,6.291615036723352539e-01,2.655070977375128538e-01,-3.976311270139529785e-01,2.093894342350891280e-01,2.750772685911478943e-04,2.124309664928386021e-01,2.527741810691581104e-01,4.961371056998474527e-02,-1.845385572454180667e-02,2.471854726761973098e-01,4.739596455386734797e-01,-1.450954146235716030e-02,1.083750658929717448e-01,9.449025593735144168e-02,-1.590413107495982081e-01,7.493671736328019195e-01,-3.499400439987505607e-01,5.666368967240713594e-01,5.475054206078614483e-01,2.791753237156977541e-01,-1.649188157169089453e-01,8.312109510636421783e-01,8.521283486366866278e-01,2.215546868441970185e-01,-6.749221012362881245e-02,7.883441742885433090e-01,9.281143851120336741e-02
-4.354239565231823317e-01,3.365227256522124177e-01,-2.345417504375156836e-01,-3.506805494085288855e-01,3.992558702964464912e-01,3.423187328078391434e-01,-1.642511701266309854e-01,1.927261906113680590e-01,-2.192895776103247485e-01,2.030769653450991974e-01,1.243468419457472163e-01,-2.658693976852327112e-01,8.104297998461963415e-01,6.278232361203099909e-01,1.923562935464417922e-01,-2.846376942074596017e-01,7.270767048299879853e-01,1.859944025447064497e-01,6.804285876003191014e-01,3.574722116459331800e-01,2.515881777231813166e-01,3.295814767125280348e-02,1.201222581104678527e-01,3.206041377248966540e-01,-9.912005992383192410e-02,3.135742939449681632e-01,6.630594016778069699e-01,2.761593731248586092e-01,-1.983393183821283989e-01,5.603003228259382379e-02,1.254006339873015019e-01,-5.624377209920986553e-01,5.315751314188832399e-01,5.758766479560659679e-01,8.240446182056503366e-01,5.651042686083146416e-02,2.895941875528466602e-01,7.127105367840845807e-01,5.616702788859818662e-01,1.110437389634492400e-01,4.163995497139894586e-01,-5.033804380928796549e-03,2.434155470920323361e-01,-5.737400182297310025e-02,8.265723979242923791e-01,3.374682752733168534e-01,-6.665490565959313052e-02,6.066153634256048477e-01,5.943180419824306560e-01,2.185811758789577008e-01,4.659425104262749362e-01,-5.885507516946336670e-01,5.690447706091579239e-01,-5.939668016981795029e-01,9.296578405639426279e-01,4.829846314356273651e-01,-5.483698561754084544e-01,-1.560763288514349471e-02,8.270190032376772971e-01,5.441239996781006560e-01,-1.702492224188868475e-01,7.279529916281073099e-02,6.363246359259691065e-01,8.229910911561288955e-01,-2.220610206976476597e-01,-6.900295366426622001e-01,1.205901474588735450e-01,8.282980237471411211e-01,4.282408137286410899e-01,-5.034956382122485197e-02,-2.325487828175568927e-01,6.484717900810493818e-02,7.365077295195996410e-01,5.595211743307459962e-01,3.905256406725607921e-01,-5.890937729179711313e-02,2.003691076480476341e-01,7.000848943999988805e-01,-1.298338898525704110e-01,-3.730797880222662122e-01,1.271707729692366229e-01,5.492474435903480501e-01,8.846961120937703038e-01,-1.000000000000000000e+00,3.953782912208432809e-01,2.737923932783953851e-01,5.155700895337895773e-01,-2.275185944276185146e-01,3.589657174691301411e-01,-2.604156860377814242e-01,8.658411471149607408e-01,6.836556321793775259e-01,-2.436044198468134692e-02,4.485479458617816495e-01,7.247986655037962356e-01,-3.405546032816127444e-01,-7.891442835662659805e-02,4.843076544981244069e-01,5.290761579682790039e-01,7.336466699490468146e-01,4.079048900287083335e-01,4.138712733480399697e-01,-6.643591920654529082e-02,-2.641453001607113049e-01,9.065000428384956122e-01,3.796151051117453434e-01,-1.170062925593495784e-01,6.137417764675987542e-01,1.879862144630817800e-01,4.023106991152611972e-02,1.318393686927273878e-01,5.644886643532885939e-01,6.611670388903883033e-01,1.409248113963878224e-01,8.115365093259346851e-01,5.285502839321005730e-01,6.153530336068329110e-01,1.179356869003342356e-01,-6.058692454594841181e-02,2.607691461449182513e-01,-6.622115091927672781e-01,5.964424543849713434e-01,6.701483700216163131e-01,3.228547870809292397e-02,-9.706355839153589515e-02,1.346903297086624873e-01,3.046685783569690331e-01,-2.200593174414498254e-01,6.383470679227937206e-01,5.095328272823635984e-01,9.302056088554603308e-01
-2.822266809294186607e-01,9.257104369956702383e-01,-1.863065182099501171e-01,6.402500014429490793e-01,3.219590100201099037e-01,2.096466153862664439e-01,-2.506916939486105167e-01,-5.946077774619048517e-01,6.621102177905530128e-01,7.562380371944832369e-01,8.584579093877914291e-01,4.389919956588267946e-01,2.399012057501694328e-01,7.698058109073129263e-01,2.851831509358894734e-01,2.456577125550837570e-01,1.603126171431246416e-01,-5.784502407796987544e-03,6.902699692705648316e-01,5.145933502895700951e-01,3.474454767258817744e-01,2.265994292507620689e-01,-2.282410964787355556e-01,4.375378956213604176e-01,4.685793785807159106e-01,-3.471964283461319578e-01,8.734135848714429384e-01,4.332825788094142316e-01,7.695209877160751333e-01,6.333381707557204088e-01,8.849864759293434302e-01,-5.368340712815078408e-01,7.128654679227597324e-01,6.191190682034503068e-01,8.233652034320942947e-01,3.426365592896293277e-01,5.198321681129143279e-01,1.554945294727800020e-01,7.414938338843676258e-01,4.474100418594352535e-02,6.417103767667393932e-02,7.860618020075131884e-01,-5.385887625962756386e-01,8.053234597956296925e-01,6.959676617826725531e-01,1.348496462014493746e-01,1.202472592352150094e-01,5.017524397471336828e-01,1.000000000000000000e+00,-7.628949900621917468e-01,7.901981732482327159e-02,-4.978453806831192874e-01,6.848890519861463577e-01,9.167792741704677839e-02,7.385835807904542194e-02,4.618045274931819044e-01,-1.125853402348651056e-01,2.047673518146072014e-01,6.155347335596424996e-01,3.317617684524537536e-01,-9.421380981526765452e-02,4.187814423466960645e-01,5.228225094761778102e-01,9.592175935093063543e-01,-8.118560072965337326e-01,-6.028749860058028043e-01,7.911435418998131741e-01,1.000000000000000000e+00,1.212137569885447241e-01,7.498546239478046582e-04,1.089672805305378668e-02,-7.989516936913418702e-03,-5.376185821457875047e-01,5.634872275215687676e-01,2.139284387483824657e-01,2.786077458844382626e-01,3.828576678300338321e-01,-1.402295206602262589e-01,2.749885216185825043e-01,-2.411064628091631468e-01,1.743700938390782829e-01,-4.255945636412127309e-01,8.168950514827437726e-01,-8.595374922643045368e-02,7.422133024995916095e-01,-7.538329260993119341e-02,3.221039464665043095e-01,-1.828997270281347842e-01,2.077188207771958339e-01,4.579640954293389549e-02,7.074203527965036153e-01,8.659116230137838821e-01,-1.072008769002343320e-01,5.871734627584549449e-01,3.885939342597238486e-03,-1.722250827047678567e-01,-9.034558192851073477e-02,1.000000000000000000e+00,6.484441739436457297e-01,3.209794836065363310e-01,5.111105695194584353e-01,2.069670372999306007e-01,3.295091253947131094e-01,-3.231867490058747405e-01,-3.467911375211502056e-01,7.042228636560849964e-01,-6.772211246966474141e-01,6.968122521674086078e-01,8.278955989207474886e-01,1.074255524669775474e-01,8.937750723992864410e-01,-1.331162407752889965e-01,6.857217200891320141e-01,6.290568144926081962e-01,7.487850379697947867e-01,1.493439516494998454e-01,-2.266154869368977032e-01,7.115762994261249919e-01,-1.812844338706786906e-01,4.103964141954771216e-01,5.682728715327074465e-01,6.957669736300297059e-01,6.757186299119509638e-03,9.879961630147245932e-01,1.436449182874313668e-02,-1.209236416773021849e-01,2.232613144726131038e-01,-2.589643611855440564e-01,1.307443362755429939e-01,6.976994885835152704e-01,8.845112500172167547e-01
-3.789075567281047219e-01,7.825768083199171610e-01,-4.756668846683061447e-01,5.160416768000551935e-01,-2.307512466475962754e-01,3.060538632283189009e-01,-8.145572300020945122e-02,-4.600917065655234506e-01,5.497227861339802901e-01,9.178534964096607407e-01,6.045846996384094396e-01,5.062122224070899623e-01,1.361929140851016011e-02,8.812355206103212879e-01,-7.696674798604313805e-02,-7.329508654271243984e-02,-1.498265933824978746e-01,2.078465073455097178e-01,8.088011388356131093e-01,3.797601269053325623e-01,4.966698793155859826e-01,5.474224713117855495e-02,-4.602436773156896033e-01,2.761647606294644341e-01,-3.960400911684585495e-02,-3.247599470200379645e-01,5.837598406117298078e-01,4.544451314261598318e-01,4.292021041092757838e-01,2.619345340342694173e-01,8.398376098072652951e-01,-3.899744607839455979e-01,5.302027119522276788e-01,4.985283928485113036e-01,2.407069474474041459e-01,1.313838117673818140e-01,3.026698372017455618e-01,-8.359424297859828490e-02,4.203078359505926231e-01,2.431217259171089898e-02,-2.588804119849689167e-01,9.541549762316912098e-01,-1.726418885822332272e-01,2.153578741071290326e-01,7.390022658818498069e-01,3.311943321028127385e-01,1.823151153646218950e-02,6.187225755967339369e-01,6.508766350649275445e-01,-6.306535317900258120e-01,-3.445701274909611644e-01,-6.375116036808439191e-01,3.395215046367374701e-01,3.370456109943097966e-01,1.006991289804676781e-01,5.676548184913277062e-01,-1.069590722683911033e-01,4.923899723876835888e-02,2.623343931569003251e-01,-2.081572972354927276e-01,-9.698819472774085348e-02,4.542988074907789997e-01,7.010799071541629068e-01,7.448668632470487605e-01,-3.122245126851951325e-01,-5.871848874961251852e-01,8.373059507825518777e-01,4.705844242147750878e-01,-1.080227975449633282e-01,-2.668897807230534713e-01,-2.433420298053969588e-01,1.950821438154572152e-02,-4.486508840766664785e-02,2.407189934625755534e-01,-6.788076243658902609e-02,-1.685054635039893445e-01,3.700090903087787098e-01,-6.743510813498948542e-01,4.400393780559513912e-01,-2.590859316791238598e-01,-5.362722479003653904e-03,-4.157725436518426299e-01,7.990476442513907429e-01,-2.715292548489547375e-01,8.144183908098642233e-01,-1.487884721366226348e-01,1.641291653923992178e-01,-1.697461783201869023e-01,-3.178294243969515681e-02,-9.303743680387882575e-02,8.310277568168682460e-01,7.733934006014048235e-01,-5.207701423174072863e-02,9.612572772412590894e-01,5.613139762668305222e-02,-2.717486118780464421e-01,8.471464503247104483e-02,3.754950101718365629e-01,7.394190160184056504e-01,1.529150618228763414e-01,2.544044012463534399e-01,3.246356346157853734e-01,2.291508731206357702e-02,-2.949658075305057192e-01,-2.231713329358392395e-01,7.826934036737379641e-01,6.964434604272209950e-02,6.690879695784416326e-01,5.860002423530993321e-01,-1.024526773472386743e-01,6.870042923496124665e-01,-4.520696827998348100e-02,4.776756361673724638e-01,1.832533591142657126e-01,6.951945491512956377e-01,-2.265977058711955983e-01,-1.024928577766820448e-01,1.000000000000000000e+00,-1.757722092142676782e-06,5.314054420130555068e-01,5.625383426562233780e-01,5.562706898889165918e-01,-5.501880216347208863e-02,1.515895032546085985e-01,1.084072750844562380e-02,2.113508065913435596e-01,2.686847712926040965e-01,-3.444982094329820943e-02,-1.310876463777856937e-01,6.351014484444190700e-01,8.159994351558170766e-01
7.616819766576752304e-01,1.493940145802884201e-01,-3.685951698838112467e-01,5.802132427154247374e-01,-1.026906008098136258e-01,4.780559496887058502e-01,-1.883928688201945423e-01,5.144448048878346169e-01,5.450673091798319270e-01,2.007537136852240445e-01,3.341849413149419745e-01,-2.242020000976715777e-01,5.796559879411969929e-01,3.181572534845881206e-01,9.679051175502213777e-02,-1.965870449656418883e-01,3.684332633499359105e-03,1.897867203679267090e-01,5.024047482566857958e-01,-2.076069983180137135e-02,7.101796874700683215e-01,-5.810458471884432513e-02,-5.162764103636106050e-01,2.614143506358399538e-01,4.841000697551095522e-01,-5.960879810284657188e-01,6.101181933747147346e-01,-4.341561621754651268e-02,5.708970110624115302e-01,2.046720219832625087e-01,-2.711465714993692711e-01,2.869119141446536125e-01,6.602530403784860891e-01,4.132923727992801610e-01,3.328791016952007409e-01,6.711757597857500590e-01,4.723556146384801924e-01,4.943667325583909755e-01,2.530550962928013181e-01,1.395260819431173305e-01,-7.175330577330339688e-02,7.279577221592034020e-01,6.259798625456979293e-01,-1.720883237888614081e-01,6.976908278305777866e-01,3.620045918739525637e-02,-3.446581018233624283e-01,5.244289153794168268e-01,-2.342389200530897997e-01,-7.316506608923186716e-01,-7.361274539224001989e-01,3.257865590525623189e-01,-9.245583362465938093e-02,-6.865115094863036838e-01,2.234832721893187657e-01,6.737473679035350660e-01,-2.778673421510369224e-01,-3.761751750510975573e-02,2.331472732930913588e-02,5.722280878555210393e-01,-2.127442074181055409e-01,-6.544208495820569293e-02,7.203378120557900610e-01,1.942278186961090558e-01,-5.012169815683962248e-01,-3.688545309659884697e-01,6.408656939040001665e-01,-1.396045246352230762e-01,-2.281896535715284835e-01,-8.086937262948316052e-01,-4.033562251348644656e-01,-9.728896624445175501e-02,-2.811406798363096926e-01,7.164106024216297941e-01,3.703127895056702035e-01,2.680170631354452659e-01,1.000000000000000000e+00,-8.862173878032875152e-01,-1.185814026394955423e-01,-4.942564298387371324e-01,9.276934139725530049e-01,2.325654288232210098e-01,7.168226417454993671e-01,5.453569633165427089e-01,3.556231013789213358e-01,-3.862794737162667403e-03,-8.737003442027969913e-02,6.676795536613703286e-01,5.871838968235143508e-02,-2.215439558948456011e-01,3.147471813792511730e-01,6.699645065243783337e-01,-9.678722167660845643e-02,2.775661240704038191e-01,6.830916968058187155e-01,-3.968634040273709696e-01,5.658378044654701622e-01,5.162868190259994883e-01,5.701731266104271834e-01,7.356513611236376038e-01,8.685767299260697960e-02,-4.729261681609880918e-01,-1.000000000000000000e+00,-1.859086140821293032e-01,6.360247561390565130e-01,3.398644615175882566e-01,-4.097351209906261449e-01,6.621956652855673919e-01,7.664807242930583575e-01,7.740272418933664689e-01,1.117916226693443787e-01,5.543971511360615834e-01,8.739265639158458887e-01,3.485959991697615279e-01,8.197273773573620081e-01,-3.509857858614230941e-01,6.890659456416760309e-02,1.387917319263508309e-01,4.387742599737429194e-01,8.091326571253648625e-01,-1.533523551491549342e-01,4.911818295012060354e-01,6.765059239713441253e-01,3.203832902771114877e-01,-4.575423190178908722e-02,2.968424402099910098e-01,2.265310111146179861e-01,8.421235572858997154e-01,-6.373840893344966119e-02,5.885516917776668633e-01,2.459314905066236345e-01
-3.796000435147708352e-01,2.192340066425580714e-01,-2.024902676247622713e-01,-1.657560314580851235e-01,8.583080003217832821e-02,4.344075449400832678e-01,-5.314610613547933460e-02,6.119067348324076505e-01,2.615863361062503167e-01,1.480338185203151358e-01,2.111186550859737165e-01,-5.338518418297687196e-02,6.244900973099184460e-01,5.093017583591378239e-01,1.410941687142087397e-01,8.372657224150145683e-02,7.578868983663671344e-01,-6.794004346141804818e-02,7.605466437975000327e-01,5.974808968000030474e-01,2.974012301623514820e-01,2.305270701050797788e-01,3.860123460978558407e-01,5.294204320585149670e-01,1.876712631307558832e-01,3.912170052806218101e-01,7.932384010194577506e-01,4.625994679501681528e-01,2.014737186686374748e-01,8.992883328030729095e-02,-1.701569540299600614e-01,-1.798020847007456013e-01,6.071486062908273418e-01,4.190711413252639628e-01,5.983643809926858514e-01,6.452376914228937776e-01,5.743039932885399823e-01,1.000000000000000000e+00,9.890851160288397503e-01,1.928403620701897581e-01,4.206622911501989304e-01,9.193832158966533386e-02,6.128888225834343562e-01,2.669257264785507289e-01,6.104204292823161015e-01,-4.740469805621265464e-02,-3.124853899891170128e-01,8.100705494582800537e-01,6.568276879077087349e-01,4.073732593903461319e-01,1.056274808495566847e-01,-3.265631947670222246e-01,8.114996589103321556e-01,-6.933820365960771115e-01,8.312900225135745336e-01,7.325542128991101576e-01,-6.070259702932964130e-01,1.564399551118078879e-01,4.252534466030163246e-02,7.649882375762548925e-01,1.676857890613190905e-01,1.080840325862836293e-01,4.131891496483856563e-01,9.743930105587798041e-01,-4.546568054194373154e-01,-9.524593733716367749e-01,1.522099897671018165e-01,7.330757581663763789e-01,6.489810333308460022e-01,-1.549240810527578172e-01,1.000000000000000000e+00,1.791327101108597664e-01,5.634270886312848781e-01,4.658649253415611535e-01,5.531834878028241143e-01,-3.473125709927050719e-01,3.746012419774147895e-01,6.015154750130708994e-01,-1.446878943281345309e-01,-4.884194349290109094e-01,1.527909743092641381e-01,7.010647722796398140e-01,8.043273499484805411e-01,-6.049275978177541813e-01,4.547775256008471656e-01,4.890758653778732312e-01,6.391291067193488606e-01,-1.398002214953336653e-02,1.406376687432426276e-01,-3.020555735554408816e-01,9.402556161793986789e-01,5.466699987400267524e-01,-7.463526053269857463e-02,1.202259505346597868e-01,8.995135592086336285e-01,1.561854369422043254e-01,2.777900882918711289e-01,3.131431048750384361e-01,7.774374627478297661e-01,5.732348084663672072e-01,8.214785497382717239e-01,1.857480116644258106e-01,3.226713609246667502e-02,-2.337133293249755439e-01,7.202039148164415261e-01,1.825622108904980390e-01,2.156455947731614892e-02,5.476501851210295868e-01,2.626250399320361750e-01,8.673206805292124622e-02,1.704301165688992814e-01,4.394774397198942806e-01,7.968243172254336759e-01,7.449421976007039037e-01,7.944832673987513028e-01,4.970517171062933670e-01,1.000000000000000000e+00,3.220177487000003835e-01,9.488245169273103533e-03,8.164941381224290196e-02,-3.637373613118147220e-01,5.631141981441811772e-01,7.289187828878087583e-01,-1.368059535823010486e-01,-8.037044698539073939e-03,2.167278274423632134e-01,4.628019177883783142e-01,-1.532167780326080531e-01,8.024349269070228940e-01,6.231194743432902916e-01,7.391189479471077517e-01
5.111471178670201621e-01,8.199405311527826479e-01,7.938087826039691430e-01,5.218831680710096510e-01,-1.940265218703455530e-01,5.049153198536303622e-01,8.116976192689030478e-01,-7.522563597247351463e-01,-2.427991186888483199e-01,8.678529930431019279e-01,2.865974274032500602e-01,-1.974683521755005167e-01,-5.586008732235530835e-03,1.000000000000000000e+00,1.335701683796925443e-01,-2.245750510993754778e-01,9.001401930820090991e-01,6.675891998321388243e-01,-4.293667762795398690e-02,-3.593711388965761810e-01,1.868723575120147529e-01,3.425944669609024690e-02,-8.347878250531839406e-01,4.591598149471849966e-01,-5.226027300181036034e-02,-7.012718715295399585e-01,9.809137310158434764e-02,5.490830275600567384e-02,9.827005800753888312e-03,9.600786167479014033e-01,-6.955093704885569050e-02,-2.881023236547263222e-01,-1.726732647068664472e-01,3.240403027236379296e-01,1.159606437622410363e-02,3.136067184081062775e-01,5.110911819578269899e-01,8.034408557450525290e-01,-2.422007921313878986e-01,-4.399890883881233533e-02,2.517731800718496782e-01,4.750119385627454838e-02,-1.351485563490066877e-01,4.990593347094347820e-02,6.436822700743881631e-01,4.228393065541113938e-01,-2.471089007577715602e-01,5.910160568843375595e-01,-9.156342117328659935e-02,3.404872044862162772e-01,-6.278500625782217071e-03,-5.544874383155874442e-01,-1.026351029572349360e-01,-5.159972561372772049e-01,4.953112382067099140e-01,-7.639730185480822500e-02,-2.255908807400723304e-01,2.932342630499042979e-01,5.957214467296407800e-01,1.365063514258716970e-01,8.933120258754608800e-01,-7.834637627830715045e-01,2.050508458059028538e-01,8.609682703748650079e-01,-5.164942622216495138e-01,-5.979302829747655534e-02,2.313318140087753522e-02,-4.845889606309147224e-01,5.598145377265624223e-01,1.232451765149208678e-01,-5.233979700721462791e-01,6.947517952553705634e-01,-1.925454780141433453e-01,3.435117130535008667e-01,3.716403997883138688e-01,6.781930646152931619e-01,2.272146984057676067e-01,2.815614063515970988e-01,3.317885869247268471e-01,3.097085545868195622e-01,1.000000000000000000e+00,6.958645327691191651e-02,8.703882148527676277e-01,6.105926315740204391e-01,7.204563783010283773e-01,1.326260657930529163e-01,1.664291982742928111e-01,4.593030991462571100e-01,7.169603029921078896e-01,4.894664860836295261e-02,2.675323037735372611e-01,6.527423334633383201e-01,-1.676472340733977384e-01,1.584567763239284888e-01,-7.697619215970663564e-02,-1.000000000000000000e+00,7.396299017221311667e-01,4.515786847371013324e-01,-2.257729829086035922e-01,5.842383748407713462e-01,-4.514204198745634666e-02,-4.476052274156953059e-01,-3.542567372419645477e-01,-1.098647218900452582e-01,7.301334408704448498e-01,1.206155193777283391e-01,3.894724734439163755e-02,6.492138855784763685e-01,1.078932463167439765e-01,2.957295428326270001e-02,7.731268839398761639e-01,6.050823975244968844e-01,1.047830034436466190e-01,4.752225490947891151e-01,5.590080890336280861e-01,1.180661900128980452e-01,-2.334392860855781793e-01,6.538207906707255157e-01,4.603837526027060867e-01,6.537922947934825535e-01,-3.211588598794342664e-01,3.280304915093181228e-01,-1.954995444388973047e-01,3.707897178315421871e-01,8.340789891425285374e-01,2.242512162045616764e-01,6.550009517821225868e-01,9.819214402970427580e-02,9.454661338499738277e-02,1.645189052900635218e-01,5.566640084866458782e-01
1.000000000000000000e+00,8.416449557571740181e-01,5.798540605902253731e-01,-5.616661639684985552e-01,1.624303568174118029e-02,4.425161578431489606e-01,-9.790020018466989715e-02,6.723431648958168028e-01,1.000000000000000000e+00,7.387182861355321428e-01,6.397552853522401328e-01,-3.634457172175920014e-01,3.640383309577102655e-02,5.661138052158825040e-01,1.127066276715446985e-01,-2.019507437977654807e-01,8.147947566725181057e-01,9.529166637928165873e-01,7.872112783170776007e-01,-2.494651445159733194e-01,4.563139193142744521e-01,-1.301741437806196167e-01,-4.227004518846538828e-01,1.671515482012116416e-01,1.126216442547180521e-02,7.901408463317000086e-02,7.313156421577289290e-01,1.619419244753181886e-01,2.881189094130761075e-01,3.658067831016171834e-01,4.902992712243606777e-01,-5.415061042499309529e-01,5.388999953445806623e-01,9.622194617613839540e-01,4.083023336720814078e-01,7.901342197627413133e-02,1.254929435298721974e-01,1.663439466329404981e-01,6.042348395776291348e-01,3.140912516418663536e-01,1.498929931702189522e-01,-5.109305871352357725e-02,8.727510231042941158e-02,1.119427485165293452e-02,7.790228168854134161e-01,6.209092578892289049e-01,-9.212770049413361306e-01,6.663044007167205907e-01,7.797866081899638979e-02,-4.431397626458833394e-01,-1.290990678126152369e-01,-6.069155893625605147e-01,5.646104938610176927e-01,2.867266828495518838e-01,3.396247143184474293e-01,6.461497914051322899e-01,-2.682085730884873898e-01,6.988472546353186043e-01,2.111470373564479364e-01,1.039320227496291597e-02,-3.715599514109153567e-01,-5.922914564853444253e-01,1.161560739936620956e-01,2.485220089555283951e-01,-4.325034515595024831e-01,2.497859392521057167e-03,5.179840816919829560e-01,-3.725353180392412117e-02,-2.471447577808608131e-01,-2.394166606597209757e-01,8.101169154079668200e-01,6.704912797794031487e-01,-2.603449122493501910e-01,6.088846341389284600e-01,6.697139995457848105e-01,4.673121527050189683e-01,2.198062746309346616e-01,-6.096995313308175568e-01,-1.959675303167526250e-01,3.258375470042692568e-01,7.375166320758169691e-01,-4.342957586981954776e-01,2.703768171885773119e-01,-5.607129964391431853e-01,9.044235785910358372e-01,-1.795871466320917709e-01,-3.813138231756749152e-02,-1.799285338609464546e-01,2.810050267342349348e-02,-1.127232043452851551e-01,4.664335826760229731e-01,6.216876662968091605e-01,8.250097481543982036e-01,1.405376770769336259e-01,1.322181179391379580e-02,-1.295964227798970803e-01,-1.908355030309432931e-01,2.228323348238064050e-01,8.322808856894112761e-01,7.247619361659743964e-01,2.001373898034703447e-01,-2.147864187590602658e-01,-1.876754783248259506e-01,7.823578597950670011e-01,9.041957276654581932e-01,4.181739442895769376e-01,-8.683579697238114070e-01,4.901213637516386307e-02,3.623943275396664387e-01,-1.494041862333119197e-01,3.925193945880476876e-01,8.923598406606364497e-02,-1.752751853668567950e-01,1.442516081694655561e-01,3.572086775237858780e-01,-1.636726081991660420e-01,-9.578210980982852785e-02,7.356950470524262903e-03,-2.979008100254955105e-01,9.005862121983980728e-01,-3.794378101969379524e-01,4.761097107472404555e-01,7.579505416915215399e-01,7.108354170104911329e-01,1.636517158371962322e-01,5.423055807412152651e-01,6.545085551086725628e-01,-2.620035188636701262e-01,-2.211695269207005765e-01,5.131048899193134671e-01,-1.319954040927834304e-02
7.453742116777331006e-01,2.056845328964775621e-01,-1.094406103546796821e-01,8.004034921720467599e-01,1.778193587319029656e-01,4.230802846255046767e-01,-3.857432846012073813e-02,-2.065146290636004356e-01,-1.449129235638309809e-01,3.725878160145635887e-01,8.202059322291396226e-01,-1.035180087073097471e-01,2.159717085468804421e-01,5.604464550103442910e-01,1.969968147377980650e-01,-1.515330938827887663e-01,5.641295496365487105e-01,6.928427236311897053e-01,6.867793573012317410e-01,2.417399459427820307e-01,7.374811204190089287e-01,3.511179258073076626e-01,-6.711795077199711468e-01,1.923035503202738805e-01,-4.426325824195313785e-02,-8.416723630530827116e-02,1.324107614151109613e-01,9.151136612846223761e-02,3.839467639203038574e-01,4.909559968670208496e-01,-1.215704889433340125e-01,-5.323879196393973556e-01,-1.611490714556033654e-01,7.193388757656654642e-01,-1.346906406406927492e-01,3.223787674161622263e-01,7.678974316251038212e-01,1.766075866678064599e-01,4.129027017816565559e-01,-1.922940908497708726e-02,-1.545597717129886806e-01,5.963177911684913735e-02,9.706463878295791270e-01,2.460379796956821061e-02,7.693616321997531760e-01,4.095598579173834186e-01,5.450627707623025842e-01,2.657734729653936645e-01,-9.011034153425254156e-02,-6.291644410676601185e-01,5.944369319803926958e-03,2.235686968754860282e-01,4.905403909928806594e-01,-8.170508441786446252e-02,-2.401139448919220858e-03,9.028268086731384701e-01,-6.256529461850728335e-01,8.260505005485505592e-01,5.141113054085773015e-01,-3.174611808192488033e-02,1.593800652872299217e-01,3.243265917435079193e-01,8.565846585653122958e-01,7.249289063192251303e-01,2.323826968238347501e-01,-5.551898629006876140e-01,-1.018356598898249726e-01,-6.178341706506564890e-01,-2.661247615174332226e-02,-4.339146028119251763e-01,-1.992436101916711735e-02,7.656580508936894347e-01,-1.006778371185203524e-01,6.728234667823768111e-01,7.337764120371387255e-01,8.293271240120327903e-01,1.486557481976912565e-01,-6.484523850470250705e-01,2.372453497615028550e-01,6.159700464183526236e-01,5.558234076818468344e-02,-1.349556518399694371e-01,5.783483875632604576e-01,-4.224597015738867367e-01,8.646091039243932741e-01,1.029934454649932690e-01,3.872109670585799357e-02,8.002310887292245489e-01,-4.545488843215461650e-01,-3.443999962726114750e-01,1.213496559014869969e-01,6.579476494639552309e-01,4.916394973551008185e-01,6.370888301300290379e-01,4.413108472683072853e-02,-3.119008650589192855e-01,6.230517504769194082e-01,2.688150632480358349e-01,8.986387610130948111e-01,7.072127705999696756e-01,4.320548095243162967e-01,-1.000000000000000000e+00,-9.719530505892320926e-02,6.321524827968358906e-01,8.282613344190390414e-01,5.305905345235023551e-01,-2.946104927430025569e-02,3.049773093461976420e-02,8.899326883482825412e-01,2.099372743065517910e-01,1.379676470428795043e-01,-1.614283691780489249e-01,4.556088358015290829e-02,4.609257928996081111e-01,7.738641557646281921e-01,6.130757193330880206e-01,-7.680487181293747800e-02,-4.139044734422538119e-02,7.030556538669829880e-01,9.088983215911959901e-01,-4.447977776282225904e-01,2.749955089044762158e-01,1.221372981839670586e-02,3.548944619610683304e-01,7.602796202771789913e-01,1.718071054721023727e-01,6.027506732813833201e-01,6.885359684538358005e-01,1.692936370984477468e-01,7.414727913829393113e-01,1.301216653458906747e-01
-3.366986008672477881e-01,8.287654130960363519e-01,-6.206115395673442725e-01,3.904968922222487593e-01,1.000000000000000000e+00,5.172917680662899587e-01,-2.769783888456052168e-01,-5.284515782680406781e-01,3.005744415976910333e-01,9.872979887844729463e-02,2.372548392039950937e-01,-4.846742481077954690e-01,-1.284829977513602395e-01,4.654234105083155937e-01,1.310815252972579448e-01,6.647793233469950769e-01,-2.474145839475410391e-01,1.000000000000000000e+00,-5.064490790367241063e-02,8.300737009257429244e-02,3.094513648300976083e-01,-4.600501659505839558e-01,-2.721870581225092067e-01,-1.806455444353756087e-02,7.656374348669203744e-02,-1.692604124248897057e-01,3.987924305068744624e-01,-2.229970296170078747e-01,3.100319251454369818e-01,6.669750552439768221e-02,6.226726935080272307e-01,1.539364128085512207e-01,5.218928993265381511e-01,6.743822305054417710e-01,4.153094086164431098e-01,2.565805186533638427e-01,5.503506230159823653e-01,5.794162558888118486e-01,-6.594667617055189890e-01,7.081888672316105637e-01,2.276305670461014896e-01,9.680877609390508010e-01,-3.181672834288144514e-01,-4.530510750221504179e-01,5.528778447652965555e-01,3.355010220422981471e-01,-4.287131702215523643e-01,7.022136926543149915e-01,-3.759321655583215960e-01,-3.347848692197494952e-02,-4.556485899602509826e-01,-8.278255791032983479e-01,-1.682014684330330676e-02,-8.064615118123082960e-01,2.344477093602748696e-01,-7.947634520040450790e-01,-3.442794357001436323e-01,8.475039121031474609e-01,4.628409510580291236e-02,1.889612991715562337e-02,-4.050679209730955188e-01,4.218039675502862074e-01,8.062587475810570337e-02,7.931397240360623657e-01,-4.637368046719617110e-01,-1.162590985312438596e-01,1.498177339272748487e-01,5.040033066906650372e-02,7.357294007989153561e-01,7.848224195342555776e-01,3.352248476123902976e-01,8.569231678614491754e-01,1.000000000000000000e+00,3.841642172242750175e-01,5.311702820259746050e-01,-1.878691146775820497e-01,6.081454134866727257e-01,-1.000000000000000000e+00,-1.571208395007549774e-01,4.611911537153151053e-01,3.584752543447934370e-01,6.007136033799482799e-01,7.835028441402416277e-01,-2.687166357786022197e-01,3.185633385728061651e-01,-4.443197500888450557e-01,5.388669930767767680e-01,1.459854758006322306e-02,1.429054944544146111e-01,5.341619948993577838e-01,4.885559522474097749e-01,-8.716957487541117378e-02,5.696630915546647689e-01,5.229739792798578923e-01,2.708221129154285145e-01,-3.609646853153904988e-01,3.511212067247231061e-02,5.108358735792259964e-01,5.599259422956849308e-01,1.000000000000000000e+00,7.899824202846207344e-01,2.644673326947124536e-01,-7.780346189454485639e-01,-1.695364466657551528e-01,-4.761354505732299791e-01,1.000000000000000000e+00,-9.722355600189981628e-02,6.519492076022542770e-01,8.830099331085040637e-01,-1.448568685031755288e-01,7.800092617172598164e-01,-7.987955057954371219e-02,4.940227089288579121e-01,4.414155837034860475e-01,8.641571481493665052e-01,-2.088844455668977806e-01,5.181443787270857415e-01,5.184149897113755900e-02,-2.360204872845945642e-02,3.033599366757500637e-01,-3.709411749142484394e-01,8.485557081322823159e-01,1.787717259232756151e-01,-1.891746473087934921e-01,1.886058469897462786e-02,3.955777949749731959e-01,2.917448505285518690e-01,1.520645177655155222e-01,-1.608093871719474821e-01,2.430343871327287630e-01,2.672915015010828843e-01
6.709701710729952806e-01,2.851422743237508328e-01,-1.892165242677018924e-02,7.126788505707193355e-01,-6.319305520790995112e-02,1.608781301097610269e-03,-9.323150044894810973e-02,-4.399725713814068850e-01,-1.855217457480392573e-01,3.673996333413423465e-02,7.815672738955227183e-01,-3.506609682910399317e-01,-5.041301309366379158e-02,7.610879702784192902e-02,9.843124730808623657e-02,3.474958097655225786e-02,9.170507791297398681e-01,8.672185186680723135e-01,7.571444110216017931e-01,1.703337328533307271e-01,9.369416494138645968e-01,-1.394769491532540373e-01,-2.432841651389319182e-01,-4.196295894545096217e-02,3.920356044776131532e-01,-2.631983581205237788e-01,5.206070022441075529e-02,4.848755484079150246e-01,4.308515032370021647e-01,6.452126420344853619e-01,-3.194963286415492681e-02,-2.442456532376714173e-01,1.958022232151975794e-01,7.523376032643231959e-01,-5.838923300469931604e-02,5.428724792705621471e-01,9.176029214474142881e-01,3.018048528670216890e-01,6.023414705685276038e-01,-2.225222449763075705e-01,1.041254086980428380e-02,1.766910690269961337e-01,6.885709050562540678e-01,-1.226916343059965969e-01,6.984503853172364662e-01,6.389052396431443848e-01,6.016400461971808111e-01,3.860974201794341032e-01,-7.216762340082853722e-02,-5.270050010391061912e-01,-4.209350477985098760e-01,1.718342994554440950e-01,6.191403787569550454e-01,-4.246396855029028750e-01,-1.243667594366557050e-01,3.485196965553623016e-01,-8.773680220638502281e-01,9.256208558951080079e-01,5.512938581121634707e-01,3.704239328589175595e-01,-4.292900961992637265e-01,-7.240875821209101504e-02,4.655567489720723318e-01,8.465408602717895414e-01,-2.241337260888438265e-01,-4.508178331063794064e-01,1.115079952597478330e-01,-1.214640546646231223e-01,5.625498456901830563e-02,-2.659117214289039577e-01,-2.834297664430530661e-01,7.024112976297838262e-01,-4.687241640185239033e-01,4.727370648586767254e-01,8.457285062347745797e-01,8.784999482770244894e-01,2.360942760918645356e-01,6.083511115488603183e-02,-8.013091226763807695e-02,4.214307165187159421e-01,-2.073612016453400819e-02,5.766727618688422680e-03,7.433727205074944777e-01,-2.351720126682308731e-01,6.360761753992335565e-01,-8.237034070300214283e-01,1.613961885910046024e-01,6.799920119716936773e-01,1.587925709916625516e-01,-1.801185109730964184e-01,1.567392945601904508e-01,5.285206195900303827e-01,9.009032876789184741e-01,6.422590891992639994e-01,-6.860462004633730015e-02,-3.871782002228981168e-01,7.292581477841930671e-01,3.418828848019866418e-01,6.559838704873962589e-01,4.661447078977524749e-01,1.074371598146872248e-01,-4.509043320134050736e-01,-1.095781311847452283e-01,6.947012424379920281e-01,7.543372910565045997e-01,4.837910935936001744e-01,2.926043806065095620e-02,-1.091311092787517895e-01,5.601314790220693896e-01,1.415695892309783432e-01,4.383697689345983917e-01,-9.204104834449447492e-02,4.021751924553562674e-02,5.877344506532832247e-01,6.135339663854484371e-01,7.983804596524862740e-01,-2.726735801007955373e-03,-3.224909982118510932e-02,7.744389533569638884e-01,7.367244173858102929e-01,-5.717004760186949336e-02,6.704885014243439079e-01,9.054687758330372260e-02,8.361684354989236123e-01,6.555860120362451138e-01,1.829149279744355372e-01,5.366988530785616884e-01,5.168369849675406025e-01,4.922633481616838641e-02,7.295938088408021605e-01,1.165181089791048584e-02
7.380959163788493038e-01,3.042646078693224121e-01,-6.662838154270835089e-02,8.169447087949086583e-01,3.497145944846096755e-01,3.957870639587207084e-01,-5.331526422812175869e-02,5.401258844059748654e-01,3.536075259615009125e-01,1.597975057760344653e-01,1.715476746824739218e-01,-1.134756776024469921e-01,1.000000000000000000e+00,7.174187194247710897e-01,1.770285260589244403e-01,1.345205164309449253e-01,-3.636484607328899221e-02,1.573536501361052220e-01,7.435723479210611941e-01,-2.308597558280348905e-01,5.751584357668987346e-01,-1.796828480173062390e-02,-4.968756553603133064e-01,-2.808185915986715492e-02,3.525815639705258686e-01,-2.215197713595387918e-01,7.398624575376719914e-01,1.138656268902517588e-01,4.053182524074973592e-01,5.374610901126543050e-01,2.287266305567136615e-01,1.358431484442900461e-01,5.807234850443530050e-01,5.053497846355454737e-01,6.037107072303143918e-01,9.934404885632472926e-01,4.841454008027092359e-01,5.477361762324619576e-01,4.423805577136307177e-01,9.605205491480590940e-02,-2.008831188216883279e-01,8.551616969627333642e-01,7.377450449915778918e-02,-5.915797982277227335e-02,6.884448476215601076e-01,6.405206313517290695e-02,-2.295109036765345389e-01,3.214653431741348322e-01,-2.079663542652516184e-01,-2.382370688578777651e-01,-1.507706091156373884e-01,1.688166592450812131e-01,-3.265460684833954713e-02,-6.132415605902282740e-01,-3.959097515226588787e-02,5.093824837086475821e-01,-3.309292974181039515e-01,2.247555050981067115e-01,4.099717418763652588e-01,6.794059593783842166e-01,-2.962352541176570542e-01,2.141162700504232186e-01,8.132227834168078706e-01,2.780547689745771489e-01,-6.239386611014343664e-01,-4.196785180261871084e-01,6.075358098517105176e-01,-7.029758166498954741e-02,-2.052375311033600158e-01,-1.046004419955854775e-01,-1.547000974107076154e-01,-7.284928630394910121e-02,3.527320279430725541e-02,9.073195773646622886e-01,3.226503619877540974e-01,3.351854169670145239e-02,7.995629363718970151e-01,-7.610485064213784456e-01,-7.419747144709775387e-03,-9.026530568428552115e-02,9.290761460441276931e-01,6.784284747041755548e-01,7.050960773652856783e-01,7.505540550368182406e-02,5.036776770108397638e-01,4.744387430101862924e-01,2.728907649420834192e-01,1.000000000000000000e+00,5.357746242870973230e-01,-3.646559725331800506e-01,4.960782293047574787e-01,4.006336569306456763e-01,-2.038192736696141094e-01,1.710949586559327162e-01,8.812053783155382458e-01,-3.725847261139476618e-01,8.143722736956168218e-01,4.744598658876347241e-01,2.809280564283476722e-01,8.239468021625045990e-01,7.514766062186777063e-02,-5.726280917640989010e-01,-2.755136044667171324e-01,-7.427281487332283716e-02,4.509841650993832163e-01,3.309840057170354566e-01,-8.591529834391445908e-01,5.992626222618202547e-01,7.444695504989423673e-01,7.184200627708393627e-01,1.122181575158016226e-01,4.248694841055123406e-01,7.637390290762606782e-01,5.938871182840054219e-01,6.796504851920442958e-01,-9.343962090400772733e-03,-5.089018815478940638e-01,1.697673648510942546e-01,7.623726171938284280e-01,6.590987153359938455e-01,-6.817522846091350619e-02,8.235546593677931515e-01,6.850352775437109631e-01,3.868890051211686942e-01,5.336612757460585527e-02,8.274650518299209168e-02,1.733343823719956101e-01,8.021199728332494283e-01,1.286003184756490392e-01,6.162209794271894525e-01,2.257403061857376214e-01
4.783708905055746863e-01,1.459553587275795317e-01,-2.423627753266370533e-01,5.320205582082567775e-01,2.825391494115280649e-02,4.245615532858698637e-01,-3.862633966080229464e-01,4.189800567265271614e-01,8.457649317076736395e-01,2.371458445338668897e-01,-1.751138901318772742e-02,-3.822497299793617964e-01,6.760242251464876340e-01,3.875326491935089934e-01,2.131041432784769041e-01,9.274369953642242620e-03,1.689330505222272627e-01,1.000463825603904455e-01,7.344135762177125271e-01,-7.477754060827717097e-01,5.619967991402067264e-01,4.430156462030903075e-01,-5.649969990339196446e-01,1.531930993533347773e-01,4.515360379912821132e-01,-4.471821251323673807e-01,7.499798134551274309e-01,9.340404189220058440e-01,7.071851625703960975e-01,5.126482387820099906e-02,-5.613982560479443412e-02,-1.760072127741420939e-02,4.969031235390804491e-01,4.412873316057901452e-01,5.976350266894095986e-01,8.151681942037624085e-01,8.164492990932579186e-01,7.132536879947281028e-01,7.575532313574064869e-01,1.115462936276223893e-01,6.275364800588353331e-01,7.266493952388277666e-01,6.869090974475772216e-01,-2.682413171899856175e-01,7.461845084223868163e-01,-1.143375858307909554e-01,-4.629753296321078571e-01,3.391588920463052825e-01,-1.883663517375232244e-01,-8.032953171935617309e-01,-4.240206423847463491e-01,-1.286936162123580862e-01,-2.464162000319169814e-03,-6.752547441627430036e-01,3.778173320545481495e-01,8.635173067157546622e-01,-3.782493108633686041e-01,2.674977609979201643e-01,-6.965598853204305052e-02,6.443972915026482395e-01,2.537987451353470106e-02,-6.237277010086360318e-02,7.132197302712841580e-01,1.937387068521496392e-01,-6.649909915851413833e-02,-6.562347417120918402e-01,6.814027613054541854e-01,-2.971699036513066328e-01,-2.049434283743000740e-01,-7.856891937899318501e-01,4.813599303938334573e-01,7.885339421011662575e-02,-4.995347320132856317e-02,8.101414799813275724e-01,4.587620863354406886e-01,-1.213577367736270174e-01,7.753157445757905553e-01,-9.768065913901963215e-01,-9.752388652622022425e-02,-3.562301550258212823e-01,7.460737101116113879e-01,2.727697127847796832e-01,8.752889490687200125e-01,5.560198917411021124e-01,4.858123760883773512e-01,4.405275891948323697e-02,2.824756499595161841e-01,6.014313849387675770e-01,2.222387113633215450e-01,-3.161534970479969453e-01,1.474594549435128965e-01,5.120036800559363277e-01,6.770856092632522583e-02,-3.098512218144377703e-02,4.265675336439376797e-01,-5.998288051350252337e-01,6.068013552004786204e-01,4.899139600021121810e-01,6.488874760690790389e-01,7.451891942306161365e-01,1.375252471477871052e-02,-6.521168389638012375e-01,-2.760657440162335718e-01,-1.059458164901319471e-01,7.479470276513296989e-01,2.149764131721046689e-01,-2.503047699349590927e-01,4.692887793918737449e-01,5.620464414045918122e-01,7.897846709193090398e-01,3.143540107604673728e-01,7.023620315636150968e-01,6.292849082963812846e-01,2.562646715136577824e-01,6.332475630913633191e-01,-1.905675376456211767e-01,-4.177397861742572494e-02,1.620085860790124455e-01,7.382776062532346861e-01,7.579757586013519122e-01,-5.066600172944909497e-01,5.372831612451304251e-01,6.828403758188261730e-01,7.431113389112997680e-02,6.484852013645904523e-02,1.247286648709606816e-01,4.026540998957595097e-01,9.333673528378741979e-01,-1.230102329987202703e-01,6.243529815947365114e-01,2.777194879955037776e-01
-3.756914240039631037e-01,3.841784002135897325e-01,5.295551054411318931e-02,6.883494461170788781e-02,1.631529711427418330e-02,4.954571726490619721e-01,4.984029191636930867e-02,7.917261323667755812e-01,-4.296813727852104581e-01,3.811983216890439397e-01,1.530900105817215584e-01,-1.704118161612971916e-01,7.738948484652625748e-01,4.710001501885164865e-01,7.065597740294642104e-02,1.213379058896132540e-01,6.651734064700246529e-01,2.335737710546002543e-01,8.557600314591418122e-01,2.345976545897208165e-01,1.785240076191263459e-01,1.232828395475825262e-01,2.797921999538836579e-01,3.169779494208960768e-01,2.222720783711194248e-01,2.896832366917344581e-01,6.667309972138605323e-01,-8.507563101871347122e-01,5.639110071297066540e-01,3.458540255774590344e-01,-3.784332171832266358e-03,-3.027812198863555904e-01,8.568721105536937221e-01,2.989620182631170797e-01,5.983850581081836539e-01,3.631146877891339164e-01,5.827641707893049805e-01,6.513833698958356733e-01,1.639854095672678702e-01,2.850905584499799916e-01,8.757484048504461382e-01,2.066879041701048525e-01,1.000000000000000000e+00,-2.982549939514568260e-01,7.704471482414710914e-01,1.906377437916583970e-02,-1.603312769540220784e-01,2.601236597717745958e-01,8.086683735358987102e-01,-1.169318758626469723e-01,6.631951756271861620e-02,-5.251435435376635708e-01,5.739531518466759463e-01,-6.657047004151435132e-01,3.855247195532994220e-01,5.667240730448712682e-01,-7.608602296325125414e-01,1.605966977482185254e-01,6.020270432108340009e-01,8.871839411511880380e-01,3.076627029700282900e-01,8.616456115193300846e-03,6.342189833089741935e-01,9.740761337309008505e-01,-2.598807682092755256e-01,-5.746347565404171798e-01,1.801636898533282363e-02,6.581833362856122083e-01,7.095210151179723868e-01,-1.060403931734161254e-01,-5.216609376566732487e-02,-1.430342609470607214e-02,4.704846176596189089e-01,4.075300251143300634e-01,4.546502544894748810e-01,-1.907993638680711146e-01,2.570315943952309334e-01,1.368170225828368447e-01,1.000000000000000000e+00,-8.981172325692341474e-01,1.677810752618654755e-01,4.126762852127979220e-01,9.194670082313244341e-01,-1.988873562476615661e-02,4.374213554860850173e-01,3.061496172395201665e-01,7.517997062960183330e-01,-7.828831457791013415e-02,2.409751601525225440e-01,-1.431148618624174251e-01,8.390258446193830100e-01,5.909454319581118886e-01,-3.248100634872564396e-01,7.081973579620988168e-01,8.561887464499896572e-01,-3.175787141788873336e-01,5.538766367022920911e-02,7.478268422764129397e-01,3.770271091645568950e-01,8.643398152787852284e-01,9.383842963874234888e-01,5.753486962488455619e-02,1.077437278666363435e-01,-1.749377688588309165e-01,8.036139874534781180e-01,2.191488115057364516e-01,6.698633670057353717e-02,7.303704708866174400e-01,9.796441125815237572e-02,1.661380090674328958e-01,2.219979760511601452e-01,7.078283358251782342e-01,8.965622628138641970e-01,5.758827723789962105e-01,7.124521830414161094e-01,4.383723237883317969e-01,4.238587476993208591e-01,6.334997220795392237e-02,-5.131768392866747908e-01,8.156576444755309074e-02,-4.399174152611887711e-01,7.020021789427314252e-01,7.181243910656679441e-01,-7.851576495917249321e-02,-1.725159312958642610e-01,4.950831786173550131e-01,5.623516308029754551e-01,-1.869464855632514966e-01,6.298132250056288628e-01,5.227158067077602999e-01,8.087965241568173536e-01
-3.575397712318278964e-01,8.675162939083237434e-01,-2.728424897677870220e-01,8.065601459869540246e-01,-1.085567966210553292e-01,3.544567359179955357e-01,-3.230728099360183903e-01,4.350492415066257723e-01,3.494104463679729711e-01,1.812388298899395844e-01,9.909895697124622149e-01,-3.235938483645529051e-01,7.119526367876319872e-01,2.741317299146368569e-01,1.000000000000000000e+00,1.929590631874746887e-01,1.990335025026670479e-01,4.403121114500331834e-01,6.856454565393108602e-01,3.572593658270111772e-01,-2.968767891251727215e-02,-6.324195846896304429e-01,-3.584735646733872017e-01,1.836911915669364737e-02,8.146213028245605781e-01,-3.687302264463389063e-03,7.622633711406271440e-01,4.109986315215930497e-01,4.415259187400340408e-03,2.901695900855770227e-01,2.059439539680918696e-01,-4.561054703311850922e-01,6.417919751975000864e-01,6.241939126466100607e-01,4.662608148376177764e-01,6.345111359546934393e-01,4.395125456884766413e-01,6.238354439842427324e-01,5.645554683751676794e-01,-1.079052176588640305e-01,-3.478392108539626326e-01,7.974470061806785415e-01,-1.513658944908097825e-01,-6.610310874465095965e-02,7.840788793562620818e-01,4.908654341829210010e-01,-5.242173736170574472e-01,6.207592933082171083e-01,7.733249683181058209e-01,-6.111470907302715139e-01,2.838357649880152711e-01,-6.089956204170645648e-01,2.386418987581073736e-01,3.062083452842178644e-01,4.583737742311081997e-01,5.560051094476845535e-01,-1.625745177778315786e-01,2.375243214511668366e-01,6.974922665515518316e-01,4.631434624566420077e-01,-5.878919907341031426e-01,1.798010130232684800e-01,5.223368276493026707e-01,3.570135577127930837e-01,1.612460730347915483e-01,1.790860096760993614e-01,-1.644053638700652131e-01,8.431279007199897757e-01,5.061054187720116504e-01,-5.255507813449514787e-01,2.126702061672491595e-01,7.512622542151603522e-01,3.034131602292984842e-01,3.192717001440371627e-01,-3.955008306827222792e-02,5.705853079124648675e-01,4.583747968110295501e-01,6.886410866343854742e-02,-2.022462647274070879e-01,4.995155631883882452e-02,-1.115347282121682965e-01,3.196232717741548379e-01,1.673984442199238920e-01,3.302337724423677345e-01,7.829688876908431627e-01,-4.487624212866580531e-01,6.445951187573706331e-01,-2.448563282551188547e-01,5.857279337486028803e-01,-3.676005338010461809e-01,7.300401824753225410e-01,7.143456288650203989e-01,2.985625883259593674e-02,-2.316109545980518658e-01,5.090341480115773143e-02,4.143910060933864159e-01,8.233244137469106216e-03,4.227062831784683117e-01,4.972479924010786423e-01,1.981331339451299078e-01,2.881177200813268488e-02,2.856964557568337781e-01,-3.558402628298595327e-01,-2.069697300288217690e-01,1.000000000000000000e+00,6.549656684682153562e-01,-7.569879920155789810e-01,-1.003445814396792535e-01,6.614053103831326608e-01,9.448683686404212023e-02,3.700759414014627158e-01,7.321526350666172078e-01,-3.898870750410477620e-02,-1.182244128173869924e-01,7.465714922447860280e-01,-5.549190245418297168e-02,2.489380116429726064e-01,-7.350486028151908581e-03,5.081628888420695045e-01,8.037269054221586329e-01,-1.200698063089165601e-01,6.363695683575567585e-01,5.737224388748940473e-01,6.193125337811115072e-01,7.924720600793169201e-01,7.591812079591486739e-01,9.231798240738633976e-02,5.403844998498952279e-01,1.452395606083109747e-01,4.792690107963499813e-01,8.027636215430280497e-01
