6.635309190381657451e-01,3.151207993008366959e-01,-8.662911029196258828e-02,2.883190514416410499e-01,1.780973321202681259e-01,6.676244191372285863e-01,6.249812432499973758e-01,5.898531454970390442e-01,6.117429579890547586e-01,1.406232116638800045e-01,2.945526712549856874e-01,5.855336190312747657e-01,-2.498190449377477307e-01,2.347529267616698945e-01,6.343449158735323667e-01,-6.477133688447285487e-02,-5.552420001469662164e-02,5.602672194926067162e-01,7.120453638961712350e-01,-3.438305749716837334e-01,4.219868138130937751e-01,-3.893985842478965287e-01,-6.658670509381160452e-01,7.165879567587651877e-01,2.957802558616059452e-01,1.520788973007669298e-01,7.077973497989111795e-01,2.099982171875761638e-01,-2.134042399711838511e-02,6.458734158425100125e-01,-2.598454513344803374e-01,-6.112015078718275873e-01,5.060640989912731369e-01,8.672496996007883485e-01,6.161677245594185948e-01,7.395257344597935267e-01,8.075896163573572650e-01,1.975323639879082438e-01,-2.457774008060727711e-01,1.881516824771181928e-01,3.596515800048303846e-01,3.352843920683766243e-01,6.146643744339592708e-01,-1.318744902083291565e-02,5.094602585254232041e-01,7.016600488646077549e-01,-2.788741888946256187e-01,8.943522276475709409e-01,5.925109062799777115e-01,4.601871233130414574e-01,2.219916315374951821e-01,2.731649621907609182e-01,-1.830936444315355016e-01,2.721488593744358919e-01,2.802929009369629076e-01,-2.114785198261331378e-01,-6.637051713154955568e-01,-6.917722670550810471e-02,5.025926064982222385e-01,4.529851793360515910e-01,-4.802192827617508541e-01,2.592717212408424121e-01,4.259151201993258695e-01,2.254925666549241758e-01,4.004562349347007277e-01,-4.388338198092592846e-01,8.994712163887118583e-01,1.492453500368749741e-02,8.555917811217194080e-01,2.250451756005379667e-02,5.249613821130660885e-01,-1.007042024606647074e-01,5.818858820763267437e-01,2.431714896189432484e-01,5.760270632465941398e-01,8.430256455812308314e-01,5.755362565916266604e-01,-3.774387318642086209e-01,3.442462406076613468e-01,-1.554902235892576152e-02,-7.211955868916988810e-02,4.248738371754935961e-01,9.466781052929124085e-02,1.505888747263401661e-01,3.065110948875822694e-01,-1.505322161472172904e-01,1.864799308509297593e-01,5.471682438832110688e-03,-2.312434461705844824e-01,-1.535669032963809799e-01,6.659434564902568798e-01,7.268875345866998572e-01,-1.344004721249515977e-01,5.956084297354072854e-01,1.657390971289704751e-01,2.095141587295827335e-01,8.150654601711357916e-01,2.147390136427255181e-01,7.627786280037188726e-01,5.260152295733628441e-02,2.692299053019379107e-01,8.790284248795149358e-01,-5.542725097305100102e-01,-1.389528627734713528e-01,6.400079345083988791e-01,3.582431803504486645e-01,-2.891834686752423611e-01,1.501018139790828432e-01,6.788376222024523621e-01,-6.532392607831923048e-02,8.319344532154147043e-01,-2.436145706243988129e-01,6.612726251209986028e-01,-6.453073364228091302e-01,8.842666795681961567e-01,6.150313879204688527e-02,5.021465713160013777e-01,2.325541735595017534e-01,5.909550393186141504e-01,4.003170370695302571e-01,-5.659914157892900199e-01,7.160790953611717580e-01,-6.485005176997443721e-02,6.894494710021547013e-01,-2.785035585846284412e-01,-2.302279328266431946e-01,9.987219157915751266e-02,5.542514864524030749e-01,5.396188078045371928e-01,-4.097349097823027586e-02,1.889058277634849403e-01
-1.378414771337056477e-01,6.727506507375216049e-01,-4.494588134763589093e-01,5.405324574456860098e-01,6.061586496010047398e-01,5.199234419914477989e-01,-3.113808075412654031e-01,-4.132294618788554530e-01,8.273879740621843393e-01,3.683042361105413609e-01,2.711860493821859897e-01,3.470958575906302190e-01,-2.545683250633797856e-01,8.187362178885864150e-01,7.243174095211715735e-02,-2.038779595253401022e-01,-2.054588653045961166e-01,4.497909414250235161e-01,7.840206610299491619e-01,-1.776690074747873938e-01,1.532597037337883328e-01,1.518875249736124922e-01,-7.832627104445153421e-01,6.180933642964323571e-01,-6.044417580302955534e-02,-5.936143698009852532e-01,1.483770012192835441e-01,3.140072274835510324e-01,5.722293312562833079e-03,2.428652219377503141e-01,4.097129902195050244e-01,7.838145256862681653e-02,5.878570948075176883e-01,4.879697353007228511e-01,-3.633769881509949506e-01,1.397629065348778565e-01,9.683598507409105216e-02,1.287690354806110826e-01,5.833749462207775682e-01,8.817174434584053033e-01,1.037866484730429195e-01,-1.654724702662496438e-01,-3.478636394720506786e-01,-2.785350354072374524e-01,7.305952143326958081e-01,5.488267494330876239e-01,-5.426327468094808149e-01,6.917157106560430924e-01,-2.448203975872781379e-02,-6.682557632021181027e-01,-8.308727079609639077e-01,-2.562304962681474438e-02,4.681021764699846432e-01,-8.435766453031855461e-01,9.465318819040200449e-01,5.120648906383363785e-01,-2.345528645864768391e-01,1.486168241160381598e-01,5.154927920854842638e-01,-2.190660265959470665e-01,-6.708475111854354800e-02,-3.413576481026302512e-01,4.069547412881169279e-01,6.995156471070101967e-01,-4.860792476531748951e-01,-5.498171330799911383e-01,5.866287811728073676e-01,-2.473326558399389918e-01,-2.563319535556283224e-01,-7.306660797567233745e-01,1.781011096175684760e-01,7.439183262221022996e-01,-7.789443246602396898e-02,4.200494756839174837e-01,-6.019150550467802091e-02,-3.667066969045593705e-01,7.870205518903174990e-01,-6.846266687191893130e-01,3.727394295273171454e-01,5.104499022064500346e-01,-1.325491703440964952e-01,3.317996279072167876e-01,7.950744586726808949e-01,1.231455651604438234e-01,8.162603021123931990e-01,-1.763704647027159456e-01,4.921675797847532320e-03,4.500590164767402368e-01,-3.783935726648390285e-01,7.514982241754843972e-01,7.656903722386785294e-01,5.351188818710841399e-01,-7.383954178100135546e-02,4.095402701237643162e-01,7.453469506759456964e-01,-4.191311069178026982e-01,-4.154814266476926365e-02,3.326216442896519077e-01,4.456382184392918555e-01,4.937769611037285400e-01,6.844024730222115771e-01,7.342704685418571797e-01,-9.760627595155588754e-01,8.209006707444987949e-01,6.773013543475325804e-01,2.680346730828370716e-01,1.809287930087211116e-02,-1.180504359273015780e-01,5.342203540533729117e-02,-8.227036277562309319e-02,1.344713798505363933e-01,6.228095264982010937e-01,6.503676939673520563e-01,1.352363342865453844e-01,5.183445312227497048e-01,6.791323879031485600e-01,7.445838273986656874e-01,7.265219191625159612e-01,-6.241923359842269786e-02,5.179469154332919656e-01,-5.588526158931679255e-01,5.115120742464108750e-01,4.297743706532466956e-01,7.168955901296490962e-01,2.126533807456940095e-01,5.881586653171497758e-01,2.189863061243836062e-01,3.444808896535956344e-01,-1.693531486459806112e-01,-2.154310353154698654e-01,-2.583667641517426242e-02
-2.282200891553905209e-01,7.541958289041348351e-01,-2.020048224926958014e-01,5.347183414311895699e-01,5.686778980185904775e-01,5.495614624975926343e-01,7.172804197871400500e-02,-5.712130051550303733e-01,5.031685407754930006e-01,4.342509488870044954e-01,4.043662729478597062e-01,5.643569734974070995e-01,8.980533263747376982e-02,1.891684860875958718e-01,1.285820716958109566e-01,-1.090113850310622523e-01,-2.152192129425107014e-01,-4.164067820540674758e-02,6.536177995937934027e-01,-5.930463437524862158e-01,2.094761276966774499e-01,-1.792969815103437684e-02,-5.165896744389908424e-01,5.576370191905752893e-01,2.680679287847448009e-02,-4.973648651277488009e-01,1.985467870980061819e-02,-4.918748174725854905e-01,3.905639133507285976e-01,6.042859938495616090e-01,7.234938272311297602e-01,9.411448648389070248e-02,2.708374311417187652e-01,5.555964420356847011e-01,1.557312498034208736e-01,1.842863006263471271e-01,6.713675481160288339e-01,-3.934608050087940595e-02,4.773440030419974778e-01,8.027691931576960149e-01,-1.122608062776191268e-01,4.179614746046194651e-01,-1.205915434731085201e-01,-1.199967593660982157e-01,7.193420737336753135e-01,7.095641844582575297e-01,1.422428604807863817e-01,4.942923566960571446e-01,1.391818142851689588e-01,-7.255832579864323062e-01,2.619449293444820609e-02,5.988987937025546521e-02,6.036451799575369703e-01,-7.288333253583165749e-01,5.176992314537466333e-01,8.247685797933337337e-01,-2.374136892293167433e-01,2.584170039084917464e-02,6.269090156312600026e-01,7.956922875719361909e-02,-2.848380014977235364e-01,-4.610689813165972373e-01,8.323096042182166476e-01,9.168890390949144820e-01,-2.615266880869729360e-01,-2.513204438155162146e-01,8.629640871667897395e-01,-1.816639012700415612e-01,2.172260913250081693e-01,-3.736862202152393952e-01,-5.618799103059889388e-01,6.783786052334067618e-01,-2.688395459752560557e-01,5.870790936235167345e-01,1.623491508418472840e-01,-3.378962642324604415e-01,3.871032724932081948e-01,-2.094995476687152858e-01,5.708923025377530269e-01,1.308369663073133959e-01,-4.920197165364936787e-02,4.006282506241865549e-01,6.979186100244809676e-01,3.517508437548427791e-01,8.147274940877755611e-01,6.306548108003313946e-02,1.921877902185799292e-01,5.315492735334144125e-01,-2.180417561434492002e-01,9.660546228788911005e-01,6.220664110620126586e-01,7.206036469506836850e-01,1.022909215777992736e-01,6.266401797374920868e-01,6.633830836141844101e-01,-4.682420665268099969e-01,4.305515071137701322e-02,3.464592748315182269e-01,3.703842633341846713e-01,2.515959236254304843e-01,9.232542507617982341e-01,4.619555414741234878e-01,-6.640288865449094080e-02,5.856352812395347884e-01,7.087023983353434309e-01,3.273021938014482046e-01,-3.223838263334992404e-02,3.807221491809359426e-02,4.875507483328320180e-02,1.381901715088214022e-01,1.782906831414079740e-01,5.861277722313193994e-01,6.552293421308834631e-01,4.922893371609672331e-01,2.563499710043453672e-01,8.536301098089903450e-01,4.512656450949707465e-01,9.139750072299900330e-01,-2.059129975687263303e-01,5.511847835140111229e-01,-1.744170704795631743e-01,6.676797398926486160e-01,1.000000000000000000e+00,4.232068910371646897e-01,4.023150895800342575e-02,6.132925128592064956e-01,3.678343162301507818e-01,4.455006278415999388e-01,-1.042762788310911820e-01,2.645597511570161875e-01,1.836910372014505244e-01
-3.465997433807971873e-01,5.124380912663990539e-01,-2.871691981942161020e-01,5.185866987077909496e-01,3.379848627835825847e-01,5.806688952442041751e-01,-1.532814840406460377e-01,-7.755702060559239719e-01,5.553351221752367284e-01,-4.130216819756741577e-03,2.301949923001465892e-01,5.564125944140141389e-01,1.976121433924286075e-01,6.127054472664080764e-01,1.842653998598484111e-02,-3.750789214719621456e-01,-2.801093535253263433e-01,1.311674572574791087e-01,6.220574312493981628e-01,-2.657663313382727654e-01,2.302627411674935676e-01,-4.768634737178431560e-02,-4.322153366413213904e-01,4.728987710842999515e-01,5.177700426531160749e-02,-5.866345737180682640e-01,2.074915980744940769e-01,-3.854121984822944658e-02,2.811737147901770262e-02,2.075436455726204499e-01,6.592838781120534675e-01,6.261408769217600978e-02,6.005023505518597426e-01,3.557796164764036040e-01,-1.888237708875684373e-01,-1.722405606375879417e-01,5.222546876466955812e-01,1.721841528651729403e-01,4.626448304240659559e-01,7.247179624750620386e-01,-2.887298916116113889e-01,-8.310268541623004254e-03,-1.702740825868093444e-01,-8.638195658869583793e-02,7.101383740284556989e-01,6.467099537305452950e-01,2.051099881981458539e-01,6.493476920574461353e-01,-1.470733258632615781e-01,-3.710293286787185174e-01,-3.630810269716132632e-01,3.614413530695466670e-01,3.432919810124459570e-01,-3.908464684494006303e-01,4.068356094468151829e-01,6.157103688571694544e-01,-2.689263185637695841e-01,1.277078493401755666e-01,4.083167782950438141e-01,7.059800825079035058e-02,-4.471201070975827641e-02,-5.662439208922430689e-01,4.948837747893921057e-01,7.099351690658903813e-01,-4.269343758224227181e-01,-7.354893488368807741e-01,5.746224393901369076e-01,-3.399039409623939023e-01,-5.950329004335211391e-02,-4.261082905442949986e-01,-4.727477383808251221e-01,6.408796659789134376e-01,-2.910742416739345861e-01,5.778854985546560963e-01,-3.076217693836501010e-01,1.970503376858987344e-03,1.869981748043622882e-01,-4.195249429051915446e-01,8.620574441069838167e-01,1.533913077843328254e-01,3.082318272849201568e-01,4.969514045190867035e-01,9.820074699272682839e-01,3.859179060858720089e-01,7.086599828873770823e-01,-8.122582952537088508e-02,1.314875671231656162e-01,5.549410677480567378e-01,8.830670370469570485e-02,4.756483575902170635e-01,7.338515017394032780e-01,8.120516499215790773e-01,-1.627558897340548594e-01,2.130955070699510900e-01,4.581167880043189866e-01,-2.806825456478276304e-01,-1.211760850195155309e-01,5.371043043296247488e-01,6.910492258553337930e-01,3.057552027563211761e-01,6.838301268121602661e-01,4.613374577029509815e-01,-5.635455594496547871e-01,5.194129918015628622e-01,4.739692871171443667e-01,2.264745957170254398e-01,-3.629796233386861637e-01,6.209382601869862794e-01,-1.696507928701869172e-01,-7.009889654194861527e-04,-1.499162223370835434e-01,5.648791621564210885e-01,4.863076738351256867e-01,4.439253523554003156e-01,4.754584809104257515e-01,6.113568406299051405e-01,3.267550595734511898e-01,7.650691885055578290e-01,-2.244283410847902893e-01,6.183378311631346769e-01,-2.704540156406062823e-01,5.574671429545460244e-01,1.279338676336950163e-02,4.792585367552286701e-01,5.547837220732759062e-02,6.362637967459190413e-01,1.995717362555667895e-01,4.662988526555992275e-01,-1.988520975260507084e-01,-1.532873230052766468e-02,-1.350386169593191799e-01
-2.222203636068333099e-01,8.715216636626954561e-01,-9.135120077340000977e-01,5.082539742335981936e-01,3.288307981473657104e-01,5.905844790921659371e-01,7.826294159662692262e-01,4.609264315922891875e-01,5.121572405194519881e-03,1.298371844072820080e-01,8.448572573171644340e-01,3.928735735539973239e-01,1.743408275282372355e-01,5.919015387556414431e-01,8.447383529929606422e-03,-1.182936307270584519e-01,8.844216509456840347e-01,1.544036228136063948e-01,4.580881383976369570e-01,7.131648049169933001e-01,2.140886646383893255e-01,4.003845619336501849e-01,-3.319637381372589902e-01,-3.512513692163516943e-01,4.271337509131830634e-01,-3.772697474035616172e-01,7.365883064533227387e-01,-6.022637267095618668e-02,3.144897797860675137e-01,8.739091984624364207e-01,-3.349297335842106507e-03,-4.557063577280214828e-01,4.765645783023473858e-01,6.468778908635934854e-01,-5.347383550177658290e-02,-1.134142558680487078e-01,7.081457638742045813e-01,-1.208412627316655802e-01,-4.245644847029027003e-01,1.510897745104039513e-01,4.723683820639686393e-01,4.966535790972986808e-01,-3.832868003645679145e-01,3.790690318248509105e-01,2.345410281938477837e-01,5.944687895734031002e-01,4.208532847154564105e-01,6.021330854968740542e-01,1.678343579094191407e-01,4.770661782297987846e-02,8.799054978674611394e-02,1.427497053210753097e-01,6.870911568277272563e-01,-5.463616625800449267e-01,2.704741743138961430e-01,-2.559529810807680272e-01,-6.882202426113812610e-01,1.315159703225923793e-01,6.156154446056858465e-01,4.295228588730067715e-02,-3.878829314730991018e-01,-2.239811182329134176e-01,1.622301652799147675e-01,9.904752435046820791e-01,2.147362977074484536e-01,3.785200553655431732e-01,7.442266417307610293e-01,1.255965864418128741e-01,-5.157048624876044152e-02,7.153476358189636564e-01,4.396427869938071553e-01,1.077287389207459978e-01,3.665494043730991303e-01,6.168068253298372161e-01,3.892998571036128119e-01,-8.797369867966076118e-02,6.797099739635039661e-01,-1.000000000000000000e+00,4.386167604782876261e-01,3.928372404206766366e-01,7.106861836266313848e-01,8.574006761123210696e-01,7.158831683390786127e-01,1.242402827977209662e-01,6.859596074450280412e-01,-2.433347349809581728e-01,4.857341674844848911e-01,-1.232429920479343952e-02,5.518541096224466314e-01,-4.016069266071960464e-01,-7.964482525837363047e-02,8.012949027112470368e-01,-1.934005133030428369e-01,6.127273752599772250e-01,2.822912406372059535e-01,-3.439846430255401044e-01,6.949324099300527857e-01,7.386777046039887384e-01,6.539848892250345047e-01,6.014955295571930982e-01,2.115946602876294658e-01,6.399651350506583292e-01,1.576343912068875822e-02,-1.046896036446714334e-01,7.158574556695750379e-01,8.559840375001549484e-01,-4.367383431634795365e-01,7.905868139227768543e-01,6.702175547331790106e-01,4.051612636377798782e-01,5.154339716002180882e-01,7.976550127666781620e-02,5.421682678375356890e-01,4.400875014433479615e-01,7.375095679689268602e-01,-3.049852345041683677e-01,5.071141716939017163e-01,1.027908328624750484e-01,-1.549149070432880304e-01,-2.756499684439486786e-01,-2.091694402434386424e-01,3.887356375314709456e-01,-7.892122858246786166e-01,7.609847681475584436e-01,8.712133173204281156e-03,1.783429271834629792e-01,8.154192523295734629e-01,7.522582024417634461e-01,6.461483702510619764e-01,5.629358798135452036e-01,7.642850772780890312e-01
-2.792733260938086159e-01,2.181878086346054624e-01,-1.386147751153468943e-01,4.712247986895653495e-01,-1.915671312696215142e-02,6.572901864280917827e-01,4.741984777260528361e-01,5.328405900540988949e-01,9.189852328389017111e-02,1.877374768327661203e-01,5.929633430778604719e-01,4.581160325087387242e-01,-8.333939072298937600e-02,5.574101153976052103e-01,9.915652312971165450e-02,2.835394379064282711e-01,5.913040196533336790e-01,-4.056940011761979714e-01,7.088414911410590991e-01,6.638146819174157720e-01,3.732822379367696231e-01,-1.941828044761272631e-01,-3.240770344371802225e-01,3.263707040209820609e-01,5.783484623653298851e-01,-9.705106230315559135e-02,1.000000000000000000e+00,3.526022041320209799e-01,7.727496322597271483e-01,3.083238234860998794e-01,1.534560190015102632e-01,2.007219483087888806e-02,7.266337227928576503e-01,5.497145833420511440e-01,-1.893011379491938151e-01,1.176262897952569803e-01,7.025184445229906149e-01,-1.165556600276953791e-01,-1.058041494254040732e-01,7.603464433367308761e-02,6.427052309463856528e-01,-3.583103880148048870e-04,-5.048591730776428310e-01,3.465111707709266908e-01,3.359270266159146145e-01,8.879014373695363060e-01,6.281338193481855736e-01,9.568791925907389473e-01,-2.639904377428207161e-01,-7.438487930419493410e-02,-6.958931056614555688e-01,7.216853456147171997e-01,7.688627617720592555e-01,-7.387789670947469967e-01,3.288885216455801341e-01,1.396186268634196370e-01,-5.860083054976777950e-01,4.092724054752087254e-02,4.691592084844451449e-01,2.850926939294773921e-01,-9.287061584986940066e-02,-8.322559421961368553e-01,2.684060920608306033e-01,5.586154864106336326e-01,-5.159177188057999519e-01,-8.881613579425060023e-02,6.644523255045717836e-01,-2.888535226736010375e-01,-3.801753101720451999e-01,-3.540242074786241755e-01,5.853891756645509536e-01,1.510050445006576592e-01,2.170778651527123515e-01,4.683069590432627494e-01,3.698243626076508916e-01,-1.186068148426692032e-01,5.149116827020538967e-01,-6.334003243558155027e-01,5.711103010235470956e-01,3.320157415510938681e-01,-7.918053889861784156e-02,1.000000000000000000e+00,9.622403802295822484e-01,5.968881382413948611e-01,9.121088304213134101e-01,8.021193662939549163e-02,1.964337498668123072e-01,-1.427423613675825875e-01,2.197761233673247439e-01,-5.201411133036701884e-01,1.726383688061765842e-01,8.345076103681725588e-01,-1.386287795844624339e-02,6.260059527601943286e-01,2.602954163741653670e-01,-5.746370864524005806e-02,7.714930334595794248e-01,2.478555252426865307e-01,6.700868373402583122e-01,6.005368983233053681e-01,-2.432495848123678583e-01,1.429225990744340535e-01,-9.012981585151458308e-01,-2.010782865683871830e-03,4.910649494718852814e-01,8.382818493963583029e-01,7.312949628992441477e-03,6.624415271468558908e-01,4.171655809196803122e-01,6.909813915738769463e-01,7.889458495909898450e-02,-3.404403115772615673e-01,7.859581361871668115e-01,4.709734185704382292e-01,7.524161618083110570e-01,-2.853293689669779143e-01,4.907859965855282391e-01,1.885699715342858129e-01,-2.365342096638210767e-01,2.851657087983057795e-02,1.426802805723570780e-03,5.674541329627076358e-01,-1.518336215489652086e-01,3.430812621667974627e-01,-4.723157819588614387e-02,2.449147323596576331e-01,8.115190756615220380e-01,7.513856098082576374e-01,4.408615738819476326e-01,3.768637071354866697e-01,7.045807837556417041e-01
-4.012231205596685779e-01,7.156678215321387038e-01,-5.392194659030647569e-02,7.564937468329766546e-01,2.727564063358849378e-01,6.937574672630436590e-01,3.536855107190358533e-02,-7.231785924850357983e-01,5.253612980236632701e-01,2.901002629512179909e-01,1.908038940569322106e-01,6.519603574792244283e-01,8.762542481787705118e-03,6.117296132788802021e-01,1.352204167854504646e-01,-1.497828779256611675e-01,-1.493772638162613464e-01,1.122128418272331785e-01,5.618874129914840365e-01,-3.676979591258894287e-01,1.865176164078696519e-01,2.125738136502174913e-01,-7.052253177135057172e-01,4.822517605415756470e-01,-8.279520165426258738e-02,-4.506264310906825665e-01,2.187991127881838416e-01,1.761549891435841286e-01,1.939148384622596810e-01,2.318638306035808450e-01,5.899239094537782613e-01,2.560588108389248996e-01,4.271418628518346416e-01,4.250577000749379275e-01,-4.140644477514279775e-02,3.716898734051670566e-02,2.836254227986885756e-01,4.948086809887676241e-01,5.416195842291807727e-01,6.205239526074394218e-01,1.897201150773693973e-02,2.628267229531296989e-01,-2.266323852210014866e-01,-2.101787597898711890e-02,6.594918277921433258e-01,7.484708828489455845e-01,1.525034059727325628e-02,5.052038082613145020e-01,1.395909229178519673e-01,-3.984903629057798269e-01,8.883149894506324473e-02,2.963233728228221175e-01,6.873389612791958037e-01,-4.531896041483658988e-01,7.659786315040522098e-01,9.453784095476277516e-01,-2.566195943395698786e-01,2.335946066809067856e-01,6.744014635611853548e-01,2.163391741148648906e-01,-2.216640629045490696e-01,-3.545170579275572775e-01,8.947555580692017063e-01,8.047368421587328680e-01,-1.836736065882580149e-01,-3.356478252924302019e-01,6.279272268402736890e-01,-1.313081339456974583e-01,9.454268785866420943e-02,-1.894683820887931580e-01,-5.006799140483677579e-01,9.012116169643794583e-01,1.583717771559444987e-01,8.176626696148189266e-01,1.351008131346849717e-01,-2.125571770419291129e-01,5.704179555864301587e-01,-5.586690587387479479e-01,6.554871989150899969e-01,4.353827869418774310e-01,3.054952328238242920e-01,4.621930798231607129e-01,7.546366136901806465e-01,1.156899665738604088e-01,8.881235478438477271e-01,-3.490169744094117482e-02,1.016875378673984809e-01,6.317341841468586683e-01,1.073332750199775497e-02,6.425682460811781294e-01,6.306107247632944945e-01,6.563688274340128137e-01,-1.174977037857078133e-01,5.704262163710873690e-01,6.214451177649227276e-01,-4.236239910526848895e-01,5.873658489917542302e-02,5.263898576579386646e-01,6.411763186442239748e-01,1.482840152908004028e-01,8.224224400179876993e-01,8.279614233857705008e-01,-1.142592169893524440e-01,6.585340408041416849e-01,8.033024028203226141e-01,4.291523840839150394e-01,-4.261772223300081541e-01,2.085519870247489471e-01,1.508186443603004023e-01,1.329861906438133956e-01,1.406672367679610014e-01,6.163385639174792097e-01,5.891526901569587027e-01,5.920603126017557338e-01,2.808950394166041531e-01,9.231500073642173732e-01,4.184955283766850220e-01,6.025729532852301951e-01,-2.313474579759046135e-01,6.207124293518898606e-01,-8.391131183840122576e-02,5.941320011440945903e-01,3.486485449949403570e-01,3.097973608753417096e-01,2.166880079845722243e-02,6.627767087230245213e-01,3.175228188746465063e-01,6.748536752396534499e-01,9.849589798128737320e-03,2.417567988163287773e-01,2.241073527590181358e-01
8.261370199439093120e-01,2.779786297864694222e-01,-2.995816407303575901e-01,4.632367992489492270e-01,-1.098359733668118343e-01,3.790548139459458121e-01,3.103414279448475366e-01,8.560020875063723000e-01,3.957493871421070009e-01,3.533367479364001862e-01,3.567191398081008824e-01,4.914132384322972280e-01,2.897639421064617249e-01,1.803954701473792777e-01,8.525997895233694557e-01,3.625623431510671679e-02,2.455460243253092256e-02,4.725492140870923286e-01,7.244281101503118325e-01,-1.412315128561385247e-01,2.501747048805574858e-01,-1.000000000000000000e+00,-2.618903374672533757e-01,-4.423946140423681839e-01,5.780333692547872104e-01,4.770683507302732052e-01,5.661176623210893988e-01,7.122614404510722030e-01,1.310143792863380230e-01,6.691153656742127032e-01,2.115675271187893169e-01,-4.006832182793000907e-01,6.406396951747773683e-01,8.364118409265501874e-01,1.655375168168833622e-01,1.000000000000000000e+00,4.165679964148029102e-01,-1.832653948999764248e-01,-2.836060898234708527e-01,-2.057718495004844661e-01,3.891235878103657120e-01,2.305441888384577309e-01,6.341552078655088298e-01,-2.214404292599658208e-01,7.566752898931563553e-01,7.637401621688102438e-01,-3.006029976659707059e-01,5.069295243777933724e-01,6.671073879974849241e-01,-8.098194407737333012e-02,-9.083087610531789813e-02,2.000246588590915697e-01,-2.668532541257917501e-01,1.180827594384939311e-01,3.983612354228745212e-02,-2.675470710215810954e-01,-6.039279748567691897e-01,-1.014988538633755828e-02,5.247511076674901132e-01,7.145321241622183406e-01,-3.563175458422793151e-01,2.942926033585617773e-01,3.341447309511699770e-01,1.372966845632429267e-01,7.286935872247561619e-02,-2.903399210153383980e-01,7.520227720520739068e-01,-6.321591994150875526e-02,7.200521800230432756e-01,-7.171058037843029975e-01,-2.419073199560308196e-01,3.710970321804094030e-02,1.213649295793544775e-01,3.733274759203321636e-01,8.256161504795813677e-01,8.904474082308799776e-01,5.739027315101683513e-01,-6.427275803971194135e-01,5.695298540090368844e-01,-3.061396654103998305e-01,-3.616441899675794380e-02,5.431128264739555345e-01,2.513708583978396804e-01,1.000000000000000000e+00,2.914891037665097717e-01,-5.075643228570240195e-01,3.009942613488240243e-02,-3.002315443439438347e-01,-3.417822019087518037e-01,-8.837999028349670383e-02,7.693965979531425248e-01,4.609767973665709895e-01,-1.506738832722836208e-01,1.869616243593467397e-01,-2.043538721466908736e-01,4.293801938996891221e-01,7.648227300358171332e-01,4.027894119237278026e-01,6.966954846799223722e-01,4.000176290213035002e-01,1.257153504085788409e-01,1.275487557626978352e-01,-5.112097366358272499e-01,-2.231018816272293259e-01,3.323590928604995831e-01,4.034878185808407625e-01,-4.950105513676187341e-01,1.746186310798608643e-02,7.678486950277592094e-01,6.046196409955409412e-02,8.600472395370012402e-01,3.957592935644369675e-02,9.608690465273620473e-01,-1.766407987494381937e-01,8.575567294122621309e-01,1.421556960295892735e-01,5.309155556211869742e-01,5.603098769642331570e-03,6.007653835363861994e-01,3.860062135720142562e-01,-1.410084381470638193e-01,7.353142088472424120e-01,1.723949751314104717e-01,7.794576926226766123e-01,8.203764706763692904e-02,3.513703380755586053e-02,5.007530524389736809e-02,1.500268052536855579e-01,4.239275983219185084e-01,-6.890861828592330374e-02,9.205877483283485263e-02
4.641031507641441012e-01,6.418552087556061991e-01,-5.018852654899835786e-01,5.851000808713802126e-01,1.121499968446546258e-01,2.291025940041865605e-01,4.600466959779746512e-01,4.921648382517868764e-03,4.044535738126617819e-01,2.686422139945985887e-01,1.183273323452113390e-01,5.238928848756999601e-01,8.866476325341869635e-02,4.991278786139022872e-01,8.993903900429207621e-01,-2.929003669547391997e-02,-2.850617856483090781e-02,2.214802146133562633e-01,3.554580618415703608e-01,-2.641074344129629159e-01,1.150327930305317242e-01,-3.680196983328991034e-01,-7.758041341888770592e-01,4.320295850699069629e-01,4.103093468206996386e-01,-8.217559248978155081e-03,4.169430681998735899e-01,3.590693407490368472e-01,1.969966035426199136e-01,8.797016633984556799e-01,3.459820739431265085e-02,-8.126084837839083752e-01,4.385212117805798449e-01,7.432351957110633345e-01,1.000000000000000000e+00,6.777589532671089989e-01,4.966661638655824884e-01,1.790677020183380486e-01,-7.789630859860180445e-02,-1.271063636182949430e-01,6.633700262591900598e-01,-5.620604600602991524e-02,3.864483071065311637e-01,-1.409336071852120287e-01,7.856032042848437591e-01,5.865415471319548324e-01,6.603071593867067268e-02,4.494914370157097605e-01,6.957145454192323886e-01,1.554916560264458236e-01,1.000000000000000000e+00,1.723104517489164322e-01,-1.853334635820767240e-01,4.298250690672836272e-01,2.439082395539896031e-01,-1.074280442948431502e-01,-4.940465788894990995e-01,1.417390962002301191e-01,5.232824394864656892e-01,2.875683480768687628e-01,4.046043707013313728e-02,3.291558717811053358e-01,5.171926401615469793e-01,2.569111505147168018e-01,6.037741026260039501e-01,-3.236284223432771556e-01,6.529342408520830698e-01,-2.809020567240175237e-01,5.577741126307986796e-01,-1.513070679848297073e-01,8.298993717327718400e-01,-2.853439078011173538e-02,7.540357996950913799e-02,6.280605195839011889e-01,4.854083328533843611e-01,7.649158599238826683e-01,7.521620394746262317e-01,-1.356662948907255417e-01,2.701683420869833152e-01,-2.172451228292695269e-01,-1.821020204766290729e-01,8.672209152834911561e-02,7.945587665307182745e-02,-1.814347654464006435e-02,2.841927893231054880e-01,-5.583126345346006714e-01,-2.349214820797664582e-01,-5.549311405836732103e-01,-9.970262914238468832e-02,-5.397442558217357966e-01,6.777581470738405223e-01,6.859694367320041675e-01,3.091889723820980818e-01,3.938574263400755338e-01,-1.444691244864081681e-01,3.358371055905007285e-01,7.855635719898630409e-01,5.623825916640824429e-01,6.581833117444304548e-01,1.007032499980384382e-01,2.605505706702309632e-01,6.606066583181093854e-01,-7.109921791123151313e-02,-1.900880509150923992e-01,8.175165735260416788e-01,2.797600426774524141e-01,-3.564479674244083046e-02,4.136196108381035574e-01,7.967963713359790257e-01,8.199402517551697411e-02,9.299758740598526030e-01,1.243822534315174450e-01,8.555317486239556457e-01,-5.660496303380694316e-01,6.035299861775503816e-01,4.491312728726196135e-02,1.792880366022193694e-01,1.471446825588463569e-01,8.508303237406937836e-01,6.050039847321996289e-01,-3.553842731851961090e-01,3.998647605427960716e-01,-4.527684921914262861e-01,4.741342485985912125e-01,2.405132159037757233e-01,-1.112128820860796979e-01,-6.188333654283038193e-02,3.459197529008886107e-01,5.656255679856936336e-01,-8.277371562982820119e-02,4.587244265838585910e-02
-1.883275773029282618e-01,5.668943479936979779e-01,3.091761557450436460e-01,7.338760596133365732e-01,-4.106629465179667537e-02,8.683210803414463941e-01,6.549541280605372107e-01,3.993790676172411236e-01,-3.281319065969166004e-01,3.958433404607512029e-01,7.466312601712759012e-01,4.892269808903696449e-01,2.624157028205033049e-01,-2.902688876216123585e-03,2.446400129446715255e-01,-7.049514681506779956e-02,9.460314919295589320e-01,-2.180118456811950822e-01,7.054946794535048582e-01,5.995412581655509277e-01,1.333741292877352325e-01,1.142333493731995941e-01,-7.902572759670213332e-01,4.894403560170040857e-01,3.432333521441552349e-01,-1.000000000000000000e+00,8.221626329158795432e-01,-2.110761960903621004e-01,6.273858943425080215e-01,4.142252293937457863e-01,3.933625536800292033e-01,-6.347363521775014616e-01,4.150140783163381308e-01,5.684531673328777623e-01,3.197692035190006776e-01,1.982450935685448612e-01,8.203415437546858202e-01,-2.601784771948247310e-01,-2.704944052096289187e-01,1.720976431475021440e-01,2.176214398885055745e-01,8.442612025289807087e-02,-6.615045425066701235e-02,4.570421663939744361e-01,5.347272480177467369e-01,8.500131971159978761e-01,4.940041223287110483e-01,7.288753054849650415e-01,3.025253935920239889e-02,2.046594688044936217e-01,-4.421219781429671647e-01,1.911468217915520962e-01,5.995544787297073519e-01,-3.554419206892976413e-01,1.667031276300726395e-01,3.426676179490650842e-02,-6.880419067456614579e-01,2.688645172672260442e-01,4.714190975444361165e-01,4.067186018107706302e-01,-2.423143046337021267e-01,-4.447072911727575906e-01,4.078202962437951773e-01,8.493652765676094063e-01,2.357420711963658100e-01,-5.286864297982687977e-02,7.947980758249507671e-01,-1.943732668518955153e-01,-4.588255823402324907e-02,4.438537696757434703e-01,6.788824275582261425e-01,-2.333851483743985475e-03,4.488975336137444594e-01,7.788073124176659867e-01,3.745173291960962048e-01,2.953445507100094791e-01,2.857302044888983608e-02,-8.439214975553259723e-01,4.734869680962031091e-01,-1.473562314309353471e-01,3.974692517874391373e-01,2.579147508394804555e-01,6.331074364135922394e-01,6.395543077959739975e-01,7.496619910214448179e-01,2.338441992437755024e-01,3.911570526841560147e-01,-1.014048664957775819e-01,3.859451813901035866e-01,-3.115308952256417574e-01,1.245626468895713324e-01,6.364390605823084801e-01,8.694179729401979584e-03,7.977491533163245663e-01,-1.902541227549994773e-01,-7.591780830211218856e-01,7.820542302121011868e-01,7.132057233591425627e-01,2.967599384715173816e-01,4.623632248749542928e-01,-3.109599009098116748e-02,8.203295808943203982e-01,-4.078439144882119449e-01,-1.964090237754645696e-01,6.134872889937997842e-01,5.891829403898042328e-01,-6.240967658813765251e-01,5.731875061569509100e-01,5.643661350871234106e-01,7.315408232291522594e-01,2.471329800669209986e-01,-4.540535954393040696e-01,7.760195925182341581e-01,3.917991555369956247e-01,5.964527447183805009e-01,-3.621096695943163968e-01,4.830030502395154524e-01,-3.206820828826142250e-03,-3.644474231455857582e-01,1.320815179552270457e-02,-2.110496210064488620e-01,7.574009272521154967e-01,6.260310476327636542e-02,6.236496860234185258e-01,4.831535207863181178e-03,-6.879090566954094987e-02,1.000000000000000000e+00,6.532164926092834945e-01,6.817514082234967798e-01,1.000000000000000000e+00,5.902167060344254423e-01
1.114817422840872763e-01,5.094740058501655566e-01,-2.032647135521224724e-01,7.340990749956528560e-01,2.366500992761431388e-01,8.794172086279017364e-01,-2.432030850494353857e-01,-3.244760154199632374e-01,4.848250229866298833e-01,1.090373564656292316e-01,1.029142411707895388e-01,6.025251559291602277e-01,2.971060879392477608e-02,6.026005071559538129e-01,7.312223389120043882e-01,-9.416406945032300413e-02,-1.804270380944575092e-01,-6.844515612621872303e-03,7.334820985660346349e-01,-1.405316581957490596e-01,6.000747218314006481e-01,2.942374731639338936e-01,-5.374888267408496345e-01,4.731668643641834815e-01,4.669658968331233395e-02,-5.248113943936064674e-01,4.598600282809314765e-01,-3.650303999617617867e-01,2.002606459674181882e-01,5.421163875985235414e-01,8.312617197470203445e-01,3.111657933407532273e-01,3.024346086069072959e-01,4.148873653394449246e-01,5.686457474872040896e-01,3.915334976383483268e-02,6.106721778964420144e-01,2.654320250033289086e-01,-1.816456530414163606e-01,2.466615393736744932e-01,8.799192004724606941e-02,1.807978334601108017e-01,-1.931479280443545998e-02,-4.467767449019896531e-02,7.738127267678989174e-01,3.660691675130405276e-01,-1.200179882031300882e-01,5.971333437528058008e-01,8.057651108716170629e-01,3.964307005320485411e-01,-3.180396495036816318e-01,3.230796564196162235e-01,1.009022664394330776e-01,-5.305042472623898719e-01,2.969879122244736269e-01,-3.632496568689719818e-01,-8.111922285893091722e-01,9.740106447438249271e-01,4.532038666306456576e-01,4.558092953346953302e-01,6.156255754146180426e-01,-6.728974115448685400e-02,5.465967310430122073e-01,3.591229623054940090e-01,3.305919825093163109e-03,-5.458056407890005124e-01,7.503938426645482274e-01,5.597749142476035056e-01,-5.881306288537713894e-02,-4.081583236866320186e-01,2.834291733356162357e-01,-3.649194008864020677e-02,-7.564232588252661760e-02,7.502663783412284459e-01,4.688082446585522534e-01,-1.176092049426562258e-01,5.258718748276703936e-01,-4.088810149153022655e-01,-1.090642102237395633e-01,-1.319088421492720653e-01,7.100888746188418477e-01,-7.003332908797118561e-01,1.536379085966864122e-01,-3.444597237571135895e-01,3.582400124554598331e-01,-1.881366462308542986e-01,2.701571810934406126e-01,1.881877386951557110e-02,-3.073237425937451195e-01,-6.024571862295241553e-01,2.202901252874324700e-01,1.212093665731011072e-01,7.340949813845771832e-01,7.783786442036276787e-01,6.737144224728069952e-01,-3.665359184152002792e-01,8.317806504245033317e-01,4.281668335886389953e-01,4.102003379741929190e-01,6.550075798427946738e-01,1.592059592524361078e-01,7.224997191640986083e-01,-2.145924492310665732e-01,8.385486359871139328e-01,6.964895462589706376e-01,3.879937396685545492e-01,9.202696844960475686e-02,4.807934287099135950e-01,5.804869024160557167e-01,7.240198280311888057e-01,6.524062976586904039e-01,-4.906830519119002032e-01,9.564435914297199359e-02,9.071617324989314501e-02,7.401880864632348622e-01,-2.539636390942669464e-01,4.750376248716025596e-01,5.982833787779887613e-01,-3.375297598655092601e-01,4.045805796843325308e-01,7.842147613707561860e-01,7.399119039827584121e-02,2.159158185717473533e-01,2.574406952977501550e-01,1.447398871305221602e-01,8.492830551200932776e-01,2.282317262162548988e-01,2.332440875997840168e-01,1.307022374153975763e-01,6.363632839625943394e-01,-5.934254454849539895e-02
-3.694423494447586775e-01,4.737369705029029210e-01,-6.571571151507392683e-01,6.224359703904392971e-01,-3.397299639017951206e-02,6.968035188128357538e-01,-7.379586079384725661e-02,-4.662423003473978866e-01,4.984169940558594858e-01,-9.564475373489055021e-02,3.402646448892147624e-01,1.563427361956251926e-01,1.856143982780614210e-01,4.181942059915440546e-01,7.310018352664465757e-01,1.143250730067655041e-01,-3.900070620852755937e-02,4.101698826605365000e-01,6.677141966285823349e-01,-4.880849775366676857e-01,8.706713860635683089e-01,-1.323244641648734510e-01,-4.579004401079471154e-01,-3.871027782514350202e-01,1.860139827708175986e-01,-2.253468239403251527e-01,3.413276627208295944e-01,-3.551319312561739272e-01,1.735726548922300050e-01,3.405658156462582076e-01,8.069353917711034052e-01,1.950992985294684179e-01,7.325829624484215818e-01,7.616438829194847049e-01,4.060266628411213219e-01,-1.546450995279180507e-01,2.089304664148461943e-01,-1.707590496991985007e-01,-2.630256685645390169e-01,-1.022754995366405295e-01,-3.300549294244474741e-01,2.627470858086727312e-01,-3.583802863506481140e-01,-3.788003869507097221e-01,7.203543577893192218e-01,3.570245286933590445e-01,-3.693980718030213661e-01,6.898580525003681352e-01,5.785315968350759341e-01,-8.750966218790312556e-02,-2.345011526817342706e-01,2.025314934373152187e-01,-1.005206171751784755e-01,-7.211904029703168906e-01,2.878044303074860435e-02,-2.110108875374293314e-01,-6.354175214509981684e-01,8.356542765817080998e-01,4.362662967483607046e-01,5.613157475531059815e-01,3.584967077509546018e-01,-5.314717445818131214e-01,3.407471298960627615e-01,3.238273752646548265e-01,-6.503665127423886583e-01,-7.031062294501412291e-01,5.868553546657798714e-01,6.284641592811660571e-01,1.140968237095257576e-01,-3.236450907008385225e-01,-2.200347727549434029e-01,2.263356519421468593e-01,-1.798835732147860134e-01,3.303877122258150334e-01,3.040109426354957178e-01,-3.495100371480822782e-02,4.795782863501417692e-01,-3.693259616270284096e-01,2.224740159817000795e-01,1.270859137365961677e-01,3.256233023712868935e-01,-3.265912839182394944e-01,2.955608045971434561e-01,-1.258671686010525426e-01,2.156510144595858991e-01,-1.646192987835523591e-01,4.978665184219588369e-02,-6.244666902918911688e-01,-1.626914749015931916e-01,1.749914807890722290e-01,1.219921569246693455e-01,3.322519131790172553e-01,6.980241208876943881e-01,5.575934030423208565e-01,8.488185454975486488e-01,-3.118874581912686739e-01,4.112921676046435993e-01,4.457705263958536279e-01,5.961460919569916417e-01,9.039991251226462410e-01,1.796641402000357379e-01,2.411159392862646522e-01,-3.708002305496831408e-01,4.694192424350673298e-01,3.540426112432748518e-01,3.146813606921633477e-01,-6.393696481234695250e-01,8.438607055363052112e-01,2.522902242372361825e-01,6.581395690614241234e-01,6.639938812329102547e-01,-6.936044310069269803e-02,-1.535328193644933947e-01,1.916345113080624232e-02,6.418774685197446983e-01,-1.410287313063028625e-01,3.145663605636298543e-01,6.561922293639599335e-01,-3.661732912874710033e-01,4.433889469148271090e-01,5.845550461917663476e-01,-1.358802618819002495e-01,-3.794521950739954130e-01,5.976047863222917478e-01,8.138278313178380630e-02,7.372158575404702541e-01,2.328824053441206354e-01,-5.080854693575444919e-02,9.813462907280157133e-02,5.746663234615535520e-01,1.103655698751008496e-01
-2.544047623314077411e-01,5.411482339791956475e-01,-1.624507972234284434e-02,7.909819969416542751e-01,3.699169731076171197e-01,5.037813375171596997e-01,-1.154535024945800570e-01,-5.749771045874786379e-01,7.011965267439419502e-01,8.157468083885618948e-02,9.646564132106513756e-02,7.610948235755364832e-01,-1.380060435481093029e-01,4.485429484410298206e-01,5.918376865100682949e-02,1.045022633830746256e-01,-4.315065959216819735e-02,2.229937387283482605e-02,6.511906860538251296e-01,9.447954845473162389e-02,1.357010593778643082e-01,-3.498163260994889834e-01,-9.150698332072381147e-01,-4.377322147952231873e-02,-5.347075485812987500e-02,-8.246421935142782544e-01,2.097309270926588434e-02,1.751815789775730547e-01,5.593398895451479058e-01,5.111475266753976454e-01,5.156662901135430355e-01,1.540707792993771252e-01,4.170470366266051387e-01,3.912695183138225619e-01,5.111488005413472591e-03,2.137479729584183807e-01,6.849941255561862175e-01,3.509806726831068424e-01,5.783925781356472617e-01,7.606971652670539985e-01,-1.727267299268938402e-03,5.590131516482551438e-02,-2.807199818482218889e-01,-1.655344307072476873e-01,7.482692206596939233e-01,6.662721648745236758e-01,-7.555845133754657272e-01,6.246716836434604847e-01,-3.173434630486410835e-01,-2.177363635404562792e-01,-8.084768936603921041e-01,1.037824700792672750e-01,7.873506672428702835e-01,-4.162735859310192077e-01,8.069135604203466761e-01,5.289816050524938085e-01,-2.620723133975392805e-01,1.954189119143089348e-01,4.808878150288047881e-01,3.477962199777797636e-01,5.960184527185478226e-02,-5.602052103298512664e-01,5.704396628804377922e-01,7.534929377762054070e-01,-3.577132236529595999e-01,-7.883973473549850119e-01,7.181705492166540195e-01,-4.090381743803109815e-01,-1.528890726269511169e-01,-6.951348515201332123e-01,-8.727775070215525455e-01,8.107517522176669322e-01,-4.076139375239880014e-01,4.494371355132087409e-01,-3.101360968489788039e-01,4.991230445182164022e-02,5.913215262449983411e-01,-7.675013621535645703e-01,1.131789859878878507e-01,-4.878879005666937434e-03,1.843631637445276306e-01,1.993821396846408578e-01,7.455260784325399293e-01,3.133755384606258243e-01,6.507134287825832031e-01,-1.638891448811266582e-01,-2.157642201880544952e-01,7.132136363545545921e-01,-4.244201628926384529e-01,3.637037462630767770e-01,7.135312094989176845e-01,4.740301381563666316e-01,-9.868797387020834810e-02,7.171940704872078465e-01,6.211084540244127261e-01,-3.172438275398555829e-01,1.813357731037321119e-01,5.704269630472843522e-01,2.745071025234003814e-01,2.262164465782426359e-01,5.127456002726898943e-01,3.413714631967688096e-01,-6.432640350876877022e-01,8.693692409953385214e-01,7.748137104144239284e-01,4.472135408460274908e-01,-1.661467617048591472e-01,2.522605900535072054e-01,1.438601181164978482e-01,-1.645488592061891339e-02,4.489265006877941194e-02,4.190207034131249175e-01,6.969319454760665167e-01,2.769005333778928324e-01,3.374742807944999257e-01,5.505177571694702676e-01,8.058418858674267771e-01,9.925959222180328334e-01,6.730710888164696815e-02,6.944122436994633052e-01,-2.845320520753776283e-01,7.617824367424027576e-01,2.097984821195511829e-01,2.018380505937398262e-01,1.912512790403091689e-01,9.239465131971458245e-01,3.018317165135512292e-01,7.258156702820517392e-01,-4.821208212077874450e-02,3.041353366713717699e-01,9.009456648623163921e-02
6.805513484735146168e-01,6.869289137649989829e-01,2.717838713509853621e-01,6.158007014781652355e-01,1.562953593009117903e-01,6.558371880494840989e-01,7.419655792330126509e-01,3.921216451612601350e-01,7.721654668645098196e-01,2.148254117568056121e-01,2.219921981455439119e-01,4.410682040160724959e-01,1.305495090544417369e-01,6.602671149766532466e-01,8.299550074581265591e-01,-1.247461523328259603e-01,-4.162755730191594616e-02,2.089290023314620270e-01,6.436262606667142450e-01,1.003362522872238843e-01,-1.492785028234006918e-02,-3.276593369234003239e-01,-4.697156427780704857e-01,6.887971717177657771e-01,4.032884781132544116e-01,-2.447785158805523918e-03,6.023048229667391507e-01,3.491141076433351698e-01,1.172050574950999763e-01,5.641654689744695084e-01,1.137776643852723701e-01,-5.754572573201413022e-01,5.110759063328036422e-01,9.457788380203403511e-01,7.473669928002663054e-01,7.574268790570959364e-01,5.382634181475820512e-01,4.808356785374100217e-02,-1.591812476976260937e-01,1.421609819853698886e-01,3.438413103658021774e-01,1.805687036547276580e-01,8.047685678262898046e-01,-3.771993187566282518e-02,6.452289736238820961e-01,8.398823633971171931e-01,-1.201591009517961189e-01,8.707833105645120808e-01,5.996661951764754583e-01,1.494263758978550127e-01,5.897775918873074952e-01,4.200990980265875696e-01,-1.511975551246445282e-01,1.562047664039737660e-01,3.551919150270182457e-01,1.184418132274006469e-01,-8.729842933370447478e-01,1.025875682680778694e-01,6.420005082353417158e-01,4.576190572149002600e-01,6.248728793464588399e-02,3.551112493934931447e-01,6.817116709819879272e-01,3.629236494736553520e-01,3.724812997698645489e-01,-4.860074677596764592e-01,6.286655742044947592e-01,-4.078054313438801426e-01,7.441466836935864970e-01,-5.431548699677211101e-01,2.325313300746618128e-01,1.265496301985049865e-01,6.829763476933958799e-01,3.376993601713860205e-01,4.846596729028385120e-01,6.404209317406862612e-01,3.976947456180364715e-01,-4.840400614017825731e-01,4.916601452851842025e-01,-5.826740501714292586e-01,-1.744935064040855147e-02,2.534309146104384292e-01,2.395701300432702407e-01,6.456389725821255476e-01,3.086456147127074057e-01,1.941658201671233319e-01,-6.207732263706353809e-02,-3.275921604246261332e-01,2.696818489669158825e-02,-4.250717858686214878e-01,6.601518325040218738e-01,6.399275242784566720e-01,-1.601146454874220471e-01,6.124498090886026924e-01,1.511502984672972172e-01,3.117308904886418874e-01,6.758178857346150981e-01,5.454082529733609297e-01,3.837651385972393747e-01,3.482196820495569445e-01,-1.594629285805991559e-01,4.211772676958053241e-01,-4.161076016793487375e-01,-1.555615943710424165e-01,4.936862349136951211e-01,3.046734555573306635e-01,-1.751485486093980470e-01,2.341439324771771302e-01,5.539416548093747394e-01,2.064762932437699261e-01,9.351269240378617953e-01,-2.378123503506397174e-01,7.703200147288986610e-01,-2.917190140311415325e-01,6.880535747711590266e-01,3.224421410381799746e-01,5.420766828272646221e-01,1.948614916457013513e-01,6.911150884031043162e-01,2.824626576671803169e-01,-2.278841528734993349e-01,6.698126346210203641e-01,3.852191745150057023e-01,4.646413353828449666e-01,-2.792805074958728748e-02,2.757168912741492575e-02,3.637527995003214665e-01,5.609330789412577678e-01,5.364745674481681270e-01,1.870002232590327329e-01,1.372791522533616249e-01
-2.369582040292353142e-01,5.345576657559404365e-01,-5.545070831552199042e-01,6.050282682029336501e-01,2.781802382352979164e-01,4.243693897317585284e-01,-2.833262560968018984e-01,-6.187521778455387089e-01,2.468921386492562153e-01,2.056935330011503971e-01,2.493642214959378156e-01,4.213089230861823964e-01,-5.873716043334325371e-02,3.909078454560858673e-01,1.578628698244417261e-01,-1.413080257604857060e-01,-3.848758991304913196e-02,-1.525371008178469101e-01,5.728371802955729564e-01,3.915444140720870936e-02,-1.408783844739305846e-02,-3.731363015361060381e-02,-4.362442114811409533e-01,4.852618741702309224e-01,-1.154434170764131601e-01,-3.865126660324570418e-01,2.682129541216532465e-01,1.330175382006398288e-01,3.026014105725888248e-01,6.038104307952849581e-01,6.140957321074311803e-01,2.674542717175519280e-01,4.682773415999660904e-01,3.956316876674375593e-01,9.521682299425925089e-02,-5.483750031541120146e-02,8.072659894511363676e-01,4.492086067746942635e-01,6.803157044458579827e-01,4.484632886929085238e-01,1.445849922260423748e-01,-3.008188394980277833e-02,1.019252220156778299e-01,-1.672713198212362196e-01,7.274151051693575898e-01,5.495733270241316415e-01,-1.801276856765177681e-01,2.437697066737807006e-01,-2.223681846159061559e-01,-5.988316436592221459e-01,-7.787639388410932950e-01,4.815030340492182370e-01,6.293119711889103574e-01,-5.459172419714778401e-01,7.120345274355891485e-01,8.284789576953109913e-01,-5.077327769064249319e-02,2.364677787740071258e-01,4.259855161348325425e-01,2.391411236212369340e-01,1.090157429063957212e-02,-5.448004305041034279e-01,6.295081211447099978e-01,6.948423945609085717e-01,1.817089840470506312e-01,-9.168174555207090348e-01,6.617243861432758889e-01,-2.818163349304469434e-01,-5.863612358159156490e-02,-6.267996133036040085e-01,-3.083839967153353956e-01,7.614051276343638541e-01,-6.761177780672149584e-01,4.741221989844084939e-01,-2.060215278686064744e-01,1.594903334841640263e-01,3.444332656006068860e-01,-3.698329798705644600e-01,5.238994384847596164e-01,7.913293787661547229e-01,4.796159848842844187e-01,3.470603201758747924e-01,6.917884889106514779e-01,1.535999589559372824e-01,5.463233275851568926e-01,-7.776997459605956842e-02,1.133868758923927376e-02,4.373333993846585943e-01,-1.275757396848123948e-01,7.997699088846318416e-01,5.004443614848549382e-01,7.087234960571456854e-01,-3.660364217426809175e-02,7.064944865022282361e-02,8.549223047891544303e-01,-1.793495481006435188e-01,1.216802542395100523e-01,5.712677605958612626e-01,5.278615347422185300e-01,2.855776306890825053e-02,6.708327671098889278e-01,4.381938347168146675e-01,-7.718356480033391476e-01,7.359124626625774823e-01,5.284844277816769242e-01,4.328525081846713585e-01,-2.478290527224495665e-01,2.284344036472528705e-01,-2.691040395517339465e-02,2.109482069248155289e-01,1.112977752069585352e-01,4.957310104595223366e-01,6.294124631419103499e-01,8.777821215593787363e-01,3.746916518869890522e-01,5.982418877070869723e-01,2.537419157271185721e-01,7.067251011768947988e-01,-2.782717972254062366e-01,5.525612612501548115e-01,-1.513536398808525418e-01,6.278835609837470910e-01,2.171723574620393893e-01,4.274794364100275024e-01,4.682361153968200851e-01,8.338966272706909155e-01,3.311756221812296452e-01,6.136278462033942782e-01,1.105531080316509152e-01,-2.477791246887858789e-02,4.213599299513727525e-02
6.330289798274897350e-01,4.495941375335916201e-01,-6.463017250812240766e-01,3.757819663658978349e-01,6.029600767174119608e-02,6.261301434088479834e-01,3.014926264213055873e-01,3.618887966839798298e-01,5.341579523903651205e-01,8.503756812961091316e-02,3.138381861635841097e-01,2.441209877499339320e-01,2.579830611571959711e-02,5.931239251496471798e-01,6.948182793941041213e-01,-5.934719461835300663e-02,-1.610391195661180774e-01,6.501163746902529628e-01,5.656155407129309642e-01,-3.988141923315459692e-01,3.459850551604808366e-01,-6.226823470553332074e-01,-4.947152855363516899e-01,6.436504053014341364e-01,2.492058022316838775e-02,2.265754676211322316e-01,8.006128165402576213e-01,1.871061856781976729e-01,5.315301290003355827e-01,6.616999986855891525e-01,1.434817499758389292e-01,-1.452422739487847780e-01,3.534444270909014030e-01,7.875973551918711291e-01,5.076130574473326496e-01,6.323278392886144683e-01,4.766744817110414312e-01,-1.653938474666160618e-01,-5.315625622252990734e-01,1.133870755055499807e-01,3.826609375591092932e-01,-3.741150089543266583e-02,6.209638540097146553e-01,-3.343100522680905184e-01,6.279265650508009111e-01,8.733491206148620289e-01,2.391016739874088637e-01,7.254108189905423831e-01,7.810379611903401909e-01,3.068404436319860928e-01,2.827194638758496747e-01,-2.218434814028064639e-01,9.887358280406039271e-03,2.428652200320169097e-01,-5.266438644155618104e-02,-3.514877218029954786e-02,-5.986726334819032491e-01,4.917786241397648084e-02,5.007354842563713770e-01,4.170189778292797134e-01,-4.939352270248648785e-02,3.977620836520412984e-01,5.590008339233192292e-01,2.629274465847639131e-01,1.133256975150313262e-01,-5.313737646695183559e-01,6.883780743055102347e-01,-4.513750815492315049e-01,9.200539648447544350e-01,-3.856812944851113478e-01,8.443480729612916624e-01,1.325980895950190364e-01,4.929558837718088227e-01,1.465259014264084503e-01,3.874120961919427231e-01,4.278312323532978967e-01,3.676422722441335944e-01,-5.461531234520585754e-01,6.577969515004132850e-01,-3.938003591064530295e-02,2.100827434537771987e-01,4.797522735957121531e-01,4.158217651969028372e-01,5.065660419839224105e-01,1.369519823657920354e-01,-4.085173207732804845e-02,1.960329693350692792e-01,-9.593397856511232114e-02,1.421863550592749603e-01,-1.850493085867047360e-01,6.361897968061404063e-01,6.334711383340602131e-01,-3.057568137340558462e-02,6.265425647441055235e-01,-1.437648280023850478e-01,2.387813049212608452e-01,5.912406460125790852e-01,3.150422965488520188e-01,4.192684529983615738e-01,2.643467887589079357e-01,1.775112333824430677e-01,3.010948040773034906e-01,-4.223183625783702433e-01,-7.083176927036247128e-02,3.561717013331802129e-01,7.041528835889601656e-02,-6.502709369161260855e-02,4.592222166335981348e-01,5.460791720177814446e-01,5.121714486613725137e-02,5.774581613486582388e-01,-7.078171755250667330e-01,4.928987132682696726e-01,-1.631560141008589482e-01,6.153193008210048331e-01,-1.837617912052216529e-01,4.677856850416481915e-01,-1.457095460309065262e-02,5.836739642317319010e-01,3.945711700161830815e-01,-2.416595157717170705e-01,6.722474242357139307e-01,-2.592414767907682549e-01,3.108491869336382218e-01,-4.449595966916707751e-02,1.138582489842112355e-01,5.181489435900515916e-01,4.136016063048925107e-01,5.244771944786528195e-01,1.444141622578248296e-01,1.022379166281347090e-01
-3.171861410716425023e-01,8.153050372859321770e-01,-3.003179302528140582e-01,5.013717703947887516e-01,-7.822559257938735411e-02,5.361185796911241974e-01,4.814969885680785988e-01,6.508999351653173004e-01,-5.204451555310514177e-01,2.109751972079088322e-01,6.551286701122043254e-01,2.413088027484515674e-01,1.893961640664322266e-01,4.614444333608681559e-01,2.661253487525865324e-01,-4.189184808082156014e-02,5.392097842608373215e-01,5.749878425913376168e-01,4.884884260528453148e-01,3.021722231357792943e-01,3.601467480082585354e-02,2.316017239643753944e-01,-2.934760805746092771e-01,5.306406918343508083e-01,5.796455533158310081e-01,-3.865639627191966299e-01,6.599190919879116546e-01,5.185324955669076141e-01,4.670302470712648368e-01,1.612358750722020784e-01,3.566527149176922928e-01,-4.135981508829528752e-01,6.290313374600158269e-01,5.088126217077277857e-01,6.535148164697036910e-02,1.904712593993212466e-01,4.529133088961370124e-01,5.115648267247405179e-02,-5.920165261773090437e-01,1.928816924672598077e-01,3.309622010821693383e-01,6.150854684672760753e-01,-4.821049304694062232e-01,3.599243557173097963e-01,1.119006073199263901e-01,6.201031680430050264e-01,5.366973625660041991e-01,7.819176185594187700e-01,-1.365381480108402434e-01,7.724145197171594646e-02,-3.298260654905167955e-01,-8.362622611572263776e-02,4.529622329942232795e-01,-6.457324886669296715e-01,1.180596284703861465e-01,-4.301704339943230870e-01,-7.861085499697832990e-01,2.200730066080364145e-01,8.305395521070170206e-01,-6.052338212755415531e-02,-7.037496711018415008e-02,-3.916194780464741787e-01,3.153212890901160859e-01,8.783116130216970241e-01,-6.131622596415027271e-01,-1.881547658418831342e-02,8.733347776840486576e-01,-3.369415838617899617e-01,4.894382131499567384e-02,2.512378354615636411e-01,3.778361918842970679e-01,1.440026860695793262e-02,3.651721044006738803e-01,1.407232132109278167e-01,3.891375067149435707e-01,-3.549083339500599954e-01,3.545241496309806117e-01,-7.969859125417926293e-01,8.780343430491888146e-01,4.589026710178316648e-01,3.256799212843812241e-01,7.128524426237923262e-01,7.230894298778278717e-01,6.154857798695085869e-01,8.704866001065715286e-01,-4.320178058036641677e-01,2.715706743531384748e-01,7.567570954259418559e-02,5.675967320320682852e-01,-5.975193917144293598e-01,4.204020485680062119e-02,8.959166120998768301e-01,-2.707977966439559236e-01,6.552679953511209021e-01,-5.272828977159892128e-02,-4.185315591290826309e-01,6.609842842172283239e-01,8.622239300947976970e-01,5.142240320320089486e-01,7.823787168847698981e-01,1.345429177771858588e-02,3.841345764207704239e-01,-4.896092747217717367e-01,1.087648145599176830e-01,7.011371407437797521e-01,6.774658966286263295e-01,-5.000447162765969678e-01,1.000000000000000000e+00,5.416291886131624489e-01,4.846061733269088068e-01,-4.787889854122531069e-02,-4.753149444450591732e-01,4.755076188850360652e-01,7.238748305839753927e-01,8.147165655837137477e-01,-2.509290980501229784e-01,2.721236592551505851e-01,6.453218458008631864e-02,-1.996989800921608049e-01,-1.207620252518565827e-02,-7.501227873052009054e-02,6.853715001415786601e-01,4.721274646232297423e-01,7.504330199618507447e-01,9.859746623436436985e-03,1.236031598641670476e-01,7.918815285993251463e-01,4.017856646354717176e-01,7.226819897368935708e-01,7.452435113423819812e-01,6.701448135445993159e-01
-2.880977171212132371e-01,6.251253474336146976e-01,-3.687347555037348568e-01,-3.110404694808270309e-01,5.146897008747177565e-02,7.059976636616347445e-01,-1.201373354030680490e-01,4.045012810822326554e-02,6.667416214589011458e-01,7.831820974277611258e-01,3.878513857485415550e-01,-3.621105606494265938e-01,6.850009624125196206e-01,5.878000178935627318e-01,1.245847598727934102e-01,5.971145730341348434e-01,-8.812459810678069383e-02,-1.528737695710495892e-01,2.855446683711309053e-01,6.349517353046574275e-01,2.072906202376054163e-01,2.780766994820207394e-01,1.260655907433572975e-01,2.618264255372555471e-01,4.863434748165688659e-01,3.527729819362394603e-01,7.864909146395760997e-01,1.250575219432237262e-01,6.315379639410809709e-01,5.033157944977038056e-01,-5.998023199124594314e-03,1.437628446604158616e-01,5.338552789906678697e-01,5.209784184107918437e-01,4.929584786841669786e-01,5.311427666394846758e-02,6.709530554211255993e-01,6.168842541053283501e-02,6.029751446394917558e-01,8.645129776404493205e-01,-1.565874399206479417e-01,-2.821503470540930869e-01,4.877799956804333981e-01,-2.171881576933692715e-01,6.885539601568656520e-01,7.546722839372285718e-03,-6.691081438272011850e-01,9.217385614530840821e-01,6.515713909162834661e-01,-5.944062319300880137e-01,1.000668477372991666e-01,-6.179837852572784840e-01,1.748746362254212650e-01,2.426950434828745173e-01,5.060272647499248766e-01,3.423808099503638513e-01,-8.350153775673078149e-01,3.712474824697717390e-02,2.156267352665454107e-01,2.244525625096710220e-01,-3.966730977406275616e-02,-3.759258936081278923e-01,4.665496793840794715e-02,7.215802905221940788e-01,-2.314013578740478916e-01,-7.490964705388132305e-01,-1.932558421798773740e-01,2.702361538866914215e-01,-9.697793165382007086e-02,-1.377854064717493887e-01,-2.733390078606410256e-01,8.304953097860291455e-01,-7.813904357010759485e-03,2.558423905441316593e-01,-7.445303601646967827e-03,-1.144801851002588688e-01,2.872503601721453359e-01,-4.087744907787935200e-01,5.279838465269321990e-01,4.527864986189153451e-01,-4.740663728900582075e-01,7.036879594617679867e-01,3.631320969519656328e-01,-4.417183071997196064e-01,2.485955230484731826e-01,5.961306150416312288e-01,7.866145093536902611e-01,4.253369874332149636e-01,2.069803301991192390e-01,-2.220727450972520278e-01,5.857552234396610213e-01,6.659515270399176678e-01,-1.042990118632174945e-01,1.301282369259573468e-01,5.506360357323990956e-02,2.120708271956496804e-01,6.131302332319911175e-01,7.518889978309232225e-01,-1.907459316450190179e-01,8.685387399751414161e-01,-2.290262166175809910e-01,-2.797558116371033909e-01,-3.666941787545365261e-01,8.067354111879233569e-01,5.412350667898827572e-01,8.088318876830006277e-01,-5.906762741206513789e-01,9.766484851702120773e-01,6.244851514797237213e-01,3.499182776446022602e-01,2.444677863793385808e-01,5.774340194728364573e-01,-2.475887503092439046e-01,-1.392064217423491790e-01,8.966281713875489112e-01,-2.473365540786267303e-01,4.423968748579401589e-02,4.683147356514234527e-01,6.703280286035380175e-01,5.631752193743848611e-01,-3.897085124135584167e-01,3.978614454272768053e-01,2.957497409901195806e-01,-1.578477276220575584e-02,6.478087398185746748e-01,7.797212555213288709e-01,7.448807166017895609e-01,1.258993140069403494e-01,4.568384597555218418e-01,2.916998699018278352e-01,6.636912367542076030e-01
-3.187899750987477354e-01,5.218821027796617384e-01,-4.653481407573594741e-01,3.800811128316302634e-01,8.059280017871640889e-02,3.408588363581732117e-01,8.822313553780701534e-02,-4.755748312935579869e-01,1.520630920598418923e-01,1.498219446994600856e-01,9.606624554587395171e-02,6.035433743662889094e-01,4.805223123273956454e-02,2.535573193776297640e-01,8.905610633091286532e-01,-1.486221606360302316e-01,-3.232082410783496812e-02,-6.250085715051080237e-01,4.864483097823928404e-01,-7.570361283407522901e-02,7.013307222018551057e-01,-6.583713055300012551e-02,-2.836494827909693539e-01,2.737157064353917812e-01,2.169827661307456579e-02,-1.299732784152174692e-01,-2.571922635588495386e-03,3.703930223010433176e-01,1.316161707382519919e-01,5.831044976799583113e-01,7.224136516907138095e-01,2.682489525161346755e-01,5.087051767148710324e-01,2.778769500442107576e-01,8.246176196985681717e-01,3.259165402464109795e-01,1.000000000000000000e+00,9.185331230542938263e-02,-3.245042471889932334e-01,-3.138521728177948167e-01,-4.538275684730210813e-01,5.443505638844372552e-01,-5.089686509312560947e-01,-2.440722695110363327e-01,4.942969687127420353e-01,-2.187293624797303493e-01,8.950880515958915817e-02,4.809550356901177715e-01,7.824097908287541703e-01,1.762800335964127829e-02,-2.472385555300708193e-01,1.917566879275688363e-01,-3.820410762416899253e-01,-4.507438254470941263e-01,1.704818564600305841e-01,-2.477945154766511004e-01,-6.987710027502355148e-01,7.326524122452366949e-01,4.271547725429131193e-01,7.884305249107251834e-01,5.576144048752154081e-01,-5.693601834349708568e-01,1.516593112961201750e-01,5.007417270673809595e-01,-5.722109628287730398e-02,-8.310717619865205519e-01,6.994212837027554697e-01,5.715315772330604727e-01,8.422625442574376009e-02,1.000000000000000000e+00,-4.960673231211389922e-01,3.622489400426961124e-03,-5.195319356083669682e-01,4.737038162618627535e-01,2.217162140825538197e-01,-2.357588133135119224e-01,8.740374232494035889e-02,2.072590491327314793e-03,4.917139926036193098e-01,3.075560922290498933e-01,2.976475272939240746e-01,1.896365211241633209e-01,2.193941574259381244e-01,-4.566346380833280483e-02,2.054254158486243376e-01,7.768260244059708997e-02,3.739590801192009262e-01,-4.001555536088805543e-01,-1.648765295842231221e-02,-5.503037171956322027e-01,-3.254239460087961222e-02,2.882475779931595317e-01,6.464688717495880033e-01,2.442307783103969676e-01,5.429632800561245976e-01,-3.265488466236367571e-01,7.362164295057140873e-01,5.224034344754825421e-01,5.635279068342724518e-01,5.593013425627139101e-01,-1.128383089853031256e-02,4.399962679993940085e-01,-3.740415539247892718e-01,7.878302816475263315e-01,4.674612246141532368e-01,1.523673351544422849e-01,-4.430324275060122940e-01,8.152925940802570048e-01,4.616035844852320325e-01,6.813789784267184624e-01,7.839504508790420267e-01,-6.036287009977067131e-01,-3.365701637332437213e-01,3.967472475502489826e-01,6.279078324379792075e-01,-7.653220600808783441e-03,5.256266721393830776e-01,8.011250996732550700e-01,-3.604822171614843196e-01,5.875622819470586178e-01,6.208098322645834166e-01,-3.342602268178181124e-02,-2.513242980680517324e-01,8.264828382584986644e-01,-2.008598378218898473e-01,1.000000000000000000e+00,3.508800112277393746e-01,-8.520903539896767728e-03,6.327639411248649204e-02,9.552287973278561495e-01,1.673406399828298863e-01
-1.563633950688629870e-01,5.732709678785260499e-01,-3.624375507196982149e-02,6.368796606576755392e-01,-3.712649816100400263e-02,4.113903975661844514e-01,7.664661565918329256e-01,6.760956468418438670e-01,6.031022449476358682e-02,9.945041261908407759e-02,8.899880002378427468e-01,6.347971445998982221e-01,-2.170131761083118893e-01,7.539880622697033852e-01,-3.175621516583816001e-02,4.117034195706730654e-02,6.149889937646403348e-01,-1.417745922598246111e-01,4.997713263287902885e-01,2.943053108627950443e-01,1.359186550196892496e-01,-3.484756803169073575e-02,-5.540972785952692492e-01,9.119307994272478624e-01,3.317376703407885485e-01,-8.503841389019026753e-01,4.686726457203007623e-01,9.577529046327769302e-02,4.637029345125835422e-01,5.066457864187239313e-01,-1.063414767378745157e-01,-4.161828691545740866e-01,4.183512677071951069e-01,4.958769290235483518e-01,-7.173036118684761320e-02,1.038780264531065506e-01,6.096418167079521444e-01,2.330042419941868725e-01,-4.810667618954816288e-02,1.892242128308372073e-01,5.199429176523922003e-01,2.633075814975230911e-01,-5.380334045194278270e-01,5.902773270600367717e-01,1.205530977663220177e-01,5.750843103062713846e-01,7.610790938304997644e-01,5.178164489326524400e-01,8.208440682447210729e-03,2.482341772256105306e-01,-3.943166025451987911e-01,1.672400882488496998e-01,5.342499011801037367e-01,-4.442296479663253028e-01,2.409376960594445116e-01,-2.098000175939003509e-01,-6.530774986680519811e-01,2.870878303039613513e-02,1.000000000000000000e+00,7.425860802121660165e-02,9.763339730379195711e-04,-3.043511186869006790e-01,3.952127154664664688e-01,7.828767015000609453e-01,-6.973990205193181247e-01,2.543370622651941471e-01,7.910073094280194450e-01,-2.580920862660179282e-01,3.468368457802115806e-02,-5.196152808220410035e-01,4.908819802277483192e-03,-8.392590987294688831e-02,3.452183362461266336e-01,3.383374909086954707e-01,5.742888733921921451e-01,-9.736152703934565500e-02,7.432469979900868662e-01,-5.693480749295516397e-01,8.181255090464082391e-01,2.185783081813926221e-01,4.268548385279974378e-01,3.177829753513106148e-01,7.581983084829094777e-01,5.380711764474376269e-01,6.925037914868361622e-01,8.721768369494062312e-02,6.781047572321791117e-02,7.895114209543936667e-02,6.003073663892983802e-01,-2.815550345727843018e-01,2.703524691773390165e-02,9.587256416322100794e-01,-8.106299039047273891e-02,4.089852986105813604e-01,3.580711302412414865e-01,-6.490245761895016008e-01,6.866287498290687408e-01,7.428016399983644602e-01,7.026377385253130825e-01,3.553821603451968736e-01,1.353051147865990678e-01,3.130670909629112431e-01,-5.576915583386107267e-01,-2.960273148582511227e-01,8.533500360713293098e-01,8.340956015717663208e-01,-1.526119441500115373e-03,3.456392172731179158e-01,7.192591639983609841e-01,4.840015221309216797e-01,8.654049658735596395e-02,-1.752520134247963907e-02,6.441635802475834671e-01,4.429877749642486817e-01,6.666486878484159107e-01,1.704487020158480248e-01,1.402278906729776120e-01,7.012786453576293211e-02,-2.285901484801566019e-01,-2.708208783695595021e-02,-1.886092287655919408e-01,6.865442630841156468e-01,4.745676468559685279e-01,6.239888535313435902e-01,-2.352171934434991313e-02,6.073318828083017207e-02,8.686929300347164817e-01,9.655458329991738475e-01,8.744315767350601121e-01,5.570767089547606910e-01,6.444512712734110638e-01
1.200276563662124873e-01,6.147992467120326765e-01,-1.880931014398641299e-01,7.326403640206065049e-01,5.459746290925970857e-01,1.070042768396039096e-01,-4.573653700805208056e-01,-1.707398187268844292e-01,4.534183217921241571e-01,2.639943551433449609e-01,3.148100472820963280e-01,7.138110461448877730e-01,7.573142309706491770e-02,2.340297861701916560e-01,4.504790163501509181e-01,-1.731490318033583053e-01,-5.612109713650768883e-02,9.689608273541933103e-02,8.046881243905119607e-01,1.359206527838502931e-01,6.970034621189960533e-03,5.988785814194702573e-02,-6.116975123995308516e-01,1.960897096176881030e-02,3.170890970421667565e-01,-2.477172677752995378e-01,2.739402294163539864e-01,1.014641909982962331e-01,5.356571890836119287e-01,2.887421563022786186e-01,3.647550180957576105e-01,4.521008659927528428e-01,7.299712441163371812e-01,5.064604889396083776e-01,8.360040210392059856e-02,2.110684668306514467e-02,6.315793786335350823e-01,5.776009070353692598e-01,7.151485225991855987e-01,9.552926036635549512e-01,-8.493072910055696201e-02,-1.643038424366587537e-03,3.413091575810192069e-01,2.002697082730775791e-01,9.536581468708538178e-01,7.757351398267545717e-01,-5.795566882236189432e-01,6.364761631207007664e-01,1.685061626434134485e-01,-3.182370681391440415e-01,-3.843938459790857132e-01,4.450289311483971444e-01,9.154267532152570164e-01,-5.621785324148668161e-01,1.000000000000000000e+00,4.827986058501301803e-01,-5.738432500983248197e-01,3.722253055835575974e-01,1.651718918817920156e-01,7.427795232643965573e-01,-3.173944924957101676e-01,-5.601189727030387866e-01,6.002010720156828461e-01,6.963206224568962988e-01,-3.071956394104879973e-01,-6.124572122206409786e-01,6.625197167915831686e-01,-2.258634591343052778e-01,-2.100687395256606027e-01,-8.250498660291660791e-01,-2.118939638362180855e-01,8.024841764656103216e-01,-5.984452434943298149e-01,7.509420234269092997e-01,2.518470147428253370e-01,2.695965532995885927e-01,5.247082553916344594e-01,-3.168452783059711453e-01,6.635374063621756191e-01,3.888458135664549786e-01,-3.031767289536451693e-01,4.671532340889310575e-01,8.392185617150509369e-01,4.090326478280121303e-01,9.760200063837559670e-01,-3.018428197677741065e-01,7.407616952242797748e-04,2.465262276240413886e-01,-1.428312765948015761e-01,3.405417850056697837e-01,7.570210858348032090e-01,6.768928688158248885e-01,-1.959382457512872655e-01,5.016099889291152358e-01,5.341384729262876885e-01,-3.536611675203350513e-01,-7.997075038967182969e-02,3.814094066091963109e-01,5.843357447305644881e-01,-2.438018048770533575e-02,4.966540890122861374e-01,1.619733973403781613e-01,-7.094818265414554181e-01,5.576388315989695421e-01,7.888536043968904510e-01,4.931060000827678924e-01,-3.329198577778528789e-01,1.945056737822564441e-01,-1.210205085134890696e-01,2.731862022584640171e-01,3.627507895266764426e-01,7.771672881176860948e-01,1.000000000000000000e+00,4.129380910790293457e-01,4.786473263203404604e-01,5.717055716152987799e-01,9.971816665029799021e-01,5.808804135992647888e-01,-3.429869447075743934e-03,7.286501470439857853e-01,4.941173442886877005e-04,5.214015485074270373e-01,3.316240453456743842e-02,4.152985908511399038e-01,3.084946983860888947e-01,7.533488360433187037e-01,1.569993398639263071e-01,5.766126471088776073e-01,-7.446299134275275768e-03,2.225519745243601522e-01,1.193983924480723491e-01
-3.409793256192968913e-01,3.770247678071547148e-01,-1.568424007450835433e-01,7.166136063288697233e-01,-2.036156028124369854e-01,5.455981756165220187e-01,-2.414847585450535794e-01,-4.412876333471670298e-01,7.320615910724471709e-01,1.954495623121126624e-01,1.845508547596124427e-01,6.170981210015843432e-01,3.577250394983799014e-02,2.628209965966071815e-01,6.581985896683910653e-01,-8.202045175198631466e-02,-2.368270858094160825e-01,-1.097789721441017573e-02,7.043595177792619788e-01,-1.014149516119065286e-01,5.816525023360944457e-01,-6.934490378969837554e-02,-3.494858165022040053e-01,7.940149969748916403e-01,-1.512363366163151368e-01,1.132896990679946175e-01,7.386079464688117017e-04,1.556827081017080061e-01,8.390186040177383120e-02,1.055304334142530276e-01,3.762424586138282678e-01,2.940430625101382867e-01,6.695945247110740572e-01,3.181598246760959925e-01,2.825439236670436172e-01,1.751638113285724774e-01,5.956509839121802985e-01,2.218487862161148683e-01,-2.375259807000341117e-01,-1.388912924736560202e-02,-3.003792872211253906e-01,-1.771539980159024530e-01,-1.690795233491270977e-01,-5.764271722544956483e-02,6.744612271437231410e-01,-4.145443902434934463e-02,-2.137206501619292043e-01,4.704175874195092866e-01,5.962952449026192037e-01,3.385176267686714757e-01,-6.204502458778409224e-01,4.462417954759794192e-01,1.929395357489050722e-01,-2.103913721070774789e-01,1.679162167379522896e-01,-1.172366371795130480e-01,-5.705967348189130428e-01,6.985086289072148791e-01,4.954489534476297363e-01,4.817475212375862403e-01,1.303501642396809046e-01,-6.729475082509396300e-01,1.594310012901279938e-01,2.261640920076700145e-01,-1.745270154093676862e-01,-5.509093595783403075e-01,5.476509480358185966e-01,4.684805058559582402e-01,6.357130323070110667e-02,-8.096303243536204786e-01,-5.327484022434281208e-01,1.540830585775673223e-01,-2.529026523023095718e-01,4.480475169840526517e-01,3.328984846090259353e-01,-2.110354909952344149e-01,-1.782131040391692622e-01,-2.776055520639164054e-01,-1.338370575480824498e-01,4.844814513595928074e-01,5.590129601895830191e-01,-1.187260067536892276e-02,3.099608410208092857e-01,-8.435716702220950047e-01,4.268403498739728463e-01,-3.155985998076686894e-01,7.260651994097513419e-03,-1.106674289855560794e-01,-4.555069757347278703e-01,-2.726531483824837232e-01,2.126036802869410713e-01,2.028947003243250780e-01,7.206481486741059816e-01,3.702943307705246490e-01,6.725581409796816956e-01,-8.124323400554700481e-02,4.731378123958389637e-01,5.301246066623926945e-01,5.028309912203643428e-01,4.063167695285526682e-01,-1.960931823962225595e-01,4.599453319211588287e-01,-4.124495841567663024e-01,7.384994035836203174e-01,7.351885070381112275e-01,1.730724434358344721e-01,-4.012399976634365428e-01,1.002824980561804746e-01,4.143640574576163416e-01,6.768521036689152393e-01,6.375204739402028364e-01,-6.445685420906875907e-01,4.032893984235650514e-02,4.881702305873754366e-02,9.214145721757821539e-01,-8.956393911550050713e-02,4.576674376635325725e-01,8.068303632920257318e-01,3.335127036599062900e-02,6.664954778833944715e-01,5.541937882195302478e-01,-5.586693883109589837e-02,-1.498892930921383038e-01,2.159634909404798964e-01,8.727520470933364249e-02,7.140731035417950956e-01,2.943007884673581320e-01,-5.459107564621000497e-02,9.252756727159450190e-02,5.774663936455012303e-01,3.253121825367061848e-01
-1.657333292592148843e-01,2.401783313001212283e-01,-4.222418779589207638e-01,5.027779643990143432e-01,2.470996077018403625e-01,3.186898869917982879e-01,5.170037136570232277e-03,-2.482213470939020616e-01,5.792182870634473568e-01,2.761343237485281432e-01,1.465681085565091191e-01,7.997864558576854854e-01,-8.965827502776425872e-02,3.491287384317263709e-01,6.928334909874344083e-01,-8.309207697214281846e-03,-1.376835442712429081e-01,-1.837955147552970681e-01,5.297514561696350377e-01,-4.238770425114956053e-01,8.519728845097127579e-01,7.245540393498882403e-02,-3.728806011282979060e-01,3.035504310972269026e-01,-6.140855876436100702e-02,-3.598883274408125610e-01,1.720641493607037026e-02,-1.585332234621190939e-01,4.289508060097648179e-01,7.173720538316691320e-01,5.662209004094332920e-01,-2.208322335278038728e-02,4.842787409201963489e-01,4.206270610117773256e-01,2.293003640835617474e-01,3.862564943870860357e-01,6.167065114551144589e-01,9.572822986962364888e-02,-2.547311525805758259e-01,8.346921448028320201e-02,-4.101808192421643740e-02,4.260555048737837414e-01,-5.169369523305986786e-02,-1.877361153695875362e-01,8.368618058973821272e-01,-2.041670986903338925e-01,-2.719404131182148743e-01,9.192066498787755391e-01,2.805915129412109299e-01,3.333353233186620024e-01,-9.971318002083231491e-01,1.509384620338991012e-01,7.437325159317560719e-03,-3.570908073547329198e-01,2.337084630927656059e-01,-1.451304325506374282e-01,-6.550915711824822907e-01,7.896140977196599575e-01,5.366975635354026553e-01,5.369597795895632020e-01,4.117704300206371792e-01,-9.422796205730620267e-01,2.692491416338946841e-01,2.594686596874603568e-01,-4.782980829580748550e-01,-9.702824561919352053e-01,8.125110019026392516e-01,3.245527069645220419e-01,3.584826250937377112e-02,-1.806169356239954900e-03,-5.477956965662069688e-01,1.791786895236911481e-01,2.787757429252851193e-01,7.791586731286159750e-02,3.651982589093455411e-01,-3.725117845994544430e-01,5.029148392691656921e-01,-5.012007204858787146e-01,-5.160836189609822877e-02,4.240796154596460643e-01,7.374281475049454526e-01,-8.085741420551626479e-01,3.000095018258684965e-01,-5.669814837275745090e-01,2.308579914681374023e-01,1.149573389993604478e-01,-8.023550485431100998e-02,-1.370403053507851521e-01,-5.158283961529976924e-01,-3.747339497373328165e-01,2.922409832383004447e-01,-9.821105164274829269e-02,6.222417450656959614e-01,3.337021919938591985e-01,9.987692740972531347e-01,-3.359374941320129593e-01,7.678388409563621231e-01,5.738865253353683249e-01,6.046396640555252722e-01,6.997431701490784972e-01,-1.369779278786153742e-01,2.120802530300207600e-01,-6.708500409406072951e-01,9.564947394756627697e-01,6.030541375609314025e-01,3.547237477477818146e-01,-3.681222645266093441e-01,4.910375362445229541e-01,6.925398015852948230e-01,4.343259665822025162e-01,7.608632267775612412e-01,-8.598111088548866798e-02,6.175488486049075104e-02,-3.434290456133100577e-01,6.603784934392472605e-01,-3.356139086215488287e-01,4.639322750407694484e-01,8.515617197515732428e-01,-2.660423915173329434e-01,5.674587489786300232e-01,3.901034151034415420e-01,1.233926453062362122e-01,2.997870535682090609e-01,2.154477568823763289e-01,1.772468322598687862e-01,8.287099715034474956e-01,2.919929125128837288e-01,-1.770641305681911470e-01,-1.000941069418198326e-01,7.435379801500721086e-01,2.638779148936591379e-01
-3.944151926147229648e-01,4.897086512263546521e-01,-6.473153459199276760e-02,-2.525538957022775977e-01,4.369478714870591585e-01,8.137639441647728233e-01,-2.859873631770688540e-01,5.931344773172311235e-01,6.135558628946464754e-01,7.689048266202919146e-01,1.949882665248679758e-01,-6.280672104130183286e-02,7.431921620290713459e-01,4.335247429070399616e-01,8.117687539748355552e-02,7.583219293628540303e-01,-6.350939290174550944e-02,2.259673938230651880e-01,1.496310617842067647e-01,4.483711892583157610e-01,2.661893720026567989e-01,1.408890109204922469e-01,5.007225989882844175e-01,1.614369819026711950e-01,3.083998903310012363e-01,3.890072605564553476e-01,7.475895067089349810e-01,-8.254539600339760863e-02,7.366249234669315360e-01,1.124008386656717186e-02,2.626018851159289680e-01,1.658457829133420103e-01,4.722650528383897650e-01,4.556427563070640785e-01,2.965544881632217744e-01,8.414078291518055364e-02,5.510267724004482837e-01,5.564614263658971410e-02,4.239715196741318803e-01,9.020424614519775286e-01,-1.651998952660263253e-01,2.760002595247871282e-01,2.618599816900823440e-01,-1.379146212744111755e-01,7.001559196229327764e-01,3.645109967296888531e-03,-2.999678467973574958e-01,9.198925414027326886e-01,6.154480890350817468e-01,-5.555765614903277472e-01,1.791233172166728782e-01,-1.000000000000000000e+00,1.980366007459567201e-01,7.999276775728468569e-02,2.300722175435597483e-01,4.516807028770510879e-01,-7.681518673375112849e-01,-7.437255256097312361e-02,4.527604114309617955e-01,4.046804722287323797e-01,-2.829067044390264352e-01,-2.969296196239493146e-01,3.606861776627194316e-01,8.448439787048732663e-01,-5.962842207255718563e-01,-7.169427064363856905e-01,-1.174425013678461888e-01,4.073163593680734773e-01,-3.704365506489346038e-02,-4.707211968328467999e-01,-7.609417077417306441e-01,8.864441520308588007e-01,4.533373634488833681e-01,3.696670059584454271e-01,2.189148861500226917e-01,7.040475173238563977e-02,5.969917384915467418e-01,-5.124782938252128162e-01,5.104426773758273805e-01,1.830526106854931112e-01,1.000000000000000000e+00,5.056944406429714212e-01,4.321634410572112173e-01,-8.494969399351964476e-03,3.415768662757860952e-01,1.872089116891427485e-01,8.550077116128446120e-01,8.260134958016411844e-01,3.112740889054385618e-01,-2.321530178265368560e-01,7.853269786591197121e-01,5.255573644139995837e-01,-1.305743227030547182e-01,-8.814761234394734302e-02,1.972846396232147137e-01,4.580034079654360935e-01,7.165394970133172059e-01,5.684936934754325488e-01,-5.082305760539268524e-01,6.495823709222094955e-01,-3.221396518989902424e-02,-4.862318212488508928e-01,-3.012809387003018147e-01,7.312114195255664528e-01,4.373455653409032418e-01,8.740096491521784916e-01,-5.394046867845075921e-01,1.940414532668278680e-01,6.631955074100502889e-01,4.786895998092282056e-01,2.423118708282026301e-01,6.112693581824202305e-01,-3.366038877667652529e-01,-6.699764580689894500e-02,8.150071599649224563e-01,-6.577551215087266978e-02,-4.161303664496126403e-02,8.645686169454693815e-01,6.805795428040022355e-01,4.841240175504747945e-01,-2.829632322081246376e-01,5.092862557950362801e-01,4.246910753039419284e-02,-4.579077968819707523e-01,6.440616857542875717e-01,9.797239073333150472e-01,8.463529998251043684e-01,3.276113854994984753e-01,5.487490392455983690e-01,-1.709384913060019995e-01,8.992677229475722900e-01
-4.498310059709247910e-01,5.615875028864704133e-01,-3.156195594954138151e-01,-4.853302639045448119e-01,2.124814863439157195e-02,3.180765924086070284e-01,-2.017599967884702583e-01,4.886238675748890148e-01,4.591508481876644399e-01,7.441357420973949699e-01,2.208860767987662899e-01,-3.630795110484823507e-01,8.529764834876258917e-01,6.236022571906896239e-01,1.210931700553402879e-01,7.026909745404964491e-01,5.911695413465291316e-02,3.133017374970866742e-01,3.393340708608917344e-01,7.155724459538198579e-02,3.755037691397530852e-01,1.460519266118490422e-01,1.407328251605708680e-01,-3.947260969038879352e-02,4.802262267801905571e-01,2.012830045034502691e-01,8.515301953866659668e-01,-1.957490718826223886e-01,5.458193076774511265e-01,5.769492418212267548e-01,1.405421341110815736e-01,3.499828017316761880e-02,6.134641429731779727e-01,5.494766926207717006e-01,6.199400575447455708e-01,2.424653087785469119e-01,7.739072408414819915e-01,2.232591852735876237e-01,3.963965938113902521e-01,7.881907714469219561e-01,-1.948257590397995953e-01,1.849762063290957825e-01,8.617836305769874250e-02,-9.300101938887932185e-02,5.692618027636291433e-01,2.703962542210593956e-01,-1.020834389755794769e-01,6.144721049046769634e-01,7.858287504272777335e-01,-7.952713960288830819e-01,3.445686333936753276e-01,-9.381973304962736293e-01,-3.878811120594459205e-01,1.151700976633751178e-01,2.971320620859040779e-02,4.538115549013668759e-01,-5.680145387465379558e-01,1.471428924743335420e-01,8.125822948372762866e-01,-3.977282219976787520e-02,-8.710527419727087661e-02,-8.192642849925827475e-01,4.540191371376252512e-03,7.431657041141227493e-01,1.869475270932634825e-01,-3.125700755622654592e-01,-6.636060677973548705e-02,5.254898000396537316e-01,2.722116112407592381e-02,1.113381677197776004e-01,-4.743034710299947054e-01,7.265374977103756793e-01,-3.402184785740468564e-01,3.097525923331466147e-01,-5.378268057441620842e-02,4.074789137732782313e-02,2.894972620902999672e-01,-4.242838562291741389e-01,8.417552236299458146e-01,4.557957219320331044e-01,5.285585477703522717e-01,4.291484418676140833e-01,2.761287629843346969e-01,-2.170927359997953665e-01,3.123250029113531778e-01,4.939449652800995127e-01,6.609621797062443793e-01,7.250856966588139496e-01,1.000000000000000000e+00,-1.300650048825935379e-01,8.457397453951408517e-01,8.050294181303008223e-01,6.220258064322941455e-02,3.276483129091244950e-01,4.611542028948570696e-03,1.621274283507340153e-01,6.703154939183421090e-01,5.178579580284931039e-01,-2.485579423290419920e-01,5.535451963987986224e-01,4.795195115668381136e-02,-5.852623670911488718e-01,-4.531361944696262190e-01,4.876793384213511939e-01,5.452397611570577451e-01,7.677879498622224297e-01,-4.264611430767307754e-01,5.019496249387389586e-01,4.967931151936281764e-01,6.728243989937249259e-01,1.430707659638691398e-01,9.954987684634296619e-01,-2.450922918723012212e-01,-2.530618035772593810e-01,5.466114505537543744e-01,-1.007211822318669625e-01,-6.408032241604465218e-02,6.508062695517813356e-01,6.520754190183456478e-01,4.065187222346780538e-01,-1.598954357262009351e-01,7.032004624089075451e-01,-7.993794799228194636e-02,3.033993284964532633e-02,5.813066514198242940e-01,5.982268183450463184e-01,8.405292614860689904e-01,9.302662874619671562e-02,7.384573040458705107e-01,1.720290408124201254e-01,6.589038091685565091e-01
